"batch_id","run_id","line","mase_run_id","type","timestamp","agent","cell","graph","transaction_id","archive_id"
"react-baseline-vs-ccrs-v1","001-baseline","4936","run-2026-06-07T19-31-56-015Z","AGENT_MOVED","1780862376160","http://127.0.1.1:8080/agents/react_baseline_v1_01","http://127.0.1.1:8080/cells/0",,"-1","6454567"
"react-baseline-vs-ccrs-v1","001-baseline","4937","run-2026-06-07T19-31-56-015Z","TRANSACTION","1780862376161","react_baseline_v1_01",,"http://127.0.1.1:8080/cells/0","10075","6454568"
"react-baseline-vs-ccrs-v1","001-baseline","4938","run-2026-06-07T19-31-56-015Z","AGENT_MOVED","1780862380237","http://127.0.1.1:8080/agents/react_baseline_v1_01","http://127.0.1.1:8080/cells/0/2",,"-1","6454569"
"react-baseline-vs-ccrs-v1","001-baseline","4939","run-2026-06-07T19-31-56-015Z","TRANSACTION","1780862380239","react_baseline_v1_01",,"http://127.0.1.1:8080/cells/0/2","10076","6454570"
"react-baseline-vs-ccrs-v1","001-baseline","4940","run-2026-06-07T19-31-56-015Z","AGENT_MOVED","1780862384435","http://127.0.1.1:8080/agents/react_baseline_v1_01","http://127.0.1.1:8080/cells/1/2",,"-1","6454571"
"react-baseline-vs-ccrs-v1","001-baseline","4941","run-2026-06-07T19-31-56-015Z","TRANSACTION","1780862384435","react_baseline_v1_01",,"http://127.0.1.1:8080/cells/1/2","10077","6454572"
"react-baseline-vs-ccrs-v1","001-baseline","4942","run-2026-06-07T19-31-56-015Z","AGENT_MOVED","1780862388738","http://127.0.1.1:8080/agents/react_baseline_v1_01","http://127.0.1.1:8080/cells/2/2",,"-1","6454573"
"react-baseline-vs-ccrs-v1","001-baseline","4943","run-2026-06-07T19-31-56-015Z","TRANSACTION","1780862388738","react_baseline_v1_01",,"http://127.0.1.1:8080/cells/2/2","10078","6454574"
"react-baseline-vs-ccrs-v1","001-baseline","4944","run-2026-06-07T19-31-56-015Z","AGENT_MOVED","1780862392748","http://127.0.1.1:8080/agents/react_baseline_v1_01","http://127.0.1.1:8080/cells/2/3",,"-1","6454575"
"react-baseline-vs-ccrs-v1","001-baseline","4945","run-2026-06-07T19-31-56-015Z","TRANSACTION","1780862392748","react_baseline_v1_01",,"http://127.0.1.1:8080/cells/2/3","10079","6454576"
"react-baseline-vs-ccrs-v1","001-baseline","4946","run-2026-06-07T19-31-56-015Z","AGENT_MOVED","1780862396855","http://127.0.1.1:8080/agents/react_baseline_v1_01","http://127.0.1.1:8080/cells/2/4",,"-1","6454577"
"react-baseline-vs-ccrs-v1","001-baseline","4947","run-2026-06-07T19-31-56-015Z","TRANSACTION","1780862396855","react_baseline_v1_01",,"http://127.0.1.1:8080/cells/2/4","10080","6454578"
"react-baseline-vs-ccrs-v1","001-baseline","4948","run-2026-06-07T19-31-56-015Z","AGENT_MOVED","1780862401022","http://127.0.1.1:8080/agents/react_baseline_v1_01","http://127.0.1.1:8080/cells/1/4",,"-1","6454579"
"react-baseline-vs-ccrs-v1","001-baseline","4949","run-2026-06-07T19-31-56-015Z","TRANSACTION","1780862401022","react_baseline_v1_01",,"http://127.0.1.1:8080/cells/1/4","10081","6454580"
"react-baseline-vs-ccrs-v1","001-baseline","4950","run-2026-06-07T19-31-56-015Z","AGENT_MOVED","1780862404967","http://127.0.1.1:8080/agents/react_baseline_v1_01","http://127.0.1.1:8080/cells/1/5",,"-1","6454581"
"react-baseline-vs-ccrs-v1","001-baseline","4951","run-2026-06-07T19-31-56-015Z","TRANSACTION","1780862404967","react_baseline_v1_01",,"http://127.0.1.1:8080/cells/1/5","10082","6454582"
"react-baseline-vs-ccrs-v1","001-baseline","4952","run-2026-06-07T19-31-56-015Z","AGENT_MOVED","1780862409213","http://127.0.1.1:8080/agents/react_baseline_v1_01","http://127.0.1.1:8080/cells/1/6",,"-1","6454583"
"react-baseline-vs-ccrs-v1","001-baseline","4953","run-2026-06-07T19-31-56-015Z","TRANSACTION","1780862409225","react_baseline_v1_01",,"http://127.0.1.1:8080/cells/1/6","10083","6454584"
"react-baseline-vs-ccrs-v1","001-baseline","4954","run-2026-06-07T19-31-56-015Z","AGENT_MOVED","1780862413963","http://127.0.1.1:8080/agents/react_baseline_v1_01","http://127.0.1.1:8080/cells/2/6",,"-1","6454585"
"react-baseline-vs-ccrs-v1","001-baseline","4955","run-2026-06-07T19-31-56-015Z","TRANSACTION","1780862413964","react_baseline_v1_01",,"http://127.0.1.1:8080/cells/2/6","10084","6454586"
"react-baseline-vs-ccrs-v1","001-baseline","4956","run-2026-06-07T19-31-56-015Z","AGENT_MOVED","1780862418116","http://127.0.1.1:8080/agents/react_baseline_v1_01","http://127.0.1.1:8080/cells/3/6",,"-1","6454587"
"react-baseline-vs-ccrs-v1","001-baseline","4957","run-2026-06-07T19-31-56-015Z","TRANSACTION","1780862418126","react_baseline_v1_01",,"http://127.0.1.1:8080/cells/3/6","10085","6454588"
"react-baseline-vs-ccrs-v1","001-baseline","4958","run-2026-06-07T19-31-56-015Z","AGENT_MOVED","1780862422126","http://127.0.1.1:8080/agents/react_baseline_v1_01","http://127.0.1.1:8080/cells/3/7",,"-1","6454589"
"react-baseline-vs-ccrs-v1","001-baseline","4959","run-2026-06-07T19-31-56-015Z","TRANSACTION","1780862422138","react_baseline_v1_01",,"http://127.0.1.1:8080/cells/3/7","10086","6454590"
"react-baseline-vs-ccrs-v1","001-baseline","4960","run-2026-06-07T19-31-56-015Z","AGENT_MOVED","1780862427712","http://127.0.1.1:8080/agents/react_baseline_v1_01","http://127.0.1.1:8080/cells/3/8",,"-1","6454591"
"react-baseline-vs-ccrs-v1","001-baseline","4961","run-2026-06-07T19-31-56-015Z","TRANSACTION","1780862427726","react_baseline_v1_01",,"http://127.0.1.1:8080/cells/3/8","10087","6454592"
"react-baseline-vs-ccrs-v1","001-baseline","4962","run-2026-06-07T19-31-56-015Z","AGENT_MOVED","1780862432155","http://127.0.1.1:8080/agents/react_baseline_v1_01","http://127.0.1.1:8080/cells/3/9",,"-1","6454593"
"react-baseline-vs-ccrs-v1","001-baseline","4963","run-2026-06-07T19-31-56-015Z","TRANSACTION","1780862432158","react_baseline_v1_01",,"http://127.0.1.1:8080/cells/3/9","10088","6454594"
"react-baseline-vs-ccrs-v1","001-baseline","4964","run-2026-06-07T19-31-56-015Z","AGENT_MOVED","1780862441145","http://127.0.1.1:8080/agents/react_baseline_v1_01","http://127.0.1.1:8080/cells/4/9",,"-1","6454595"
"react-baseline-vs-ccrs-v1","001-baseline","4965","run-2026-06-07T19-31-56-015Z","TRANSACTION","1780862441148","react_baseline_v1_01",,"http://127.0.1.1:8080/cells/4/9","10089","6454596"
"react-baseline-vs-ccrs-v1","001-baseline","4966","run-2026-06-07T19-31-56-015Z","AGENT_MOVED","1780862445222","http://127.0.1.1:8080/agents/react_baseline_v1_01","http://127.0.1.1:8080/cells/5/9",,"-1","6454597"
"react-baseline-vs-ccrs-v1","001-baseline","4967","run-2026-06-07T19-31-56-015Z","TRANSACTION","1780862445224","react_baseline_v1_01",,"http://127.0.1.1:8080/cells/5/9","10090","6454598"
"react-baseline-vs-ccrs-v1","001-baseline","4968","run-2026-06-07T19-31-56-015Z","AGENT_MOVED","1780862449949","http://127.0.1.1:8080/agents/react_baseline_v1_01","http://127.0.1.1:8080/cells/6/9",,"-1","6454599"
"react-baseline-vs-ccrs-v1","001-baseline","4969","run-2026-06-07T19-31-56-015Z","TRANSACTION","1780862449951","react_baseline_v1_01",,"http://127.0.1.1:8080/cells/6/9","10091","6454600"
"react-baseline-vs-ccrs-v1","001-baseline","4970","run-2026-06-07T19-31-56-015Z","AGENT_MOVED","1780862454593","http://127.0.1.1:8080/agents/react_baseline_v1_01","http://127.0.1.1:8080/cells/7/9",,"-1","6454601"
"react-baseline-vs-ccrs-v1","001-baseline","4971","run-2026-06-07T19-31-56-015Z","TRANSACTION","1780862454596","react_baseline_v1_01",,"http://127.0.1.1:8080/cells/7/9","10092","6454602"
"react-baseline-vs-ccrs-v1","001-baseline","4972","run-2026-06-07T19-31-56-015Z","AGENT_MOVED","1780862459627","http://127.0.1.1:8080/agents/react_baseline_v1_01","http://127.0.1.1:8080/cells/7/10",,"-1","6454603"
"react-baseline-vs-ccrs-v1","001-baseline","4973","run-2026-06-07T19-31-56-015Z","TRANSACTION","1780862459641","react_baseline_v1_01",,"http://127.0.1.1:8080/cells/7/10","10093","6454604"
"react-baseline-vs-ccrs-v1","001-baseline","4974","run-2026-06-07T19-31-56-015Z","AGENT_MOVED","1780862463763","http://127.0.1.1:8080/agents/react_baseline_v1_01","http://127.0.1.1:8080/cells/8/10",,"-1","6454605"
"react-baseline-vs-ccrs-v1","001-baseline","4975","run-2026-06-07T19-31-56-015Z","TRANSACTION","1780862463773","react_baseline_v1_01",,"http://127.0.1.1:8080/cells/8/10","10094","6454606"
"react-baseline-vs-ccrs-v1","001-baseline","4976","run-2026-06-07T19-31-56-015Z","TRANSACTION","1780862468178","react_baseline_v1_01",,"http://127.0.1.1:8080/cells/8/10","10095","6454607"
"react-baseline-vs-ccrs-v1","001-baseline","4977","run-2026-06-07T19-31-56-015Z","AGENT_MOVED","1780862529649","http://127.0.1.1:8080/agents/react_baseline_v1_01","http://127.0.1.1:8080/cells/7/10",,"-1","6454608"
"react-baseline-vs-ccrs-v1","001-baseline","4978","run-2026-06-07T19-31-56-015Z","TRANSACTION","1780862529662","react_baseline_v1_01",,"http://127.0.1.1:8080/cells/7/10","10096","6454609"
"react-baseline-vs-ccrs-v1","001-baseline","4979","run-2026-06-07T19-31-56-015Z","AGENT_MOVED","1780862537999","http://127.0.1.1:8080/agents/react_baseline_v1_01","http://127.0.1.1:8080/cells/7/9",,"-1","6454610"
"react-baseline-vs-ccrs-v1","001-baseline","4980","run-2026-06-07T19-31-56-015Z","TRANSACTION","1780862538017","react_baseline_v1_01",,"http://127.0.1.1:8080/cells/7/9","10097","6454611"
"react-baseline-vs-ccrs-v1","001-baseline","4981","run-2026-06-07T19-31-56-015Z","AGENT_MOVED","1780862567394","http://127.0.1.1:8080/agents/react_baseline_v1_01","http://127.0.1.1:8080/cells/6/9",,"-1","6454612"
"react-baseline-vs-ccrs-v1","001-baseline","4982","run-2026-06-07T19-31-56-015Z","TRANSACTION","1780862567397","react_baseline_v1_01",,"http://127.0.1.1:8080/cells/6/9","10098","6454613"
"react-baseline-vs-ccrs-v1","001-baseline","4983","run-2026-06-07T19-31-56-015Z","AGENT_MOVED","1780862573542","http://127.0.1.1:8080/agents/react_baseline_v1_01","http://127.0.1.1:8080/cells/5/9",,"-1","6454614"
"react-baseline-vs-ccrs-v1","001-baseline","4984","run-2026-06-07T19-31-56-015Z","TRANSACTION","1780862573559","react_baseline_v1_01",,"http://127.0.1.1:8080/cells/5/9","10099","6454615"
"react-baseline-vs-ccrs-v1","001-baseline","4985","run-2026-06-07T19-31-56-015Z","AGENT_MOVED","1780862579704","http://127.0.1.1:8080/agents/react_baseline_v1_01","http://127.0.1.1:8080/cells/4/9",,"-1","6454616"
"react-baseline-vs-ccrs-v1","001-baseline","4986","run-2026-06-07T19-31-56-015Z","TRANSACTION","1780862579708","react_baseline_v1_01",,"http://127.0.1.1:8080/cells/4/9","10100","6454617"
"react-baseline-vs-ccrs-v1","001-baseline","4987","run-2026-06-07T19-31-56-015Z","AGENT_MOVED","1780862587320","http://127.0.1.1:8080/agents/react_baseline_v1_01","http://127.0.1.1:8080/cells/3/9",,"-1","6454618"
"react-baseline-vs-ccrs-v1","001-baseline","4988","run-2026-06-07T19-31-56-015Z","TRANSACTION","1780862587329","react_baseline_v1_01",,"http://127.0.1.1:8080/cells/3/9","10101","6454619"
"react-baseline-vs-ccrs-v1","001-baseline","4989","run-2026-06-07T19-31-56-015Z","AGENT_MOVED","1780862593598","http://127.0.1.1:8080/agents/react_baseline_v1_01","http://127.0.1.1:8080/cells/3/8",,"-1","6454620"
"react-baseline-vs-ccrs-v1","001-baseline","4990","run-2026-06-07T19-31-56-015Z","TRANSACTION","1780862593615","react_baseline_v1_01",,"http://127.0.1.1:8080/cells/3/8","10102","6454621"
"react-baseline-vs-ccrs-v1","001-baseline","4991","run-2026-06-07T19-31-56-015Z","AGENT_MOVED","1780862599817","http://127.0.1.1:8080/agents/react_baseline_v1_01","http://127.0.1.1:8080/cells/3/7",,"-1","6454622"
"react-baseline-vs-ccrs-v1","001-baseline","4992","run-2026-06-07T19-31-56-015Z","TRANSACTION","1780862599833","react_baseline_v1_01",,"http://127.0.1.1:8080/cells/3/7","10103","6454623"
"react-baseline-vs-ccrs-v1","001-baseline","4993","run-2026-06-07T19-31-56-015Z","AGENT_MOVED","1780862605819","http://127.0.1.1:8080/agents/react_baseline_v1_01","http://127.0.1.1:8080/cells/3/6",,"-1","6454624"
"react-baseline-vs-ccrs-v1","001-baseline","4994","run-2026-06-07T19-31-56-015Z","TRANSACTION","1780862605840","react_baseline_v1_01",,"http://127.0.1.1:8080/cells/3/6","10104","6454625"
"react-baseline-vs-ccrs-v1","001-baseline","4995","run-2026-06-07T19-31-56-015Z","AGENT_MOVED","1780862613346","http://127.0.1.1:8080/agents/react_baseline_v1_01","http://127.0.1.1:8080/cells/2/6",,"-1","6454626"
"react-baseline-vs-ccrs-v1","001-baseline","4996","run-2026-06-07T19-31-56-015Z","TRANSACTION","1780862613361","react_baseline_v1_01",,"http://127.0.1.1:8080/cells/2/6","10105","6454627"
"react-baseline-vs-ccrs-v1","001-baseline","4997","run-2026-06-07T19-31-56-015Z","AGENT_MOVED","1780862620192","http://127.0.1.1:8080/agents/react_baseline_v1_01","http://127.0.1.1:8080/cells/1/6",,"-1","6454628"
"react-baseline-vs-ccrs-v1","001-baseline","4998","run-2026-06-07T19-31-56-015Z","TRANSACTION","1780862620194","react_baseline_v1_01",,"http://127.0.1.1:8080/cells/1/6","10106","6454629"
"react-baseline-vs-ccrs-v1","001-baseline","4999","run-2026-06-07T19-31-56-015Z","AGENT_MOVED","1780862626765","http://127.0.1.1:8080/agents/react_baseline_v1_01","http://127.0.1.1:8080/cells/1/7",,"-1","6454630"
"react-baseline-vs-ccrs-v1","001-baseline","5000","run-2026-06-07T19-31-56-015Z","TRANSACTION","1780862626767","react_baseline_v1_01",,"http://127.0.1.1:8080/cells/1/7","10107","6454631"
"react-baseline-vs-ccrs-v1","001-baseline","5001","run-2026-06-07T19-31-56-015Z","TRANSACTION","1780862632918","react_baseline_v1_01",,"http://127.0.1.1:8080/cells/0/6","10108","6454632"
"react-baseline-vs-ccrs-v1","001-baseline","5002","run-2026-06-07T19-31-56-015Z","AGENT_MOVED","1780862641646","http://127.0.1.1:8080/agents/react_baseline_v1_01","http://127.0.1.1:8080/cells/1/6",,"-1","6454633"
"react-baseline-vs-ccrs-v1","001-baseline","5003","run-2026-06-07T19-31-56-015Z","TRANSACTION","1780862641648","react_baseline_v1_01",,"http://127.0.1.1:8080/cells/1/6","10109","6454634"
"react-baseline-vs-ccrs-v1","001-baseline","5004","run-2026-06-07T19-31-56-015Z","AGENT_MOVED","1780862648734","http://127.0.1.1:8080/agents/react_baseline_v1_01","http://127.0.1.1:8080/cells/1/5",,"-1","6454635"
"react-baseline-vs-ccrs-v1","001-baseline","5005","run-2026-06-07T19-31-56-015Z","TRANSACTION","1780862648745","react_baseline_v1_01",,"http://127.0.1.1:8080/cells/1/5","10110","6454636"
"react-baseline-vs-ccrs-v1","001-baseline","5006","run-2026-06-07T19-31-56-015Z","AGENT_MOVED","1780862655595","http://127.0.1.1:8080/agents/react_baseline_v1_01","http://127.0.1.1:8080/cells/1/4",,"-1","6454637"
"react-baseline-vs-ccrs-v1","001-baseline","5007","run-2026-06-07T19-31-56-015Z","TRANSACTION","1780862655598","react_baseline_v1_01",,"http://127.0.1.1:8080/cells/1/4","10111","6454638"
"react-baseline-vs-ccrs-v1","001-baseline","5008","run-2026-06-07T19-31-56-015Z","AGENT_MOVED","1780862661903","http://127.0.1.1:8080/agents/react_baseline_v1_01","http://127.0.1.1:8080/cells/2/4",,"-1","6454639"
"react-baseline-vs-ccrs-v1","001-baseline","5009","run-2026-06-07T19-31-56-015Z","TRANSACTION","1780862661906","react_baseline_v1_01",,"http://127.0.1.1:8080/cells/2/4","10112","6454640"
"react-baseline-vs-ccrs-v1","001-baseline","5010","run-2026-06-07T19-31-56-015Z","AGENT_MOVED","1780862668451","http://127.0.1.1:8080/agents/react_baseline_v1_01","http://127.0.1.1:8080/cells/2/3",,"-1","6454641"
"react-baseline-vs-ccrs-v1","001-baseline","5011","run-2026-06-07T19-31-56-015Z","TRANSACTION","1780862668454","react_baseline_v1_01",,"http://127.0.1.1:8080/cells/2/3","10113","6454642"
"react-baseline-vs-ccrs-v1","001-baseline","5012","run-2026-06-07T19-31-56-015Z","AGENT_MOVED","1780862674608","http://127.0.1.1:8080/agents/react_baseline_v1_01","http://127.0.1.1:8080/cells/2/2",,"-1","6454643"
"react-baseline-vs-ccrs-v1","001-baseline","5013","run-2026-06-07T19-31-56-015Z","TRANSACTION","1780862674623","react_baseline_v1_01",,"http://127.0.1.1:8080/cells/2/2","10114","6454644"
"react-baseline-vs-ccrs-v1","001-baseline","5014","run-2026-06-07T19-31-56-015Z","AGENT_MOVED","1780862679611","http://127.0.1.1:8080/agents/react_baseline_v1_01","http://127.0.1.1:8080/cells/3/2",,"-1","6454645"
"react-baseline-vs-ccrs-v1","001-baseline","5015","run-2026-06-07T19-31-56-015Z","TRANSACTION","1780862679613","react_baseline_v1_01",,"http://127.0.1.1:8080/cells/3/2","10115","6454646"
"react-baseline-vs-ccrs-v1","001-baseline","5016","run-2026-06-07T19-31-56-015Z","AGENT_MOVED","1780862686199","http://127.0.1.1:8080/agents/react_baseline_v1_01","http://127.0.1.1:8080/cells/4/2",,"-1","6454647"
"react-baseline-vs-ccrs-v1","001-baseline","5017","run-2026-06-07T19-31-56-015Z","TRANSACTION","1780862686209","react_baseline_v1_01",,"http://127.0.1.1:8080/cells/4/2","10116","6454648"
"react-baseline-vs-ccrs-v1","001-baseline","5018","run-2026-06-07T19-31-56-015Z","AGENT_MOVED","1780862691388","http://127.0.1.1:8080/agents/react_baseline_v1_01","http://127.0.1.1:8080/cells/5/2",,"-1","6454649"
"react-baseline-vs-ccrs-v1","001-baseline","5019","run-2026-06-07T19-31-56-015Z","TRANSACTION","1780862691394","react_baseline_v1_01",,"http://127.0.1.1:8080/cells/5/2","10117","6454650"
"react-baseline-vs-ccrs-v1","001-baseline","5020","run-2026-06-07T19-31-56-015Z","AGENT_MOVED","1780862696319","http://127.0.1.1:8080/agents/react_baseline_v1_01","http://127.0.1.1:8080/cells/6/2",,"-1","6454651"
"react-baseline-vs-ccrs-v1","001-baseline","5021","run-2026-06-07T19-31-56-015Z","TRANSACTION","1780862696341","react_baseline_v1_01",,"http://127.0.1.1:8080/cells/6/2","10118","6454652"
"react-baseline-vs-ccrs-v1","001-baseline","5022","run-2026-06-07T19-31-56-015Z","AGENT_MOVED","1780862701195","http://127.0.1.1:8080/agents/react_baseline_v1_01","http://127.0.1.1:8080/cells/7/2",,"-1","6454653"
"react-baseline-vs-ccrs-v1","001-baseline","5023","run-2026-06-07T19-31-56-015Z","TRANSACTION","1780862701200","react_baseline_v1_01",,"http://127.0.1.1:8080/cells/7/2","10119","6454654"
"react-baseline-vs-ccrs-v1","001-baseline","5024","run-2026-06-07T19-31-56-015Z","AGENT_MOVED","1780862706026","http://127.0.1.1:8080/agents/react_baseline_v1_01","http://127.0.1.1:8080/cells/7/3",,"-1","6454655"
"react-baseline-vs-ccrs-v1","001-baseline","5025","run-2026-06-07T19-31-56-015Z","TRANSACTION","1780862706027","react_baseline_v1_01",,"http://127.0.1.1:8080/cells/7/3","10120","6454656"
"react-baseline-vs-ccrs-v1","001-baseline","5026","run-2026-06-07T19-31-56-015Z","AGENT_MOVED","1780862710792","http://127.0.1.1:8080/agents/react_baseline_v1_01","http://127.0.1.1:8080/cells/7/4",,"-1","6454657"
"react-baseline-vs-ccrs-v1","001-baseline","5027","run-2026-06-07T19-31-56-015Z","TRANSACTION","1780862710806","react_baseline_v1_01",,"http://127.0.1.1:8080/cells/7/4","10121","6454658"
"react-baseline-vs-ccrs-v1","001-baseline","5028","run-2026-06-07T19-31-56-015Z","AGENT_MOVED","1780862718488","http://127.0.1.1:8080/agents/react_baseline_v1_01","http://127.0.1.1:8080/cells/8/4",,"-1","6454659"
"react-baseline-vs-ccrs-v1","001-baseline","5029","run-2026-06-07T19-31-56-015Z","TRANSACTION","1780862718490","react_baseline_v1_01",,"http://127.0.1.1:8080/cells/8/4","10122","6454660"
"react-baseline-vs-ccrs-v1","001-baseline","5030","run-2026-06-07T19-31-56-015Z","AGENT_MOVED","1780862723933","http://127.0.1.1:8080/agents/react_baseline_v1_01","http://127.0.1.1:8080/cells/8/5",,"-1","6454661"
"react-baseline-vs-ccrs-v1","001-baseline","5031","run-2026-06-07T19-31-56-015Z","TRANSACTION","1780862723936","react_baseline_v1_01",,"http://127.0.1.1:8080/cells/8/5","10123","6454662"
"react-baseline-vs-ccrs-v1","001-baseline","5032","run-2026-06-07T19-31-56-015Z","AGENT_MOVED","1780862728635","http://127.0.1.1:8080/agents/react_baseline_v1_01","http://127.0.1.1:8080/cells/8/6",,"-1","6454663"
"react-baseline-vs-ccrs-v1","001-baseline","5033","run-2026-06-07T19-31-56-015Z","TRANSACTION","1780862728641","react_baseline_v1_01",,"http://127.0.1.1:8080/cells/8/6","10124","6454664"
"react-baseline-vs-ccrs-v1","001-baseline","5034","run-2026-06-07T19-31-56-015Z","AGENT_MOVED","1780862733488","http://127.0.1.1:8080/agents/react_baseline_v1_01","http://127.0.1.1:8080/cells/9/6",,"-1","6454665"
"react-baseline-vs-ccrs-v1","001-baseline","5035","run-2026-06-07T19-31-56-015Z","TRANSACTION","1780862733491","react_baseline_v1_01",,"http://127.0.1.1:8080/cells/9/6","10125","6454666"
"react-baseline-vs-ccrs-v1","001-baseline","5036","run-2026-06-07T19-31-56-015Z","AGENT_MOVED","1780862738622","http://127.0.1.1:8080/agents/react_baseline_v1_01","http://127.0.1.1:8080/cells/10/6",,"-1","6454667"
"react-baseline-vs-ccrs-v1","001-baseline","5037","run-2026-06-07T19-31-56-015Z","TRANSACTION","1780862738632","react_baseline_v1_01",,"http://127.0.1.1:8080/cells/10/6","10126","6454668"
"react-baseline-vs-ccrs-v1","001-baseline","5038","run-2026-06-07T19-31-56-015Z","AGENT_MOVED","1780862743907","http://127.0.1.1:8080/agents/react_baseline_v1_01","http://127.0.1.1:8080/cells/11/6",,"-1","6454669"
"react-baseline-vs-ccrs-v1","001-baseline","5039","run-2026-06-07T19-31-56-015Z","TRANSACTION","1780862743922","react_baseline_v1_01",,"http://127.0.1.1:8080/cells/11/6","10127","6454670"
"react-baseline-vs-ccrs-v1","001-baseline","5040","run-2026-06-07T19-31-56-015Z","AGENT_MOVED","1780862749152","http://127.0.1.1:8080/agents/react_baseline_v1_01","http://127.0.1.1:8080/cells/11/7",,"-1","6454671"
"react-baseline-vs-ccrs-v1","001-baseline","5041","run-2026-06-07T19-31-56-015Z","TRANSACTION","1780862749155","react_baseline_v1_01",,"http://127.0.1.1:8080/cells/11/7","10128","6454672"
"react-baseline-vs-ccrs-v1","001-baseline","5042","run-2026-06-07T19-31-56-015Z","AGENT_MOVED","1780862754879","http://127.0.1.1:8080/agents/react_baseline_v1_01","http://127.0.1.1:8080/cells/11/8",,"-1","6454673"
"react-baseline-vs-ccrs-v1","001-baseline","5043","run-2026-06-07T19-31-56-015Z","TRANSACTION","1780862754889","react_baseline_v1_01",,"http://127.0.1.1:8080/cells/11/8","10129","6454674"
"react-baseline-vs-ccrs-v1","001-baseline","5044","run-2026-06-07T19-31-56-015Z","AGENT_MOVED","1780862759574","http://127.0.1.1:8080/agents/react_baseline_v1_01","http://127.0.1.1:8080/cells/11/9",,"-1","6454675"
"react-baseline-vs-ccrs-v1","001-baseline","5045","run-2026-06-07T19-31-56-015Z","TRANSACTION","1780862759595","react_baseline_v1_01",,"http://127.0.1.1:8080/cells/11/9","10130","6454676"
"react-baseline-vs-ccrs-v1","001-baseline","5046","run-2026-06-07T19-31-56-015Z","AGENT_MOVED","1780862764510","http://127.0.1.1:8080/agents/react_baseline_v1_01","http://127.0.1.1:8080/cells/12/9",,"-1","6454677"
"react-baseline-vs-ccrs-v1","001-baseline","5047","run-2026-06-07T19-31-56-015Z","TRANSACTION","1780862764512","react_baseline_v1_01",,"http://127.0.1.1:8080/cells/12/9","10131","6454678"
"react-baseline-vs-ccrs-v1","001-baseline","5048","run-2026-06-07T19-31-56-015Z","AGENT_MOVED","1780862829860","http://127.0.1.1:8080/agents/react_baseline_v1_01","http://127.0.1.1:8080/cells/11/9",,"-1","6454679"
"react-baseline-vs-ccrs-v1","001-baseline","5049","run-2026-06-07T19-31-56-015Z","TRANSACTION","1780862829876","react_baseline_v1_01",,"http://127.0.1.1:8080/cells/11/9","10132","6454680"
"react-baseline-vs-ccrs-v1","001-baseline","5050","run-2026-06-07T19-31-56-015Z","AGENT_MOVED","1780862842660","http://127.0.1.1:8080/agents/react_baseline_v1_01","http://127.0.1.1:8080/cells/11/10",,"-1","6454681"
"react-baseline-vs-ccrs-v1","001-baseline","5051","run-2026-06-07T19-31-56-015Z","TRANSACTION","1780862842665","react_baseline_v1_01",,"http://127.0.1.1:8080/cells/11/10","10133","6454682"
"react-baseline-vs-ccrs-v1","001-baseline","5052","run-2026-06-07T19-31-56-015Z","AGENT_MOVED","1780862847594","http://127.0.1.1:8080/agents/react_baseline_v1_01","http://127.0.1.1:8080/cells/11/11",,"-1","6454683"
"react-baseline-vs-ccrs-v1","001-baseline","5053","run-2026-06-07T19-31-56-015Z","TRANSACTION","1780862847596","react_baseline_v1_01",,"http://127.0.1.1:8080/cells/11/11","10134","6454684"
"react-baseline-vs-ccrs-v1","001-baseline","5054","run-2026-06-07T19-31-56-015Z","AGENT_MOVED","1780862853698","http://127.0.1.1:8080/agents/react_baseline_v1_01","http://127.0.1.1:8080/cells/10/11",,"-1","6454685"
"react-baseline-vs-ccrs-v1","001-baseline","5055","run-2026-06-07T19-31-56-015Z","TRANSACTION","1780862853700","react_baseline_v1_01",,"http://127.0.1.1:8080/cells/10/11","10135","6454686"
"react-baseline-vs-ccrs-v1","001-baseline","5056","run-2026-06-07T19-31-56-015Z","TRANSACTION","1780862867884","react_baseline_v1_01",,"http://127.0.1.1:8080/cells/12/11","10136","6454687"
"react-baseline-vs-ccrs-v1","001-baseline","5057","run-2026-06-07T19-31-56-015Z","AGENT_MOVED","1780862878075","http://127.0.1.1:8080/agents/react_baseline_v1_01","http://127.0.1.1:8080/cells/11/11",,"-1","6454688"
"react-baseline-vs-ccrs-v1","001-baseline","5058","run-2026-06-07T19-31-56-015Z","TRANSACTION","1780862878078","react_baseline_v1_01",,"http://127.0.1.1:8080/cells/11/11","10137","6454689"
"react-baseline-vs-ccrs-v1","001-baseline","5059","run-2026-06-07T19-31-56-015Z","AGENT_MOVED","1780862883296","http://127.0.1.1:8080/agents/react_baseline_v1_01","http://127.0.1.1:8080/cells/12/11",,"-1","6454690"
"react-baseline-vs-ccrs-v1","001-baseline","5060","run-2026-06-07T19-31-56-015Z","TRANSACTION","1780862883300","react_baseline_v1_01",,"http://127.0.1.1:8080/cells/12/11","10138","6454691"
"react-baseline-vs-ccrs-v1","001-baseline","5061","run-2026-06-07T19-31-56-015Z","AGENT_MOVED","1780862949482","http://127.0.1.1:8080/agents/react_baseline_v1_01","http://127.0.1.1:8080/cells/11/11",,"-1","6454692"
"react-baseline-vs-ccrs-v1","001-baseline","5062","run-2026-06-07T19-31-56-015Z","TRANSACTION","1780862949499","react_baseline_v1_01",,"http://127.0.1.1:8080/cells/11/11","10139","6454693"
"react-baseline-vs-ccrs-v1","001-baseline","5063","run-2026-06-07T19-31-56-015Z","AGENT_MOVED","1780862957724","http://127.0.1.1:8080/agents/react_baseline_v1_01","http://127.0.1.1:8080/cells/10/11",,"-1","6454694"
"react-baseline-vs-ccrs-v1","001-baseline","5064","run-2026-06-07T19-31-56-015Z","TRANSACTION","1780862957726","react_baseline_v1_01",,"http://127.0.1.1:8080/cells/10/11","10140","6454695"
"react-baseline-vs-ccrs-v1","001-baseline","5065","run-2026-06-07T19-31-56-015Z","TRANSACTION","1780862990362","react_baseline_v1_01",,"http://127.0.1.1:8080/cells/10/11","10141","6454696"
"react-baseline-vs-ccrs-v1","001-baseline","5066","run-2026-06-07T19-31-56-015Z","TRANSACTION","1780862994757","react_baseline_v1_01",,"http://127.0.1.1:8080/cells/10/11","10142","6454697"
"react-baseline-vs-ccrs-v1","001-baseline","5067","run-2026-06-07T19-31-56-015Z","TRANSACTION","1780863009360","react_baseline_v1_01",,"http://127.0.1.1:8080/cells/11/10","10143","6454698"
"react-baseline-vs-ccrs-v1","001-baseline","5068","run-2026-06-07T19-31-56-015Z","AGENT_MOVED","1780863031380","http://127.0.1.1:8080/agents/react_baseline_v1_01","http://127.0.1.1:8080/cells/11/11",,"-1","6454699"
"react-baseline-vs-ccrs-v1","001-baseline","5069","run-2026-06-07T19-31-56-015Z","TRANSACTION","1780863031382","react_baseline_v1_01",,"http://127.0.1.1:8080/cells/11/11","10144","6454700"
"react-baseline-vs-ccrs-v1","001-baseline","5070","run-2026-06-07T19-31-56-015Z","AGENT_MOVED","1780863039688","http://127.0.1.1:8080/agents/react_baseline_v1_01","http://127.0.1.1:8080/cells/12/11",,"-1","6454701"
"react-baseline-vs-ccrs-v1","001-baseline","5071","run-2026-06-07T19-31-56-015Z","TRANSACTION","1780863039689","react_baseline_v1_01",,"http://127.0.1.1:8080/cells/12/11","10145","6454702"
"react-baseline-vs-ccrs-v1","002-ccrs","4936","run-2026-06-07T19-05-57-608Z","AGENT_MOVED","1780859728006","http://127.0.1.1:8080/agents/react_ccrs_mazeV1_04","http://127.0.1.1:8080/cells/0",,"-1","6449552"
"react-baseline-vs-ccrs-v1","002-ccrs","4937","run-2026-06-07T19-05-57-608Z","TRANSACTION","1780859728008","react_ccrs_mazeV1_04",,"http://127.0.1.1:8080/cells/0","7545","6449553"
"react-baseline-vs-ccrs-v1","002-ccrs","4938","run-2026-06-07T19-05-57-608Z","AGENT_MOVED","1780859732086","http://127.0.1.1:8080/agents/react_ccrs_mazeV1_04","http://127.0.1.1:8080/cells/0/2",,"-1","6449554"
"react-baseline-vs-ccrs-v1","002-ccrs","4939","run-2026-06-07T19-05-57-608Z","TRANSACTION","1780859732088","react_ccrs_mazeV1_04",,"http://127.0.1.1:8080/cells/0/2","7546","6449555"
"react-baseline-vs-ccrs-v1","002-ccrs","4940","run-2026-06-07T19-05-57-608Z","AGENT_MOVED","1780859736003","http://127.0.1.1:8080/agents/react_ccrs_mazeV1_04","http://127.0.1.1:8080/cells/1/2",,"-1","6449556"
"react-baseline-vs-ccrs-v1","002-ccrs","4941","run-2026-06-07T19-05-57-608Z","TRANSACTION","1780859736007","react_ccrs_mazeV1_04",,"http://127.0.1.1:8080/cells/1/2","7547","6449557"
"react-baseline-vs-ccrs-v1","002-ccrs","4942","run-2026-06-07T19-05-57-608Z","AGENT_MOVED","1780859740819","http://127.0.1.1:8080/agents/react_ccrs_mazeV1_04","http://127.0.1.1:8080/cells/2/2",,"-1","6449558"
"react-baseline-vs-ccrs-v1","002-ccrs","4943","run-2026-06-07T19-05-57-608Z","TRANSACTION","1780859740820","react_ccrs_mazeV1_04",,"http://127.0.1.1:8080/cells/2/2","7548","6449559"
"react-baseline-vs-ccrs-v1","002-ccrs","4944","run-2026-06-07T19-05-57-608Z","AGENT_MOVED","1780859749011","http://127.0.1.1:8080/agents/react_ccrs_mazeV1_04","http://127.0.1.1:8080/cells/3/2",,"-1","6449560"
"react-baseline-vs-ccrs-v1","002-ccrs","4945","run-2026-06-07T19-05-57-608Z","TRANSACTION","1780859749013","react_ccrs_mazeV1_04",,"http://127.0.1.1:8080/cells/3/2","7549","6449561"
"react-baseline-vs-ccrs-v1","002-ccrs","4946","run-2026-06-07T19-05-57-608Z","AGENT_MOVED","1780859753182","http://127.0.1.1:8080/agents/react_ccrs_mazeV1_04","http://127.0.1.1:8080/cells/4/2",,"-1","6449562"
"react-baseline-vs-ccrs-v1","002-ccrs","4947","run-2026-06-07T19-05-57-608Z","TRANSACTION","1780859753184","react_ccrs_mazeV1_04",,"http://127.0.1.1:8080/cells/4/2","7550","6449563"
"react-baseline-vs-ccrs-v1","002-ccrs","4948","run-2026-06-07T19-05-57-608Z","AGENT_MOVED","1780859758370","http://127.0.1.1:8080/agents/react_ccrs_mazeV1_04","http://127.0.1.1:8080/cells/5/2",,"-1","6449564"
"react-baseline-vs-ccrs-v1","002-ccrs","4949","run-2026-06-07T19-05-57-608Z","TRANSACTION","1780859758372","react_ccrs_mazeV1_04",,"http://127.0.1.1:8080/cells/5/2","7551","6449565"
"react-baseline-vs-ccrs-v1","002-ccrs","4950","run-2026-06-07T19-05-57-608Z","AGENT_MOVED","1780859762818","http://127.0.1.1:8080/agents/react_ccrs_mazeV1_04","http://127.0.1.1:8080/cells/6/2",,"-1","6449566"
"react-baseline-vs-ccrs-v1","002-ccrs","4951","run-2026-06-07T19-05-57-608Z","TRANSACTION","1780859762820","react_ccrs_mazeV1_04",,"http://127.0.1.1:8080/cells/6/2","7552","6449567"
"react-baseline-vs-ccrs-v1","002-ccrs","4952","run-2026-06-07T19-05-57-608Z","AGENT_MOVED","1780859773180","http://127.0.1.1:8080/agents/react_ccrs_mazeV1_04","http://127.0.1.1:8080/cells/7/2",,"-1","6449568"
"react-baseline-vs-ccrs-v1","002-ccrs","4953","run-2026-06-07T19-05-57-608Z","TRANSACTION","1780859773181","react_ccrs_mazeV1_04",,"http://127.0.1.1:8080/cells/7/2","7553","6449569"
"react-baseline-vs-ccrs-v1","002-ccrs","4954","run-2026-06-07T19-05-57-608Z","AGENT_MOVED","1780859777448","http://127.0.1.1:8080/agents/react_ccrs_mazeV1_04","http://127.0.1.1:8080/cells/7/3",,"-1","6449570"
"react-baseline-vs-ccrs-v1","002-ccrs","4955","run-2026-06-07T19-05-57-608Z","TRANSACTION","1780859777450","react_ccrs_mazeV1_04",,"http://127.0.1.1:8080/cells/7/3","7554","6449571"
"react-baseline-vs-ccrs-v1","002-ccrs","4956","run-2026-06-07T19-05-57-608Z","AGENT_MOVED","1780859782647","http://127.0.1.1:8080/agents/react_ccrs_mazeV1_04","http://127.0.1.1:8080/cells/7/4",,"-1","6449572"
"react-baseline-vs-ccrs-v1","002-ccrs","4957","run-2026-06-07T19-05-57-608Z","TRANSACTION","1780859782649","react_ccrs_mazeV1_04",,"http://127.0.1.1:8080/cells/7/4","7555","6449573"
"react-baseline-vs-ccrs-v1","002-ccrs","4958","run-2026-06-07T19-05-57-608Z","AGENT_MOVED","1780859786909","http://127.0.1.1:8080/agents/react_ccrs_mazeV1_04","http://127.0.1.1:8080/cells/8/4",,"-1","6449574"
"react-baseline-vs-ccrs-v1","002-ccrs","4959","run-2026-06-07T19-05-57-608Z","TRANSACTION","1780859786916","react_ccrs_mazeV1_04",,"http://127.0.1.1:8080/cells/8/4","7556","6449575"
"react-baseline-vs-ccrs-v1","002-ccrs","4960","run-2026-06-07T19-05-57-608Z","AGENT_MOVED","1780859791306","http://127.0.1.1:8080/agents/react_ccrs_mazeV1_04","http://127.0.1.1:8080/cells/8/5",,"-1","6449576"
"react-baseline-vs-ccrs-v1","002-ccrs","4961","run-2026-06-07T19-05-57-608Z","TRANSACTION","1780859791310","react_ccrs_mazeV1_04",,"http://127.0.1.1:8080/cells/8/5","7557","6449577"
"react-baseline-vs-ccrs-v1","002-ccrs","4962","run-2026-06-07T19-05-57-608Z","AGENT_MOVED","1780859795835","http://127.0.1.1:8080/agents/react_ccrs_mazeV1_04","http://127.0.1.1:8080/cells/8/6",,"-1","6449578"
"react-baseline-vs-ccrs-v1","002-ccrs","4963","run-2026-06-07T19-05-57-608Z","TRANSACTION","1780859795838","react_ccrs_mazeV1_04",,"http://127.0.1.1:8080/cells/8/6","7558","6449579"
"react-baseline-vs-ccrs-v1","002-ccrs","4964","run-2026-06-07T19-05-57-608Z","AGENT_MOVED","1780859800140","http://127.0.1.1:8080/agents/react_ccrs_mazeV1_04","http://127.0.1.1:8080/cells/9/6",,"-1","6449580"
"react-baseline-vs-ccrs-v1","002-ccrs","4965","run-2026-06-07T19-05-57-608Z","TRANSACTION","1780859800143","react_ccrs_mazeV1_04",,"http://127.0.1.1:8080/cells/9/6","7559","6449581"
"react-baseline-vs-ccrs-v1","002-ccrs","4966","run-2026-06-07T19-05-57-608Z","AGENT_MOVED","1780859805271","http://127.0.1.1:8080/agents/react_ccrs_mazeV1_04","http://127.0.1.1:8080/cells/10/6",,"-1","6449582"
"react-baseline-vs-ccrs-v1","002-ccrs","4967","run-2026-06-07T19-05-57-608Z","TRANSACTION","1780859805277","react_ccrs_mazeV1_04",,"http://127.0.1.1:8080/cells/10/6","7560","6449583"
"react-baseline-vs-ccrs-v1","002-ccrs","4968","run-2026-06-07T19-05-57-608Z","AGENT_MOVED","1780859812533","http://127.0.1.1:8080/agents/react_ccrs_mazeV1_04","http://127.0.1.1:8080/cells/11/6",,"-1","6449584"
"react-baseline-vs-ccrs-v1","002-ccrs","4969","run-2026-06-07T19-05-57-608Z","TRANSACTION","1780859812537","react_ccrs_mazeV1_04",,"http://127.0.1.1:8080/cells/11/6","7561","6449585"
"react-baseline-vs-ccrs-v1","002-ccrs","4970","run-2026-06-07T19-05-57-608Z","AGENT_MOVED","1780859825677","http://127.0.1.1:8080/agents/react_ccrs_mazeV1_04","http://127.0.1.1:8080/cells/11/7",,"-1","6449586"
"react-baseline-vs-ccrs-v1","002-ccrs","4971","run-2026-06-07T19-05-57-608Z","TRANSACTION","1780859825678","react_ccrs_mazeV1_04",,"http://127.0.1.1:8080/cells/11/7","7562","6449587"
"react-baseline-vs-ccrs-v1","002-ccrs","4972","run-2026-06-07T19-05-57-608Z","AGENT_MOVED","1780859894625","http://127.0.1.1:8080/agents/react_ccrs_mazeV1_04","http://127.0.1.1:8080/cells/11/8",,"-1","6449588"
"react-baseline-vs-ccrs-v1","002-ccrs","4973","run-2026-06-07T19-05-57-608Z","TRANSACTION","1780859894636","react_ccrs_mazeV1_04",,"http://127.0.1.1:8080/cells/11/8","7563","6449589"
"react-baseline-vs-ccrs-v1","002-ccrs","4974","run-2026-06-07T19-05-57-608Z","AGENT_MOVED","1780859950218","http://127.0.1.1:8080/agents/react_ccrs_mazeV1_04","http://127.0.1.1:8080/cells/11/9",,"-1","6449590"
"react-baseline-vs-ccrs-v1","002-ccrs","4975","run-2026-06-07T19-05-57-608Z","TRANSACTION","1780859950226","react_ccrs_mazeV1_04",,"http://127.0.1.1:8080/cells/11/9","7564","6449591"
"react-baseline-vs-ccrs-v1","002-ccrs","4976","run-2026-06-07T19-05-57-608Z","AGENT_MOVED","1780859995380","http://127.0.1.1:8080/agents/react_ccrs_mazeV1_04","http://127.0.1.1:8080/cells/11/10",,"-1","6449592"
"react-baseline-vs-ccrs-v1","002-ccrs","4977","run-2026-06-07T19-05-57-608Z","TRANSACTION","1780859995386","react_ccrs_mazeV1_04",,"http://127.0.1.1:8080/cells/11/10","7565","6449593"
"react-baseline-vs-ccrs-v1","002-ccrs","4978","run-2026-06-07T19-05-57-608Z","AGENT_MOVED","1780860008821","http://127.0.1.1:8080/agents/react_ccrs_mazeV1_04","http://127.0.1.1:8080/cells/11/11",,"-1","6449594"
"react-baseline-vs-ccrs-v1","002-ccrs","4979","run-2026-06-07T19-05-57-608Z","TRANSACTION","1780860008843","react_ccrs_mazeV1_04",,"http://127.0.1.1:8080/cells/11/11","7566","6449595"
"react-baseline-vs-ccrs-v1","002-ccrs","4980","run-2026-06-07T19-05-57-608Z","AGENT_MOVED","1780860027191","http://127.0.1.1:8080/agents/react_ccrs_mazeV1_04","http://127.0.1.1:8080/cells/10/11",,"-1","6449596"
"react-baseline-vs-ccrs-v1","002-ccrs","4981","run-2026-06-07T19-05-57-608Z","TRANSACTION","1780860027192","react_ccrs_mazeV1_04",,"http://127.0.1.1:8080/cells/10/11","7567","6449597"
"react-baseline-vs-ccrs-v1","002-ccrs","4982","run-2026-06-07T19-05-57-608Z","TRANSACTION","1780860038797","react_ccrs_mazeV1_04",,"http://127.0.1.1:8080/cells/11/11","7568","6449598"
"react-baseline-vs-ccrs-v1","002-ccrs","4983","run-2026-06-07T19-05-57-608Z","TRANSACTION","1780860047636","react_ccrs_mazeV1_04",,"http://127.0.1.1:8080/cells/12/11","7569","6449599"
"react-baseline-vs-ccrs-v1","002-ccrs","4984","run-2026-06-07T19-05-57-608Z","AGENT_MOVED","1780860073456","http://127.0.1.1:8080/agents/react_ccrs_mazeV1_04","http://127.0.1.1:8080/cells/11/11",,"-1","6449600"
"react-baseline-vs-ccrs-v1","002-ccrs","4985","run-2026-06-07T19-05-57-608Z","TRANSACTION","1780860073458","react_ccrs_mazeV1_04",,"http://127.0.1.1:8080/cells/11/11","7570","6449601"
"react-baseline-vs-ccrs-v1","002-ccrs","4986","run-2026-06-07T19-05-57-608Z","AGENT_MOVED","1780860095097","http://127.0.1.1:8080/agents/react_ccrs_mazeV1_04","http://127.0.1.1:8080/cells/12/11",,"-1","6449602"
"react-baseline-vs-ccrs-v1","002-ccrs","4987","run-2026-06-07T19-05-57-608Z","TRANSACTION","1780860095099","react_ccrs_mazeV1_04",,"http://127.0.1.1:8080/cells/12/11","7571","6449603"
"react-baseline-vs-ccrs-v1","002-ccrs","4988","run-2026-06-07T19-05-57-608Z","AGENT_MOVED","1780860165935","http://127.0.1.1:8080/agents/react_ccrs_mazeV1_04","http://127.0.1.1:8080/cells/11/11",,"-1","6449604"
"react-baseline-vs-ccrs-v1","002-ccrs","4989","run-2026-06-07T19-05-57-608Z","TRANSACTION","1780860165937","react_ccrs_mazeV1_04",,"http://127.0.1.1:8080/cells/11/11","7572","6449605"
"react-baseline-vs-ccrs-v1","002-ccrs","4990","run-2026-06-07T19-05-57-608Z","AGENT_MOVED","1780860176635","http://127.0.1.1:8080/agents/react_ccrs_mazeV1_04","http://127.0.1.1:8080/cells/10/11",,"-1","6449606"
"react-baseline-vs-ccrs-v1","002-ccrs","4991","run-2026-06-07T19-05-57-608Z","TRANSACTION","1780860176637","react_ccrs_mazeV1_04",,"http://127.0.1.1:8080/cells/10/11","7573","6449607"
"react-baseline-vs-ccrs-v1","002-ccrs","4992","run-2026-06-07T19-05-57-608Z","TRANSACTION","1780860182130","react_ccrs_mazeV1_04",,"http://127.0.1.1:8080/cells/11/10","7574","6449608"
"react-baseline-vs-ccrs-v1","002-ccrs","4993","run-2026-06-07T19-05-57-608Z","TRANSACTION","1780860186948","react_ccrs_mazeV1_04",,"http://127.0.1.1:8080/cells/11/10","7575","6449609"
"react-baseline-vs-ccrs-v1","002-ccrs","4994","run-2026-06-07T19-05-57-608Z","AGENT_MOVED","1780860193844","http://127.0.1.1:8080/agents/react_ccrs_mazeV1_04","http://127.0.1.1:8080/cells/11/11",,"-1","6449610"
"react-baseline-vs-ccrs-v1","002-ccrs","4995","run-2026-06-07T19-05-57-608Z","TRANSACTION","1780860193846","react_ccrs_mazeV1_04",,"http://127.0.1.1:8080/cells/11/11","7576","6449611"
"react-baseline-vs-ccrs-v1","002-ccrs","4996","run-2026-06-07T19-05-57-608Z","AGENT_MOVED","1780860198823","http://127.0.1.1:8080/agents/react_ccrs_mazeV1_04","http://127.0.1.1:8080/cells/11/10",,"-1","6449612"
"react-baseline-vs-ccrs-v1","002-ccrs","4997","run-2026-06-07T19-05-57-608Z","TRANSACTION","1780860198836","react_ccrs_mazeV1_04",,"http://127.0.1.1:8080/cells/11/10","7577","6449613"
"react-baseline-vs-ccrs-v1","002-ccrs","4998","run-2026-06-07T19-05-57-608Z","AGENT_MOVED","1780860208287","http://127.0.1.1:8080/agents/react_ccrs_mazeV1_04","http://127.0.1.1:8080/cells/11/9",,"-1","6449614"
"react-baseline-vs-ccrs-v1","002-ccrs","4999","run-2026-06-07T19-05-57-608Z","TRANSACTION","1780860208289","react_ccrs_mazeV1_04",,"http://127.0.1.1:8080/cells/11/9","7578","6449615"
"react-baseline-vs-ccrs-v1","002-ccrs","5000","run-2026-06-07T19-05-57-608Z","AGENT_MOVED","1780860213199","http://127.0.1.1:8080/agents/react_ccrs_mazeV1_04","http://127.0.1.1:8080/cells/10/9",,"-1","6449616"
"react-baseline-vs-ccrs-v1","002-ccrs","5001","run-2026-06-07T19-05-57-608Z","TRANSACTION","1780860213209","react_ccrs_mazeV1_04",,"http://127.0.1.1:8080/cells/10/9","7579","6449617"
"react-baseline-vs-ccrs-v1","002-ccrs","5002","run-2026-06-07T19-05-57-608Z","AGENT_MOVED","1780860217915","http://127.0.1.1:8080/agents/react_ccrs_mazeV1_04","http://127.0.1.1:8080/cells/11/9",,"-1","6449618"
"react-baseline-vs-ccrs-v1","002-ccrs","5003","run-2026-06-07T19-05-57-608Z","TRANSACTION","1780860217916","react_ccrs_mazeV1_04",,"http://127.0.1.1:8080/cells/11/9","7580","6449619"
"react-baseline-vs-ccrs-v1","002-ccrs","5004","run-2026-06-07T19-05-57-608Z","AGENT_MOVED","1780860223073","http://127.0.1.1:8080/agents/react_ccrs_mazeV1_04","http://127.0.1.1:8080/cells/11/8",,"-1","6449620"
"react-baseline-vs-ccrs-v1","002-ccrs","5005","run-2026-06-07T19-05-57-608Z","TRANSACTION","1780860223074","react_ccrs_mazeV1_04",,"http://127.0.1.1:8080/cells/11/8","7581","6449621"
"react-baseline-vs-ccrs-v1","002-ccrs","5006","run-2026-06-07T19-05-57-608Z","AGENT_MOVED","1780860227757","http://127.0.1.1:8080/agents/react_ccrs_mazeV1_04","http://127.0.1.1:8080/cells/11/7",,"-1","6449622"
"react-baseline-vs-ccrs-v1","002-ccrs","5007","run-2026-06-07T19-05-57-608Z","TRANSACTION","1780860227759","react_ccrs_mazeV1_04",,"http://127.0.1.1:8080/cells/11/7","7582","6449623"
"react-baseline-vs-ccrs-v1","002-ccrs","5008","run-2026-06-07T19-05-57-608Z","AGENT_MOVED","1780860232553","http://127.0.1.1:8080/agents/react_ccrs_mazeV1_04","http://127.0.1.1:8080/cells/11/6",,"-1","6449624"
"react-baseline-vs-ccrs-v1","002-ccrs","5009","run-2026-06-07T19-05-57-608Z","TRANSACTION","1780860232555","react_ccrs_mazeV1_04",,"http://127.0.1.1:8080/cells/11/6","7583","6449625"
"react-baseline-vs-ccrs-v1","002-ccrs","5010","run-2026-06-07T19-05-57-608Z","AGENT_MOVED","1780860237613","http://127.0.1.1:8080/agents/react_ccrs_mazeV1_04","http://127.0.1.1:8080/cells/11/5",,"-1","6449626"
"react-baseline-vs-ccrs-v1","002-ccrs","5011","run-2026-06-07T19-05-57-608Z","TRANSACTION","1780860237614","react_ccrs_mazeV1_04",,"http://127.0.1.1:8080/cells/11/5","7584","6449627"
"react-baseline-vs-ccrs-v1","002-ccrs","5012","run-2026-06-07T19-05-57-608Z","AGENT_MOVED","1780860243886","http://127.0.1.1:8080/agents/react_ccrs_mazeV1_04","http://127.0.1.1:8080/cells/12/5",,"-1","6449628"
"react-baseline-vs-ccrs-v1","002-ccrs","5013","run-2026-06-07T19-05-57-608Z","TRANSACTION","1780860243887","react_ccrs_mazeV1_04",,"http://127.0.1.1:8080/cells/12/5","7585","6449629"
"react-baseline-vs-ccrs-v1","002-ccrs","5014","run-2026-06-07T19-05-57-608Z","TRANSACTION","1780860249817","react_ccrs_mazeV1_04",,"http://127.0.1.1:8080/cells/12/5","7586","6449630"
