"batch_id","run_id","move_sequence","move_cell","move_timestamp","move_line","start_action_line","start_action_timestamp","end_before_action_line","action_count","get_count","post_count","http_error_count","status_codes","action_lines","action_targets","match_quality"
"react-baseline-vs-ccrs-v1","001-baseline","1","http://127.0.1.1:8080/cells/0","1780862376160","4936","10","2026-06-07 21:59:36,059","18","2","1","1","0","201;200","10;14","http://127.0.1.1:8080/cells/0;http://127.0.1.1:8080/cells/0","target_timestamp_order"
"react-baseline-vs-ccrs-v1","001-baseline","2","http://127.0.1.1:8080/cells/0/2","1780862380237","4938","18","2026-06-07 21:59:40,121","26","2","1","1","0","201;200","18;22","http://127.0.1.1:8080/cells/0/2;http://127.0.1.1:8080/cells/0/2","target_timestamp_order"
"react-baseline-vs-ccrs-v1","001-baseline","3","http://127.0.1.1:8080/cells/1/2","1780862384435","4940","26","2026-06-07 21:59:44,319","34","2","1","1","0","201;200","26;30","http://127.0.1.1:8080/cells/1/2;http://127.0.1.1:8080/cells/1/2","target_timestamp_order"
"react-baseline-vs-ccrs-v1","001-baseline","4","http://127.0.1.1:8080/cells/2/2","1780862388738","4942","34","2026-06-07 21:59:48,654","42","2","1","1","0","201;200","34;38","http://127.0.1.1:8080/cells/2/2;http://127.0.1.1:8080/cells/2/2","target_timestamp_order"
"react-baseline-vs-ccrs-v1","001-baseline","5","http://127.0.1.1:8080/cells/2/3","1780862392748","4944","42","2026-06-07 21:59:52,648","50","2","1","1","0","201;200","42;46","http://127.0.1.1:8080/cells/2/3;http://127.0.1.1:8080/cells/2/3","target_timestamp_order"
"react-baseline-vs-ccrs-v1","001-baseline","6","http://127.0.1.1:8080/cells/2/4","1780862396855","4946","50","2026-06-07 21:59:56,764","58","2","1","1","0","201;200","50;54","http://127.0.1.1:8080/cells/2/4;http://127.0.1.1:8080/cells/2/4","target_timestamp_order"
"react-baseline-vs-ccrs-v1","001-baseline","7","http://127.0.1.1:8080/cells/1/4","1780862401022","4948","58","2026-06-07 22:00:00,926","66","2","1","1","0","201;200","58;62","http://127.0.1.1:8080/cells/1/4;http://127.0.1.1:8080/cells/1/4","target_timestamp_order"
"react-baseline-vs-ccrs-v1","001-baseline","8","http://127.0.1.1:8080/cells/1/5","1780862404967","4950","66","2026-06-07 22:00:04,886","74","2","1","1","0","201;200","66;70","http://127.0.1.1:8080/cells/1/5;http://127.0.1.1:8080/cells/1/5","target_timestamp_order"
"react-baseline-vs-ccrs-v1","001-baseline","9","http://127.0.1.1:8080/cells/1/6","1780862409213","4952","74","2026-06-07 22:00:09,133","82","2","1","1","0","201;200","74;78","http://127.0.1.1:8080/cells/1/6;http://127.0.1.1:8080/cells/1/6","target_timestamp_order"
"react-baseline-vs-ccrs-v1","001-baseline","10","http://127.0.1.1:8080/cells/2/6","1780862413963","4954","82","2026-06-07 22:00:13,876","90","2","1","1","0","201;200","82;86","http://127.0.1.1:8080/cells/2/6;http://127.0.1.1:8080/cells/2/6","target_timestamp_order"
"react-baseline-vs-ccrs-v1","001-baseline","11","http://127.0.1.1:8080/cells/3/6","1780862418116","4956","90","2026-06-07 22:00:18,039","98","2","1","1","0","201;200","90;94","http://127.0.1.1:8080/cells/3/6;http://127.0.1.1:8080/cells/3/6","target_timestamp_order"
"react-baseline-vs-ccrs-v1","001-baseline","12","http://127.0.1.1:8080/cells/3/7","1780862422126","4958","98","2026-06-07 22:00:22,038","106","2","1","1","0","201;200","98;102","http://127.0.1.1:8080/cells/3/7;http://127.0.1.1:8080/cells/3/7","target_timestamp_order"
"react-baseline-vs-ccrs-v1","001-baseline","13","http://127.0.1.1:8080/cells/3/8","1780862427712","4960","106","2026-06-07 22:00:27,614","114","2","1","1","0","201;200","106;110","http://127.0.1.1:8080/cells/3/8;http://127.0.1.1:8080/cells/3/8","target_timestamp_order"
"react-baseline-vs-ccrs-v1","001-baseline","14","http://127.0.1.1:8080/cells/3/9","1780862432155","4962","114","2026-06-07 22:00:32,058","122","2","1","1","0","201;200","114;118","http://127.0.1.1:8080/cells/3/9;http://127.0.1.1:8080/cells/3/9","target_timestamp_order"
"react-baseline-vs-ccrs-v1","001-baseline","15","http://127.0.1.1:8080/cells/4/9","1780862441145","4964","122","2026-06-07 22:00:41,067","130","2","1","1","0","201;200","122;126","http://127.0.1.1:8080/cells/4/9;http://127.0.1.1:8080/cells/4/9","target_timestamp_order"
"react-baseline-vs-ccrs-v1","001-baseline","16","http://127.0.1.1:8080/cells/5/9","1780862445222","4966","130","2026-06-07 22:00:45,123","138","2","1","1","0","201;200","130;134","http://127.0.1.1:8080/cells/5/9;http://127.0.1.1:8080/cells/5/9","target_timestamp_order"
"react-baseline-vs-ccrs-v1","001-baseline","17","http://127.0.1.1:8080/cells/6/9","1780862449949","4968","138","2026-06-07 22:00:49,865","146","2","1","1","0","201;200","138;142","http://127.0.1.1:8080/cells/6/9;http://127.0.1.1:8080/cells/6/9","target_timestamp_order"
"react-baseline-vs-ccrs-v1","001-baseline","18","http://127.0.1.1:8080/cells/7/9","1780862454593","4970","146","2026-06-07 22:00:54,509","154","2","1","1","0","201;200","146;150","http://127.0.1.1:8080/cells/7/9;http://127.0.1.1:8080/cells/7/9","target_timestamp_order"
"react-baseline-vs-ccrs-v1","001-baseline","19","http://127.0.1.1:8080/cells/7/10","1780862459627","4972","154","2026-06-07 22:00:59,546","162","2","1","1","0","201;200","154;158","http://127.0.1.1:8080/cells/7/10;http://127.0.1.1:8080/cells/7/10","target_timestamp_order"
"react-baseline-vs-ccrs-v1","001-baseline","20","http://127.0.1.1:8080/cells/8/10","1780862463763","4974","162","2026-06-07 22:01:03,693","282","30","28","2","4","201;200;409;403;200;200;200;200;200;200;200;200;200;200;200;200;200;200;200;200;200;200;200;200;200;200;200;403;403;200","162;166;170;174;178;182;186;190;194;198;202;206;210;214;218;222;226;230;234;238;242;246;250;254;258;262;266;270;274;278","http://127.0.1.1:8080/cells/8/10;http://127.0.1.1:8080/cells/8/10;http://127.0.1.1:8080/cells/8/10;http://127.0.1.1:8080/cells/7/10;http://127.0.1.1:8080/cells/8/10;http://127.0.1.1:8080/cells/8/10;http://127.0.1.1:8080/cells/8/10;http://127.0.1.1:8080/cells/8/10;http://127.0.1.1:8080/cells/8/10;http://127.0.1.1:8080/cells/8/10;http://127.0.1.1:8080/cells/8/10;http://127.0.1.1:8080/cells/8/10;http://127.0.1.1:8080/maze;http://127.0.1.1:8080/cells/8/10;http://127.0.1.1:8080/cells/8/10;http://127.0.1.1:8080/cells/8/10;http://127.0.1.1:8080/cells/8/10;http://127.0.1.1:8080/cells/8/10;http://127.0.1.1:8080/cells/8/10;http://127.0.1.1:8080/cells/8/10;http://127.0.1.1:8080/cells/8/10;http://127.0.1.1:8080/cells/8/10;http://127.0.1.1:8080/cells/8/10;http://127.0.1.1:8080/cells/8/10;http://127.0.1.1:8080/cells/8/10;http://127.0.1.1:8080/cells/8/10;http://127.0.1.1:8080/cells/8/10;http://127.0.1.1:8080/cells/7/11;http://127.0.1.1:8080/cells/7/10;http://127.0.1.1:8080/cells/8/10","target_timestamp_order"
"react-baseline-vs-ccrs-v1","001-baseline","21","http://127.0.1.1:8080/cells/7/10","1780862529649","4977","282","2026-06-07 22:02:09,570","298","4","3","1","1","201;200;200;403","282;286;290;294","http://127.0.1.1:8080/cells/7/10;http://127.0.1.1:8080/cells/7/10;http://127.0.1.1:8080/cells/7/10;http://127.0.1.1:8080/cells/7/9","target_timestamp_order"
"react-baseline-vs-ccrs-v1","001-baseline","22","http://127.0.1.1:8080/cells/7/9","1780862537999","4979","298","2026-06-07 22:02:17,905","346","12","11","1","7","201;200;200;403;403;403;403;200;403;403;403;200","298;302;306;310;314;318;322;326;330;334;338;342","http://127.0.1.1:8080/cells/7/9;http://127.0.1.1:8080/cells/7/9;http://127.0.1.1:8080/cells/7/9;http://127.0.1.1:8080/cells/6/9;http://127.0.1.1:8080/cells/6/9;http://127.0.1.1:8080/cells/6/9;http://127.0.1.1:8080/cells/7/8;http://127.0.1.1:8080/maze;http://127.0.1.1:8080/cells/6/9;http://127.0.1.1:8080/cells/6/9;http://127.0.1.1:8080/cells/7/8;http://127.0.1.1:8080/cells/7/9","target_timestamp_order"
"react-baseline-vs-ccrs-v1","001-baseline","23","http://127.0.1.1:8080/cells/6/9","1780862567394","4981","346","2026-06-07 22:02:47,298","358","3","2","1","1","201;200;403","346;350;354","http://127.0.1.1:8080/cells/6/9;http://127.0.1.1:8080/cells/6/9;http://127.0.1.1:8080/cells/5/9","target_timestamp_order"
"react-baseline-vs-ccrs-v1","001-baseline","24","http://127.0.1.1:8080/cells/5/9","1780862573542","4983","358","2026-06-07 22:02:53,446","370","3","2","1","1","201;200;403","358;362;366","http://127.0.1.1:8080/cells/5/9;http://127.0.1.1:8080/cells/5/9;http://127.0.1.1:8080/cells/4/9","target_timestamp_order"
"react-baseline-vs-ccrs-v1","001-baseline","25","http://127.0.1.1:8080/cells/4/9","1780862579704","4985","370","2026-06-07 22:02:59,613","382","3","2","1","1","201;200;403","370;374;378","http://127.0.1.1:8080/cells/4/9;http://127.0.1.1:8080/cells/4/9;http://127.0.1.1:8080/cells/3/9","target_timestamp_order"
"react-baseline-vs-ccrs-v1","001-baseline","26","http://127.0.1.1:8080/cells/3/9","1780862587320","4987","382","2026-06-07 22:03:07,239","394","3","2","1","1","201;200;403","382;386;390","http://127.0.1.1:8080/cells/3/9;http://127.0.1.1:8080/cells/3/9;http://127.0.1.1:8080/cells/3/8","target_timestamp_order"
"react-baseline-vs-ccrs-v1","001-baseline","27","http://127.0.1.1:8080/cells/3/8","1780862593598","4989","394","2026-06-07 22:03:13,524","406","3","2","1","1","201;200;403","394;398;402","http://127.0.1.1:8080/cells/3/8;http://127.0.1.1:8080/cells/3/8;http://127.0.1.1:8080/cells/3/7","target_timestamp_order"
"react-baseline-vs-ccrs-v1","001-baseline","28","http://127.0.1.1:8080/cells/3/7","1780862599817","4991","406","2026-06-07 22:03:19,736","418","3","2","1","1","201;200;403","406;410;414","http://127.0.1.1:8080/cells/3/7;http://127.0.1.1:8080/cells/3/7;http://127.0.1.1:8080/cells/3/6","target_timestamp_order"
"react-baseline-vs-ccrs-v1","001-baseline","29","http://127.0.1.1:8080/cells/3/6","1780862605819","4993","418","2026-06-07 22:03:25,736","430","3","2","1","1","201;200;403","418;422;426","http://127.0.1.1:8080/cells/3/6;http://127.0.1.1:8080/cells/3/6;http://127.0.1.1:8080/cells/2/6","target_timestamp_order"
"react-baseline-vs-ccrs-v1","001-baseline","30","http://127.0.1.1:8080/cells/2/6","1780862613346","4995","430","2026-06-07 22:03:33,258","442","3","2","1","1","201;200;403","430;434;438","http://127.0.1.1:8080/cells/2/6;http://127.0.1.1:8080/cells/2/6;http://127.0.1.1:8080/cells/1/6","target_timestamp_order"
"react-baseline-vs-ccrs-v1","001-baseline","31","http://127.0.1.1:8080/cells/1/6","1780862620192","4997","442","2026-06-07 22:03:40,116","454","3","2","1","1","201;200;403","442;446;450","http://127.0.1.1:8080/cells/1/6;http://127.0.1.1:8080/cells/1/6;http://127.0.1.1:8080/cells/1/7","target_timestamp_order"
"react-baseline-vs-ccrs-v1","001-baseline","32","http://127.0.1.1:8080/cells/1/7","1780862626765","4999","454","2026-06-07 22:03:46,670","482","7","5","2","4","201;200;403;404;200;403;403","454;458;462;466;470;474;478","http://127.0.1.1:8080/cells/1/7;http://127.0.1.1:8080/cells/1/7;http://127.0.1.1:8080/cells/1/6;http://127.0.1.1:8080/cells/0/6;http://127.0.1.1:8080/cells/1/7;http://127.0.1.1:8080/cells/1/6;http://127.0.1.1:8080/cells/1/6","target_timestamp_order"
"react-baseline-vs-ccrs-v1","001-baseline","33","http://127.0.1.1:8080/cells/1/6","1780862641646","5002","482","2026-06-07 22:04:01,550","494","3","2","1","1","201;200;403","482;486;490","http://127.0.1.1:8080/cells/1/6;http://127.0.1.1:8080/cells/1/6;http://127.0.1.1:8080/cells/1/5","target_timestamp_order"
"react-baseline-vs-ccrs-v1","001-baseline","34","http://127.0.1.1:8080/cells/1/5","1780862648734","5004","494","2026-06-07 22:04:08,638","506","3","2","1","1","201;200;403","494;498;502","http://127.0.1.1:8080/cells/1/5;http://127.0.1.1:8080/cells/1/5;http://127.0.1.1:8080/cells/1/4","target_timestamp_order"
"react-baseline-vs-ccrs-v1","001-baseline","35","http://127.0.1.1:8080/cells/1/4","1780862655595","5006","506","2026-06-07 22:04:15,489","518","3","2","1","1","201;200;403","506;510;514","http://127.0.1.1:8080/cells/1/4;http://127.0.1.1:8080/cells/1/4;http://127.0.1.1:8080/cells/2/4","target_timestamp_order"
"react-baseline-vs-ccrs-v1","001-baseline","36","http://127.0.1.1:8080/cells/2/4","1780862661903","5008","518","2026-06-07 22:04:21,807","530","3","2","1","1","201;200;403","518;522;526","http://127.0.1.1:8080/cells/2/4;http://127.0.1.1:8080/cells/2/4;http://127.0.1.1:8080/cells/2/3","target_timestamp_order"
"react-baseline-vs-ccrs-v1","001-baseline","37","http://127.0.1.1:8080/cells/2/3","1780862668451","5010","530","2026-06-07 22:04:28,369","542","3","2","1","1","201;200;403","530;534;538","http://127.0.1.1:8080/cells/2/3;http://127.0.1.1:8080/cells/2/3;http://127.0.1.1:8080/cells/2/2","target_timestamp_order"
"react-baseline-vs-ccrs-v1","001-baseline","38","http://127.0.1.1:8080/cells/2/2","1780862674608","5012","542","2026-06-07 22:04:34,499","550","2","1","1","0","201;200","542;546","http://127.0.1.1:8080/cells/2/2;http://127.0.1.1:8080/cells/2/2","target_timestamp_order"
"react-baseline-vs-ccrs-v1","001-baseline","39","http://127.0.1.1:8080/cells/3/2","1780862679611","5014","550","2026-06-07 22:04:39,516","562","3","2","1","1","201;200;403","550;554;558","http://127.0.1.1:8080/cells/3/2;http://127.0.1.1:8080/cells/3/2;http://127.0.1.1:8080/cells/4/2","target_timestamp_order"
"react-baseline-vs-ccrs-v1","001-baseline","40","http://127.0.1.1:8080/cells/4/2","1780862686199","5016","562","2026-06-07 22:04:46,112","570","2","1","1","0","201;200","562;566","http://127.0.1.1:8080/cells/4/2;http://127.0.1.1:8080/cells/4/2","target_timestamp_order"
"react-baseline-vs-ccrs-v1","001-baseline","41","http://127.0.1.1:8080/cells/5/2","1780862691388","5018","570","2026-06-07 22:04:51,297","578","2","1","1","0","201;200","570;574","http://127.0.1.1:8080/cells/5/2;http://127.0.1.1:8080/cells/5/2","target_timestamp_order"
"react-baseline-vs-ccrs-v1","001-baseline","42","http://127.0.1.1:8080/cells/6/2","1780862696319","5020","578","2026-06-07 22:04:56,208","586","2","1","1","0","201;200","578;582","http://127.0.1.1:8080/cells/6/2;http://127.0.1.1:8080/cells/6/2","target_timestamp_order"
"react-baseline-vs-ccrs-v1","001-baseline","43","http://127.0.1.1:8080/cells/7/2","1780862701195","5022","586","2026-06-07 22:05:01,077","594","2","1","1","0","201;200","586;590","http://127.0.1.1:8080/cells/7/2;http://127.0.1.1:8080/cells/7/2","target_timestamp_order"
"react-baseline-vs-ccrs-v1","001-baseline","44","http://127.0.1.1:8080/cells/7/3","1780862706026","5024","594","2026-06-07 22:05:05,927","602","2","1","1","0","201;200","594;598","http://127.0.1.1:8080/cells/7/3;http://127.0.1.1:8080/cells/7/3","target_timestamp_order"
"react-baseline-vs-ccrs-v1","001-baseline","45","http://127.0.1.1:8080/cells/7/4","1780862710792","5026","602","2026-06-07 22:05:10,704","614","3","2","1","1","201;200;403","602;606;610","http://127.0.1.1:8080/cells/7/4;http://127.0.1.1:8080/cells/7/4;http://127.0.1.1:8080/cells/8/4","target_timestamp_order"
"react-baseline-vs-ccrs-v1","001-baseline","46","http://127.0.1.1:8080/cells/8/4","1780862718488","5028","614","2026-06-07 22:05:18,389","622","2","1","1","0","201;200","614;618","http://127.0.1.1:8080/cells/8/4;http://127.0.1.1:8080/cells/8/4","target_timestamp_order"
"react-baseline-vs-ccrs-v1","001-baseline","47","http://127.0.1.1:8080/cells/8/5","1780862723933","5030","622","2026-06-07 22:05:23,836","630","2","1","1","0","201;200","622;626","http://127.0.1.1:8080/cells/8/5;http://127.0.1.1:8080/cells/8/5","target_timestamp_order"
"react-baseline-vs-ccrs-v1","001-baseline","48","http://127.0.1.1:8080/cells/8/6","1780862728635","5032","630","2026-06-07 22:05:28,534","638","2","1","1","0","201;200","630;634","http://127.0.1.1:8080/cells/8/6;http://127.0.1.1:8080/cells/8/6","target_timestamp_order"
"react-baseline-vs-ccrs-v1","001-baseline","49","http://127.0.1.1:8080/cells/9/6","1780862733488","5034","638","2026-06-07 22:05:33,392","646","2","1","1","0","201;200","638;642","http://127.0.1.1:8080/cells/9/6;http://127.0.1.1:8080/cells/9/6","target_timestamp_order"
"react-baseline-vs-ccrs-v1","001-baseline","50","http://127.0.1.1:8080/cells/10/6","1780862738622","5036","646","2026-06-07 22:05:38,526","654","2","1","1","0","201;200","646;650","http://127.0.1.1:8080/cells/10/6;http://127.0.1.1:8080/cells/10/6","target_timestamp_order"
"react-baseline-vs-ccrs-v1","001-baseline","51","http://127.0.1.1:8080/cells/11/6","1780862743907","5038","654","2026-06-07 22:05:43,820","662","2","1","1","0","201;200","654;658","http://127.0.1.1:8080/cells/11/6;http://127.0.1.1:8080/cells/11/6","target_timestamp_order"
"react-baseline-vs-ccrs-v1","001-baseline","52","http://127.0.1.1:8080/cells/11/7","1780862749152","5040","662","2026-06-07 22:05:49,060","670","2","1","1","0","201;200","662;666","http://127.0.1.1:8080/cells/11/7;http://127.0.1.1:8080/cells/11/7","target_timestamp_order"
"react-baseline-vs-ccrs-v1","001-baseline","53","http://127.0.1.1:8080/cells/11/8","1780862754879","5042","670","2026-06-07 22:05:54,801","678","2","1","1","0","201;200","670;674","http://127.0.1.1:8080/cells/11/8;http://127.0.1.1:8080/cells/11/8","target_timestamp_order"
"react-baseline-vs-ccrs-v1","001-baseline","54","http://127.0.1.1:8080/cells/11/9","1780862759574","5044","678","2026-06-07 22:05:59,501","686","2","1","1","0","201;200","678;682","http://127.0.1.1:8080/cells/11/9;http://127.0.1.1:8080/cells/11/9","target_timestamp_order"
"react-baseline-vs-ccrs-v1","001-baseline","55","http://127.0.1.1:8080/cells/12/9","1780862764510","5046","686","2026-06-07 22:06:04,416","806","30","29","1","3","201;200;200;200;403;200;200;200;200;200;200;200;200;403;200;200;200;200;200;200;200;200;200;200;200;200;200;403;200;200","686;690;694;698;702;706;710;714;718;722;726;730;734;738;742;746;750;754;758;762;766;770;774;778;782;786;790;794;798;802","http://127.0.1.1:8080/cells/12/9;http://127.0.1.1:8080/cells/12/9;http://127.0.1.1:8080/cells/12/9;http://127.0.1.1:8080/maze;http://127.0.1.1:8080/cells/0;http://127.0.1.1:8080/cells/12/9;http://127.0.1.1:8080/cells/12/9;http://127.0.1.1:8080/cells/12/9;http://127.0.1.1:8080/cells/12/9;http://127.0.1.1:8080/cells/12/9;http://127.0.1.1:8080/cells/12/9;http://127.0.1.1:8080/cells/12/9;http://127.0.1.1:8080/cells/12/9;http://127.0.1.1:8080/cells/11/9;http://127.0.1.1:8080/cells/12/9;http://127.0.1.1:8080/cells/12/9;http://127.0.1.1:8080/cells/12/9;http://127.0.1.1:8080/cells/12/9;http://127.0.1.1:8080/cells/12/9;http://127.0.1.1:8080/cells/12/9;http://127.0.1.1:8080/cells/12/9;http://127.0.1.1:8080/cells/12/9;http://127.0.1.1:8080/cells/12/9;http://127.0.1.1:8080/cells/12/9;http://127.0.1.1:8080/cells/12/9;http://127.0.1.1:8080/cells/12/9;http://127.0.1.1:8080/cells/12/9;http://127.0.1.1:8080/cells/11/9;http://127.0.1.1:8080/cells/12/9;http://127.0.1.1:8080/cells/12/9","target_timestamp_order"
"react-baseline-vs-ccrs-v1","001-baseline","56","http://127.0.1.1:8080/cells/11/9","1780862829860","5048","806","2026-06-07 22:07:09,760","830","6","5","1","0","201;200;200;200;200;200","806;810;814;818;822;826","http://127.0.1.1:8080/cells/11/9;http://127.0.1.1:8080/cells/11/9;http://127.0.1.1:8080/cells/11/9;http://127.0.1.1:8080/cells/11/9;http://127.0.1.1:8080/cells/11/9;http://127.0.1.1:8080/cells/11/9","target_timestamp_order"
"react-baseline-vs-ccrs-v1","001-baseline","57","http://127.0.1.1:8080/cells/11/10","1780862842660","5050","830","2026-06-07 22:07:22,581","838","2","1","1","0","201;200","830;834","http://127.0.1.1:8080/cells/11/10;http://127.0.1.1:8080/cells/11/10","target_timestamp_order"
"react-baseline-vs-ccrs-v1","001-baseline","58","http://127.0.1.1:8080/cells/11/11","1780862847594","5052","838","2026-06-07 22:07:27,507","850","3","2","1","0","201;200;200","838;842;846","http://127.0.1.1:8080/cells/11/11;http://127.0.1.1:8080/cells/11/11;http://127.0.1.1:8080/cells/11/11","target_timestamp_order"
"react-baseline-vs-ccrs-v1","001-baseline","59","http://127.0.1.1:8080/cells/10/11","1780862853698","5054","850","2026-06-07 22:07:33,604","886","9","7","2","2","201;200;200;200;403;403;200;200;200","850;854;858;862;866;870;874;878;882","http://127.0.1.1:8080/cells/10/11;http://127.0.1.1:8080/cells/10/11;http://127.0.1.1:8080/cells/10/11;http://127.0.1.1:8080/cells/10/11;http://127.0.1.1:8080/cells/12/11;http://127.0.1.1:8080/cells/11/11;http://127.0.1.1:8080/cells/10/11;http://127.0.1.1:8080/cells/10/11;http://127.0.1.1:8080/cells/10/11","target_timestamp_order"
"react-baseline-vs-ccrs-v1","001-baseline","60","http://127.0.1.1:8080/cells/11/11","1780862878075","5057","886","2026-06-07 22:07:57,994","894","2","1","1","0","201;200","886;890","http://127.0.1.1:8080/cells/11/11;http://127.0.1.1:8080/cells/11/11","target_timestamp_order"
"react-baseline-vs-ccrs-v1","001-baseline","61","http://127.0.1.1:8080/cells/12/11","1780862883296","5059","894","2026-06-07 22:08:03,215","1018","31","30","1","2","201;200;200;200;200;200;200;200;200;200;200;200;200;200;200;200;200;200;200;200;200;200;200;200;200;200;403;200;403;200;200","894;898;902;906;910;914;918;922;926;930;934;938;942;946;950;954;958;962;966;970;974;978;982;986;990;994;998;1002;1006;1010;1014","http://127.0.1.1:8080/cells/12/11;http://127.0.1.1:8080/cells/12/11;http://127.0.1.1:8080/cells/12/11;http://127.0.1.1:8080/cells/12/11;http://127.0.1.1:8080/cells/12/11;http://127.0.1.1:8080/cells/12/11;http://127.0.1.1:8080/cells/12/11;http://127.0.1.1:8080/cells/12/11;http://127.0.1.1:8080/cells/12/11;http://127.0.1.1:8080/cells/12/11;http://127.0.1.1:8080/cells/12/11;http://127.0.1.1:8080/cells/12/11;http://127.0.1.1:8080/cells/12/11;http://127.0.1.1:8080/cells/12/11;http://127.0.1.1:8080/cells/12/11;http://127.0.1.1:8080/cells/12/11;http://127.0.1.1:8080/cells/12/11;http://127.0.1.1:8080/cells/12/11;http://127.0.1.1:8080/cells/12/11;http://127.0.1.1:8080/cells/12/11;http://127.0.1.1:8080/cells/12/11;http://127.0.1.1:8080/cells/12/11;http://127.0.1.1:8080/cells/12/11;http://127.0.1.1:8080/maze;http://127.0.1.1:8080/cells/12/11;http://127.0.1.1:8080/cells/12/11;http://127.0.1.1:8080/cells/11/10;http://127.0.1.1:8080/cells/12/11;http://127.0.1.1:8080/cells/11/11;http://127.0.1.1:8080/cells/12/11;http://127.0.1.1:8080/cells/12/11","target_timestamp_order"
"react-baseline-vs-ccrs-v1","001-baseline","62","http://127.0.1.1:8080/cells/11/11","1780862949482","5061","1018","2026-06-07 22:09:09,399","1034","4","3","1","1","201;200;200;403","1018;1022;1026;1030","http://127.0.1.1:8080/cells/11/11;http://127.0.1.1:8080/cells/11/11;http://127.0.1.1:8080/cells/11/11;http://127.0.1.1:8080/cells/10/11","target_timestamp_order"
"react-baseline-vs-ccrs-v1","001-baseline","63","http://127.0.1.1:8080/cells/10/11","1780862957724","5063","1034","2026-06-07 22:09:17,635","1158","31","27","4","5","201;200;200;200;200;200;200;200;200;200;200;200;200;200;409;200;409;200;200;200;200;200;403;200;403;200;200;403;200;200;200","1034;1038;1042;1046;1050;1054;1058;1062;1066;1070;1074;1078;1082;1086;1090;1094;1098;1102;1106;1110;1114;1118;1122;1126;1130;1134;1138;1142;1146;1150;1154","http://127.0.1.1:8080/cells/10/11;http://127.0.1.1:8080/cells/10/11;http://127.0.1.1:8080/cells/10/11;http://127.0.1.1:8080/cells/10/11;http://127.0.1.1:8080/cells/10/11;http://127.0.1.1:8080/cells/10/11;http://127.0.1.1:8080/cells/10/11;http://127.0.1.1:8080/cells/10/11;http://127.0.1.1:8080/cells/10/11;http://127.0.1.1:8080/cells/10/11;http://127.0.1.1:8080/cells/10/11;http://127.0.1.1:8080/cells/10/11;http://127.0.1.1:8080/cells/10/11;http://127.0.1.1:8080/cells/10/11;http://127.0.1.1:8080/cells/10/11;http://127.0.1.1:8080/cells/10/11;http://127.0.1.1:8080/cells/10/11;http://127.0.1.1:8080/cells/10/11;http://127.0.1.1:8080/cells/10/11;http://127.0.1.1:8080/cells/10/11;http://127.0.1.1:8080/cells/10/11;http://127.0.1.1:8080/cells/10/11;http://127.0.1.1:8080/cells/11/10;http://127.0.1.1:8080/maze;http://127.0.1.1:8080/cells/11/11;http://127.0.1.1:8080/cells/10/11;http://127.0.1.1:8080/cells/10/11;http://127.0.1.1:8080/cells/11/10;http://127.0.1.1:8080/cells/10/11;http://127.0.1.1:8080/maze;http://127.0.1.1:8080/maze","target_timestamp_order"
"react-baseline-vs-ccrs-v1","001-baseline","64","http://127.0.1.1:8080/cells/11/11","1780863031380","5068","1158","2026-06-07 22:10:31,276","1174","4","3","1","0","201;200;200;200","1158;1162;1166;1170","http://127.0.1.1:8080/cells/11/11;http://127.0.1.1:8080/cells/11/11;http://127.0.1.1:8080/cells/11/11;http://127.0.1.1:8080/cells/11/11","target_timestamp_order"
"react-baseline-vs-ccrs-v1","001-baseline","65","http://127.0.1.1:8080/cells/12/11","1780863039688","5070","1174","2026-06-07 22:10:39,600","","22","21","1","0","201;200;200;200;200;200;200;200;200;200;200;200;200;200;200;200;200;200;200;200;200;200","1174;1178;1182;1186;1190;1194;1198;1202;1206;1210;1214;1218;1222;1226;1230;1234;1238;1242;1246;1250;1254;1258","http://127.0.1.1:8080/cells/12/11;http://127.0.1.1:8080/cells/12/11;http://127.0.1.1:8080/cells/12/11;http://127.0.1.1:8080/cells/12/11;http://127.0.1.1:8080/cells/12/11;http://127.0.1.1:8080/cells/12/11;http://127.0.1.1:8080/cells/12/11;http://127.0.1.1:8080/cells/12/11;http://127.0.1.1:8080/cells/12/11;http://127.0.1.1:8080/cells/12/11;http://127.0.1.1:8080/cells/12/11;http://127.0.1.1:8080/cells/12/11;http://127.0.1.1:8080/cells/12/11;http://127.0.1.1:8080/cells/12/11;http://127.0.1.1:8080/cells/12/11;http://127.0.1.1:8080/cells/12/11;http://127.0.1.1:8080/cells/12/11;http://127.0.1.1:8080/cells/12/11;http://127.0.1.1:8080/cells/12/11;http://127.0.1.1:8080/cells/12/11;http://127.0.1.1:8080/cells/12/11;http://127.0.1.1:8080/cells/12/11","target_timestamp_order"
"react-baseline-vs-ccrs-v1","002-ccrs","1","http://127.0.1.1:8080/cells/0","1780859728006","4936","28","2026-06-07 21:15:27,918","103","2","1","1","0","201;200","28;38","http://127.0.1.1:8080/cells/0;http://127.0.1.1:8080/cells/0","target_timestamp_order"
"react-baseline-vs-ccrs-v1","002-ccrs","2","http://127.0.1.1:8080/cells/0/2","1780859732086","4938","103","2026-06-07 21:15:32,004","178","2","1","1","0","201;200","103;113","http://127.0.1.1:8080/cells/0/2;http://127.0.1.1:8080/cells/0/2","target_timestamp_order"
"react-baseline-vs-ccrs-v1","002-ccrs","3","http://127.0.1.1:8080/cells/1/2","1780859736003","4940","178","2026-06-07 21:15:35,926","253","2","1","1","0","201;200","178;188","http://127.0.1.1:8080/cells/1/2;http://127.0.1.1:8080/cells/1/2","target_timestamp_order"
"react-baseline-vs-ccrs-v1","002-ccrs","4","http://127.0.1.1:8080/cells/2/2","1780859740819","4942","253","2026-06-07 21:15:40,714","328","2","1","1","0","201;200","253;263","http://127.0.1.1:8080/cells/2/2;http://127.0.1.1:8080/cells/2/2","target_timestamp_order"
"react-baseline-vs-ccrs-v1","002-ccrs","5","http://127.0.1.1:8080/cells/3/2","1780859749011","4944","328","2026-06-07 21:15:48,923","403","2","1","1","0","201;200","328;338","http://127.0.1.1:8080/cells/3/2;http://127.0.1.1:8080/cells/3/2","target_timestamp_order"
"react-baseline-vs-ccrs-v1","002-ccrs","6","http://127.0.1.1:8080/cells/4/2","1780859753182","4946","403","2026-06-07 21:15:53,093","478","2","1","1","0","201;200","403;413","http://127.0.1.1:8080/cells/4/2;http://127.0.1.1:8080/cells/4/2","target_timestamp_order"
"react-baseline-vs-ccrs-v1","002-ccrs","7","http://127.0.1.1:8080/cells/5/2","1780859758370","4948","478","2026-06-07 21:15:58,277","553","2","1","1","0","201;200","478;488","http://127.0.1.1:8080/cells/5/2;http://127.0.1.1:8080/cells/5/2","target_timestamp_order"
"react-baseline-vs-ccrs-v1","002-ccrs","8","http://127.0.1.1:8080/cells/6/2","1780859762818","4950","553","2026-06-07 21:16:02,740","628","2","1","1","0","201;200","553;563","http://127.0.1.1:8080/cells/6/2;http://127.0.1.1:8080/cells/6/2","target_timestamp_order"
"react-baseline-vs-ccrs-v1","002-ccrs","9","http://127.0.1.1:8080/cells/7/2","1780859773180","4952","628","2026-06-07 21:16:13,100","703","2","1","1","0","201;200","628;638","http://127.0.1.1:8080/cells/7/2;http://127.0.1.1:8080/cells/7/2","target_timestamp_order"
"react-baseline-vs-ccrs-v1","002-ccrs","10","http://127.0.1.1:8080/cells/7/3","1780859777448","4954","703","2026-06-07 21:16:17,364","778","2","1","1","0","201;200","703;713","http://127.0.1.1:8080/cells/7/3;http://127.0.1.1:8080/cells/7/3","target_timestamp_order"
"react-baseline-vs-ccrs-v1","002-ccrs","11","http://127.0.1.1:8080/cells/7/4","1780859782647","4956","778","2026-06-07 21:16:22,560","853","2","1","1","0","201;200","778;788","http://127.0.1.1:8080/cells/7/4;http://127.0.1.1:8080/cells/7/4","target_timestamp_order"
"react-baseline-vs-ccrs-v1","002-ccrs","12","http://127.0.1.1:8080/cells/8/4","1780859786909","4958","853","2026-06-07 21:16:26,790","928","2","1","1","0","201;200","853;863","http://127.0.1.1:8080/cells/8/4;http://127.0.1.1:8080/cells/8/4","target_timestamp_order"
"react-baseline-vs-ccrs-v1","002-ccrs","13","http://127.0.1.1:8080/cells/8/5","1780859791306","4960","928","2026-06-07 21:16:31,189","1003","2","1","1","0","201;200","928;938","http://127.0.1.1:8080/cells/8/5;http://127.0.1.1:8080/cells/8/5","target_timestamp_order"
"react-baseline-vs-ccrs-v1","002-ccrs","14","http://127.0.1.1:8080/cells/8/6","1780859795835","4962","1003","2026-06-07 21:16:35,727","1078","2","1","1","0","201;200","1003;1013","http://127.0.1.1:8080/cells/8/6;http://127.0.1.1:8080/cells/8/6","target_timestamp_order"
"react-baseline-vs-ccrs-v1","002-ccrs","15","http://127.0.1.1:8080/cells/9/6","1780859800140","4964","1078","2026-06-07 21:16:40,032","1153","2","1","1","0","201;200","1078;1088","http://127.0.1.1:8080/cells/9/6;http://127.0.1.1:8080/cells/9/6","target_timestamp_order"
"react-baseline-vs-ccrs-v1","002-ccrs","16","http://127.0.1.1:8080/cells/10/6","1780859805271","4966","1153","2026-06-07 21:16:45,182","1228","2","1","1","0","201;200","1153;1163","http://127.0.1.1:8080/cells/10/6;http://127.0.1.1:8080/cells/10/6","target_timestamp_order"
"react-baseline-vs-ccrs-v1","002-ccrs","17","http://127.0.1.1:8080/cells/11/6","1780859812533","4968","1228","2026-06-07 21:16:52,425","1449","5","4","1","1","201;200;403;200;200","1228;1238;1303;1319;1384","http://127.0.1.1:8080/cells/11/6;http://127.0.1.1:8080/cells/11/6;http://127.0.1.1:8080/cells/11/5;http://127.0.1.1:8080/cells/11/6;http://127.0.1.1:8080/cells/11/6","target_timestamp_order"
"react-baseline-vs-ccrs-v1","002-ccrs","18","http://127.0.1.1:8080/cells/11/7","1780859825677","4970","1449","2026-06-07 21:17:05,564","1795","22","21","1","6","201;200;403;200;200;200;403;200;200;200;200;403;200;403;200;200;200;200;403;200;403;200","1449;1459;1475;1491;1507;1523;1539;1555;1571;1587;1603;1619;1635;1651;1667;1683;1699;1715;1731;1747;1763;1779","http://127.0.1.1:8080/cells/11/7;http://127.0.1.1:8080/cells/11/7;http://127.0.1.1:8080/cells/11/8;http://127.0.1.1:8080/cells/11/7;http://127.0.1.1:8080/cells/11/7;http://127.0.1.1:8080/cells/11/7;http://127.0.1.1:8080/cells/11/8;http://127.0.1.1:8080/cells/11/7;http://127.0.1.1:8080/cells/11/7;http://127.0.1.1:8080/cells/11/7;http://127.0.1.1:8080/cells/11/7;http://127.0.1.1:8080/cells/11/8;http://127.0.1.1:8080/cells/11/7;http://127.0.1.1:8080/cells/11/8;http://127.0.1.1:8080/cells/11/7;http://127.0.1.1:8080/cells/11/7;http://127.0.1.1:8080/cells/11/7;http://127.0.1.1:8080/cells/11/7;http://127.0.1.1:8080/cells/11/8;http://127.0.1.1:8080/cells/11/7;http://127.0.1.1:8080/cells/11/8;http://127.0.1.1:8080/cells/11/7","target_timestamp_order"
"react-baseline-vs-ccrs-v1","002-ccrs","19","http://127.0.1.1:8080/cells/11/8","1780859894625","4972","1795","2026-06-07 21:18:14,534","2191","12","11","1","6","201;200;200;403;403;200;200;403;200;403;403;403","1795;1805;1821;1837;1853;1869;1885;1901;1917;1933;1949;1965","http://127.0.1.1:8080/cells/11/8;http://127.0.1.1:8080/cells/11/8;http://127.0.1.1:8080/cells/11/8;http://127.0.1.1:8080/cells/11/9;http://127.0.1.1:8080/cells/11/9;http://127.0.1.1:8080/maze;http://127.0.1.1:8080/maze;http://127.0.1.1:8080/cells/11/9;http://127.0.1.1:8080/cells/11/8;http://127.0.1.1:8080/cells/11/9;http://127.0.1.1:8080/cells/11/9;http://127.0.1.1:8080/cells/11/9","target_timestamp_order"
"react-baseline-vs-ccrs-v1","002-ccrs","20","http://127.0.1.1:8080/cells/11/9","1780859950218","4974","2191","2026-06-07 21:19:10,121","2505","20","19","1","1","201;200;200;200;200;200;200;200;200;200;200;200;200;200;200;200;200;200;200;403","2191;2201;2217;2233;2249;2265;2281;2297;2313;2329;2345;2361;2377;2393;2409;2425;2441;2457;2473;2489","http://127.0.1.1:8080/cells/11/9;http://127.0.1.1:8080/cells/11/9;http://127.0.1.1:8080/cells/11/9;http://127.0.1.1:8080/cells/11/9;http://127.0.1.1:8080/cells/11/9;http://127.0.1.1:8080/cells/11/9;http://127.0.1.1:8080/cells/11/9;http://127.0.1.1:8080/cells/11/9;http://127.0.1.1:8080/cells/11/9;http://127.0.1.1:8080/cells/11/9;http://127.0.1.1:8080/cells/11/9;http://127.0.1.1:8080/cells/11/9;http://127.0.1.1:8080/cells/11/9;http://127.0.1.1:8080/cells/11/9;http://127.0.1.1:8080/cells/11/9;http://127.0.1.1:8080/cells/11/9;http://127.0.1.1:8080/cells/11/9;http://127.0.1.1:8080/cells/11/9;http://127.0.1.1:8080/cells/11/9;http://127.0.1.1:8080/cells/11/10","target_timestamp_order"
"react-baseline-vs-ccrs-v1","002-ccrs","21","http://127.0.1.1:8080/cells/11/10","1780859995380","4976","2505","2026-06-07 21:19:55,289","2579","5","4","1","1","201;200;200;200;403","2505;2515;2531;2547;2563","http://127.0.1.1:8080/cells/11/10;http://127.0.1.1:8080/cells/11/10;http://127.0.1.1:8080/cells/11/10;http://127.0.1.1:8080/cells/11/10;http://127.0.1.1:8080/cells/11/11","target_timestamp_order"
"react-baseline-vs-ccrs-v1","002-ccrs","22","http://127.0.1.1:8080/cells/11/11","1780860008821","4978","2579","2026-06-07 21:20:08,724","2701","8","7","1","1","201;200;200;200;200;200;200;403","2579;2589;2605;2621;2637;2653;2669;2685","http://127.0.1.1:8080/cells/11/11;http://127.0.1.1:8080/cells/11/11;http://127.0.1.1:8080/cells/11/11;http://127.0.1.1:8080/cells/11/11;http://127.0.1.1:8080/cells/11/11;http://127.0.1.1:8080/cells/11/11;http://127.0.1.1:8080/cells/11/11;http://127.0.1.1:8080/cells/10/11","target_timestamp_order"
"react-baseline-vs-ccrs-v1","002-ccrs","23","http://127.0.1.1:8080/cells/10/11","1780860027191","4980","2701","2026-06-07 21:20:27,104","2775","5","4","1","1","201;200;200;200;403","2701;2711;2727;2743;2759","http://127.0.1.1:8080/cells/10/11;http://127.0.1.1:8080/cells/10/11;http://127.0.1.1:8080/cells/10/11;http://127.0.1.1:8080/cells/10/11;http://127.0.1.1:8080/cells/12/11","target_timestamp_order"
"react-baseline-vs-ccrs-v1","002-ccrs","24","http://127.0.1.1:8080/cells/11/11","1780860073456","4984","2775","2026-06-07 21:20:38,768","2823","3","2","1","3","409;403;403","2775;2791;2807","http://127.0.1.1:8080/cells/11/11;http://127.0.1.1:8080/cells/11/11;http://127.0.1.1:8080/cells/12/11","target_timestamp_order"
"react-baseline-vs-ccrs-v1","002-ccrs","25","http://127.0.1.1:8080/cells/12/11","1780860095097","4986","2823","2026-06-07 21:20:47,617","3217","3","2","1","2","403;200;403","2823;2977;2993","http://127.0.1.1:8080/cells/12/11;http://127.0.1.1:8080/cells/10/11;http://127.0.1.1:8080/cells/11/11","target_timestamp_order"
"react-baseline-vs-ccrs-v1","002-ccrs","26","http://127.0.1.1:8080/cells/11/11","1780860165935","4988","3217","2026-06-07 21:21:13,347","3759","35","32","3","2","201;200;403;201;200;200;200;200;200;200;200;200;200;200;200;200;200;200;200;200;200;200;200;200;200;200;200;200;200;200;200;403;201;200;200","3217;3227;3243;3259;3269;3285;3301;3317;3333;3349;3365;3381;3397;3413;3429;3445;3461;3477;3493;3509;3525;3541;3557;3573;3589;3605;3621;3637;3653;3669;3685;3701;3717;3727;3743","http://127.0.1.1:8080/cells/11/11;http://127.0.1.1:8080/cells/11/11;http://127.0.1.1:8080/cells/12/11;http://127.0.1.1:8080/cells/12/11;http://127.0.1.1:8080/cells/12/11;http://127.0.1.1:8080/cells/12/11;http://127.0.1.1:8080/maze;http://127.0.1.1:8080/cells/12/11;http://127.0.1.1:8080/cells/12/11;http://127.0.1.1:8080/cells/12/11;http://127.0.1.1:8080/cells/12/11;http://127.0.1.1:8080/cells/12/11;http://127.0.1.1:8080/cells/12/11;http://127.0.1.1:8080/cells/12/11;http://127.0.1.1:8080/cells/12/11;http://127.0.1.1:8080/cells/12/11;http://127.0.1.1:8080/cells/12/11;http://127.0.1.1:8080/cells/12/11;http://127.0.1.1:8080/cells/12/11;http://127.0.1.1:8080/cells/12/11;http://127.0.1.1:8080/cells/12/11;http://127.0.1.1:8080/cells/12/11;http://127.0.1.1:8080/cells/12/11;http://127.0.1.1:8080/cells/12/11;http://127.0.1.1:8080/cells/12/11;http://127.0.1.1:8080/cells/12/11;http://127.0.1.1:8080/cells/12/11;http://127.0.1.1:8080/cells/12/11;http://127.0.1.1:8080/cells/12/11;http://127.0.1.1:8080/cells/12/11;http://127.0.1.1:8080/cells/12/11;http://127.0.1.1:8080/cells/11/11;http://127.0.1.1:8080/cells/11/11;http://127.0.1.1:8080/cells/11/11;http://127.0.1.1:8080/cells/11/11","target_timestamp_order"
"react-baseline-vs-ccrs-v1","002-ccrs","27","http://127.0.1.1:8080/cells/10/11","1780860176635","4990","3759","2026-06-07 21:22:56,559","3865","7","4","3","3","201;200;403;200;409;403;200","3759;3769;3785;3801;3817;3833;3849","http://127.0.1.1:8080/cells/10/11;http://127.0.1.1:8080/cells/10/11;http://127.0.1.1:8080/cells/11/10;http://127.0.1.1:8080/cells/10/11;http://127.0.1.1:8080/cells/11/10;http://127.0.1.1:8080/cells/11/11;http://127.0.1.1:8080/cells/10/11","target_timestamp_order"
"react-baseline-vs-ccrs-v1","002-ccrs","28","http://127.0.1.1:8080/cells/11/11","1780860193844","4994","3865","2026-06-07 21:23:13,752","3891","2","1","1","0","201;200","3865;3875","http://127.0.1.1:8080/cells/11/11;http://127.0.1.1:8080/cells/11/11","target_timestamp_order"
"react-baseline-vs-ccrs-v1","002-ccrs","29","http://127.0.1.1:8080/cells/11/10","1780860198823","4996","3891","2026-06-07 21:23:18,730","3949","4","3","1","1","201;200;200;403","3891;3901;3917;3933","http://127.0.1.1:8080/cells/11/10;http://127.0.1.1:8080/cells/11/10;http://127.0.1.1:8080/cells/11/10;http://127.0.1.1:8080/cells/11/9","target_timestamp_order"
"react-baseline-vs-ccrs-v1","002-ccrs","30","http://127.0.1.1:8080/cells/11/9","1780860208287","4998","3949","2026-06-07 21:23:28,185","3975","2","1","1","0","201;200","3949;3959","http://127.0.1.1:8080/cells/11/9;http://127.0.1.1:8080/cells/11/9","target_timestamp_order"
"react-baseline-vs-ccrs-v1","002-ccrs","31","http://127.0.1.1:8080/cells/10/9","1780860213199","5000","3975","2026-06-07 21:23:33,107","4001","2","1","1","0","201;200","3975;3985","http://127.0.1.1:8080/cells/10/9;http://127.0.1.1:8080/cells/10/9","target_timestamp_order"
"react-baseline-vs-ccrs-v1","002-ccrs","32","http://127.0.1.1:8080/cells/11/9","1780860217915","5002","4001","2026-06-07 21:23:37,831","4027","2","1","1","0","201;200","4001;4011","http://127.0.1.1:8080/cells/11/9;http://127.0.1.1:8080/cells/11/9","target_timestamp_order"
"react-baseline-vs-ccrs-v1","002-ccrs","33","http://127.0.1.1:8080/cells/11/8","1780860223073","5004","4027","2026-06-07 21:23:42,975","4053","2","1","1","0","201;200","4027;4037","http://127.0.1.1:8080/cells/11/8;http://127.0.1.1:8080/cells/11/8","target_timestamp_order"
"react-baseline-vs-ccrs-v1","002-ccrs","34","http://127.0.1.1:8080/cells/11/7","1780860227757","5006","4053","2026-06-07 21:23:47,669","4079","2","1","1","0","201;200","4053;4063","http://127.0.1.1:8080/cells/11/7;http://127.0.1.1:8080/cells/11/7","target_timestamp_order"
"react-baseline-vs-ccrs-v1","002-ccrs","35","http://127.0.1.1:8080/cells/11/6","1780860232553","5008","4079","2026-06-07 21:23:52,456","4154","2","1","1","0","201;200","4079;4089","http://127.0.1.1:8080/cells/11/6;http://127.0.1.1:8080/cells/11/6","target_timestamp_order"
"react-baseline-vs-ccrs-v1","002-ccrs","36","http://127.0.1.1:8080/cells/11/5","1780860237613","5010","4154","2026-06-07 21:23:57,534","4229","2","1","1","0","201;200","4154;4164","http://127.0.1.1:8080/cells/11/5;http://127.0.1.1:8080/cells/11/5","target_timestamp_order"
"react-baseline-vs-ccrs-v1","002-ccrs","37","http://127.0.1.1:8080/cells/12/5","1780860243886","5012","4229","2026-06-07 21:24:03,785","","3","1","2","1","201;200;409","4229;4239;4255","http://127.0.1.1:8080/cells/12/5;http://127.0.1.1:8080/cells/12/5;http://127.0.1.1:8080/cells/12/5","target_timestamp_order"
