ï»¿"batch_id","run_id","agent_name","graph_name","file","line","timestamp","tool_call_id","action_type","target","outcome","http_status","http_ok","response_length","content_type","error","error_type","result_line","result_timestamp"
"react-ccrs-mazeV1-04-latest","001-ccrs","react_ccrs_mazeV1_04","graph_ccrs","react_ccrs_mazeV1_04_20260607_211522.log","9","2026-06-07 21:15:24,623","call_0999QMmKlfrGZJhnlUG7VaqQ","http_get","http://127.0.1.1:8080/maze","success","200","True","1014","text/turtle",,,"10","2026-06-07 21:15:24,648"
"react-ccrs-mazeV1-04-latest","001-ccrs","react_ccrs_mazeV1_04","graph_ccrs","react_ccrs_mazeV1_04_20260607_211522.log","28","2026-06-07 21:15:27,918","call_cx25dhgDoNrb8xSrg5RVI927","http_post","http://127.0.1.1:8080/cells/0","success","201","True","44","text/plain;charset=iso-8859-1",,,"29","2026-06-07 21:15:28,005"
"react-ccrs-mazeV1-04-latest","001-ccrs","react_ccrs_mazeV1_04","graph_ccrs","react_ccrs_mazeV1_04_20260607_211522.log","38","2026-06-07 21:15:29,438","call_26VMlxntv7Zy1dBA5AFloqb9","http_get","http://127.0.1.1:8080/cells/0","success","200","True","1409","text/turtle",,,"39","2026-06-07 21:15:29,457"
"react-ccrs-mazeV1-04-latest","001-ccrs","react_ccrs_mazeV1_04","graph_ccrs","react_ccrs_mazeV1_04_20260607_211522.log","103","2026-06-07 21:15:32,004","call_y2xZ0F9wuxWtn2UxFFasWPla","http_post","http://127.0.1.1:8080/cells/0/2","success","201","True","46","text/plain;charset=iso-8859-1",,,"104","2026-06-07 21:15:32,086"
"react-ccrs-mazeV1-04-latest","001-ccrs","react_ccrs_mazeV1_04","graph_ccrs","react_ccrs_mazeV1_04_20260607_211522.log","113","2026-06-07 21:15:33,619","call_LCySH8SF3Uz0jjhLZe22sZTT","http_get","http://127.0.1.1:8080/cells/0/2","success","200","True","1568","text/turtle",,,"114","2026-06-07 21:15:33,626"
"react-ccrs-mazeV1-04-latest","001-ccrs","react_ccrs_mazeV1_04","graph_ccrs","react_ccrs_mazeV1_04_20260607_211522.log","178","2026-06-07 21:15:35,926","call_D3UVPSIaGwWRwTseQM2xVMxz","http_post","http://127.0.1.1:8080/cells/1/2","success","201","True","46","text/plain;charset=iso-8859-1",,,"179","2026-06-07 21:15:36,008"
"react-ccrs-mazeV1-04-latest","001-ccrs","react_ccrs_mazeV1_04","graph_ccrs","react_ccrs_mazeV1_04_20260607_211522.log","188","2026-06-07 21:15:37,578","call_lgayqEJt5hH3mFophqdPHfpO","http_get","http://127.0.1.1:8080/cells/1/2","success","200","True","1570","text/turtle",,,"189","2026-06-07 21:15:37,583"
"react-ccrs-mazeV1-04-latest","001-ccrs","react_ccrs_mazeV1_04","graph_ccrs","react_ccrs_mazeV1_04_20260607_211522.log","253","2026-06-07 21:15:40,714","call_nkWOkzY6TZeSMlEGnOGj6txp","http_post","http://127.0.1.1:8080/cells/2/2","success","201","True","46","text/plain;charset=iso-8859-1",,,"254","2026-06-07 21:15:40,819"
"react-ccrs-mazeV1-04-latest","001-ccrs","react_ccrs_mazeV1_04","graph_ccrs","react_ccrs_mazeV1_04_20260607_211522.log","263","2026-06-07 21:15:42,270","call_phGMLWdbUxcXpmrKqA1ry95u","http_get","http://127.0.1.1:8080/cells/2/2","success","200","True","1618","text/turtle",,,"264","2026-06-07 21:15:42,275"
"react-ccrs-mazeV1-04-latest","001-ccrs","react_ccrs_mazeV1_04","graph_ccrs","react_ccrs_mazeV1_04_20260607_211522.log","328","2026-06-07 21:15:48,923","call_zHqVuUCH5Rjh1WwVF5ikkegn","http_post","http://127.0.1.1:8080/cells/3/2","success","201","True","46","text/plain;charset=iso-8859-1",,,"329","2026-06-07 21:15:49,013"
"react-ccrs-mazeV1-04-latest","001-ccrs","react_ccrs_mazeV1_04","graph_ccrs","react_ccrs_mazeV1_04_20260607_211522.log","338","2026-06-07 21:15:50,607","call_AybYzRFm9w4TcZKtceHdxGtN","http_get","http://127.0.1.1:8080/cells/3/2","success","200","True","1570","text/turtle",,,"339","2026-06-07 21:15:50,616"
"react-ccrs-mazeV1-04-latest","001-ccrs","react_ccrs_mazeV1_04","graph_ccrs","react_ccrs_mazeV1_04_20260607_211522.log","403","2026-06-07 21:15:53,093","call_1t4jpfvkJK55zWKNzIMji6Fi","http_post","http://127.0.1.1:8080/cells/4/2","success","201","True","46","text/plain;charset=iso-8859-1",,,"404","2026-06-07 21:15:53,184"
"react-ccrs-mazeV1-04-latest","001-ccrs","react_ccrs_mazeV1_04","graph_ccrs","react_ccrs_mazeV1_04_20260607_211522.log","413","2026-06-07 21:15:54,611","call_TapcEYufiOI4MoL5J2RmopFh","http_get","http://127.0.1.1:8080/cells/4/2","success","200","True","1594","text/turtle",,,"414","2026-06-07 21:15:54,617"
"react-ccrs-mazeV1-04-latest","001-ccrs","react_ccrs_mazeV1_04","graph_ccrs","react_ccrs_mazeV1_04_20260607_211522.log","478","2026-06-07 21:15:58,277","call_3Hy3kjMtHiEM8lpDREqGJiEO","http_post","http://127.0.1.1:8080/cells/5/2","success","201","True","46","text/plain;charset=iso-8859-1",,,"479","2026-06-07 21:15:58,373"
"react-ccrs-mazeV1-04-latest","001-ccrs","react_ccrs_mazeV1_04","graph_ccrs","react_ccrs_mazeV1_04_20260607_211522.log","488","2026-06-07 21:15:59,849","call_nlXXBjH8k1pNUq8yLLZcj6RR","http_get","http://127.0.1.1:8080/cells/5/2","success","200","True","1594","text/turtle",,,"489","2026-06-07 21:15:59,854"
"react-ccrs-mazeV1-04-latest","001-ccrs","react_ccrs_mazeV1_04","graph_ccrs","react_ccrs_mazeV1_04_20260607_211522.log","553","2026-06-07 21:16:02,740","call_pgC89wmnxmQ9PPzlozMyxpzb","http_post","http://127.0.1.1:8080/cells/6/2","success","201","True","46","text/plain;charset=iso-8859-1",,,"554","2026-06-07 21:16:02,817"
"react-ccrs-mazeV1-04-latest","001-ccrs","react_ccrs_mazeV1_04","graph_ccrs","react_ccrs_mazeV1_04_20260607_211522.log","563","2026-06-07 21:16:05,225","call_4xsgyZTblFxyuHl2IOkdyCUS","http_get","http://127.0.1.1:8080/cells/6/2","success","200","True","1570","text/turtle",,,"564","2026-06-07 21:16:05,243"
"react-ccrs-mazeV1-04-latest","001-ccrs","react_ccrs_mazeV1_04","graph_ccrs","react_ccrs_mazeV1_04_20260607_211522.log","628","2026-06-07 21:16:13,100","call_z3aCueBwY9WKwf1Ol0ukGBOm","http_post","http://127.0.1.1:8080/cells/7/2","success","201","True","46","text/plain;charset=iso-8859-1",,,"629","2026-06-07 21:16:13,178"
"react-ccrs-mazeV1-04-latest","001-ccrs","react_ccrs_mazeV1_04","graph_ccrs","react_ccrs_mazeV1_04_20260607_211522.log","638","2026-06-07 21:16:14,741","call_NAXNVkRU7zcdQxRn9eyWzyl2","http_get","http://127.0.1.1:8080/cells/7/2","success","200","True","1618","text/turtle",,,"639","2026-06-07 21:16:14,764"
"react-ccrs-mazeV1-04-latest","001-ccrs","react_ccrs_mazeV1_04","graph_ccrs","react_ccrs_mazeV1_04_20260607_211522.log","703","2026-06-07 21:16:17,364","call_TkhPkLkzGbUugHqmxc4fGQqt","http_post","http://127.0.1.1:8080/cells/7/3","success","201","True","46","text/plain;charset=iso-8859-1",,,"704","2026-06-07 21:16:17,449"
"react-ccrs-mazeV1-04-latest","001-ccrs","react_ccrs_mazeV1_04","graph_ccrs","react_ccrs_mazeV1_04_20260607_211522.log","713","2026-06-07 21:16:19,653","call_3QUioKl2Sg71NFCxzNyjudXc","http_get","http://127.0.1.1:8080/cells/7/3","success","200","True","1570","text/turtle",,,"714","2026-06-07 21:16:19,658"
"react-ccrs-mazeV1-04-latest","001-ccrs","react_ccrs_mazeV1_04","graph_ccrs","react_ccrs_mazeV1_04_20260607_211522.log","778","2026-06-07 21:16:22,560","call_GaujQJj56ju9YtBRkkFlJvZm","http_post","http://127.0.1.1:8080/cells/7/4","success","201","True","46","text/plain;charset=iso-8859-1",,,"779","2026-06-07 21:16:22,647"
"react-ccrs-mazeV1-04-latest","001-ccrs","react_ccrs_mazeV1_04","graph_ccrs","react_ccrs_mazeV1_04_20260607_211522.log","788","2026-06-07 21:16:24,172","call_nhJdeVIyDS21pmWvjZg7ffjO","http_get","http://127.0.1.1:8080/cells/7/4","success","200","True","1570","text/turtle",,,"789","2026-06-07 21:16:24,177"
"react-ccrs-mazeV1-04-latest","001-ccrs","react_ccrs_mazeV1_04","graph_ccrs","react_ccrs_mazeV1_04_20260607_211522.log","853","2026-06-07 21:16:26,790","call_n35Ql0iks2FJ6D9qxz1MIMcX","http_post","http://127.0.1.1:8080/cells/8/4","success","201","True","46","text/plain;charset=iso-8859-1",,,"854","2026-06-07 21:16:26,895"
"react-ccrs-mazeV1-04-latest","001-ccrs","react_ccrs_mazeV1_04","graph_ccrs","react_ccrs_mazeV1_04_20260607_211522.log","863","2026-06-07 21:16:28,437","call_Ewl64rmGQ5M3LjIIzhcQ2W44","http_get","http://127.0.1.1:8080/cells/8/4","success","200","True","1994","text/turtle",,,"864","2026-06-07 21:16:28,453"
"react-ccrs-mazeV1-04-latest","001-ccrs","react_ccrs_mazeV1_04","graph_ccrs","react_ccrs_mazeV1_04_20260607_211522.log","928","2026-06-07 21:16:31,189","call_7ZwlMPtdJaQyVZsE2Dwz9hqr","http_post","http://127.0.1.1:8080/cells/8/5","success","201","True","46","text/plain;charset=iso-8859-1",,,"929","2026-06-07 21:16:31,308"
"react-ccrs-mazeV1-04-latest","001-ccrs","react_ccrs_mazeV1_04","graph_ccrs","react_ccrs_mazeV1_04_20260607_211522.log","938","2026-06-07 21:16:32,934","call_q9IRc8M5S9hS858FghFWwESg","http_get","http://127.0.1.1:8080/cells/8/5","success","200","True","1570","text/turtle",,,"939","2026-06-07 21:16:32,938"
"react-ccrs-mazeV1-04-latest","001-ccrs","react_ccrs_mazeV1_04","graph_ccrs","react_ccrs_mazeV1_04_20260607_211522.log","1003","2026-06-07 21:16:35,727","call_XJukR6C2Wj4FLzVUv00xsekV","http_post","http://127.0.1.1:8080/cells/8/6","success","201","True","46","text/plain;charset=iso-8859-1",,,"1004","2026-06-07 21:16:35,828"
"react-ccrs-mazeV1-04-latest","001-ccrs","react_ccrs_mazeV1_04","graph_ccrs","react_ccrs_mazeV1_04_20260607_211522.log","1013","2026-06-07 21:16:37,422","call_YVwcSfX4GoVHXQIKH6s2dyMQ","http_get","http://127.0.1.1:8080/cells/8/6","success","200","True","1618","text/turtle",,,"1014","2026-06-07 21:16:37,447"
"react-ccrs-mazeV1-04-latest","001-ccrs","react_ccrs_mazeV1_04","graph_ccrs","react_ccrs_mazeV1_04_20260607_211522.log","1078","2026-06-07 21:16:40,032","call_xwWeoUTZybLtXKuLoCGs7fAM","http_post","http://127.0.1.1:8080/cells/9/6","success","201","True","46","text/plain;charset=iso-8859-1",,,"1079","2026-06-07 21:16:40,140"
"react-ccrs-mazeV1-04-latest","001-ccrs","react_ccrs_mazeV1_04","graph_ccrs","react_ccrs_mazeV1_04_20260607_211522.log","1088","2026-06-07 21:16:42,522","call_thA3CpcCE2yt1WiyqCDfyDCs","http_get","http://127.0.1.1:8080/cells/9/6","success","200","True","1572","text/turtle",,,"1089","2026-06-07 21:16:42,547"
"react-ccrs-mazeV1-04-latest","001-ccrs","react_ccrs_mazeV1_04","graph_ccrs","react_ccrs_mazeV1_04_20260607_211522.log","1153","2026-06-07 21:16:45,182","call_8VrWIwehB3qg0ZJSwdJ6CnkV","http_post","http://127.0.1.1:8080/cells/10/6","success","201","True","47","text/plain;charset=iso-8859-1",,,"1154","2026-06-07 21:16:45,266"
"react-ccrs-mazeV1-04-latest","001-ccrs","react_ccrs_mazeV1_04","graph_ccrs","react_ccrs_mazeV1_04_20260607_211522.log","1163","2026-06-07 21:16:46,896","call_hxNo3BKN3MZhv9Jd8HNowVwl","http_get","http://127.0.1.1:8080/cells/10/6","success","200","True","1577","text/turtle",,,"1164","2026-06-07 21:16:46,901"
"react-ccrs-mazeV1-04-latest","001-ccrs","react_ccrs_mazeV1_04","graph_ccrs","react_ccrs_mazeV1_04_20260607_211522.log","1228","2026-06-07 21:16:52,425","call_3zNXSBke5en50ioOAs4koKVm","http_post","http://127.0.1.1:8080/cells/11/6","success","201","True","47","text/plain;charset=iso-8859-1",,,"1229","2026-06-07 21:16:52,531"
"react-ccrs-mazeV1-04-latest","001-ccrs","react_ccrs_mazeV1_04","graph_ccrs","react_ccrs_mazeV1_04_20260607_211522.log","1238","2026-06-07 21:16:54,237","call_emroXvKwOcSRZJ7t8dlinwDn","http_get","http://127.0.1.1:8080/cells/11/6","success","200","True","1603","text/turtle",,,"1239","2026-06-07 21:16:54,264"
"react-ccrs-mazeV1-04-latest","001-ccrs","react_ccrs_mazeV1_04","graph_ccrs","react_ccrs_mazeV1_04_20260607_211522.log","1303","2026-06-07 21:16:56,421","call_txVjJWHgYnER27AIV8rrDcxh","http_get","http://127.0.1.1:8080/cells/11/5","success","403","False","476","text/turtle",,,"1304","2026-06-07 21:16:56,439"
"react-ccrs-mazeV1-04-latest","001-ccrs","react_ccrs_mazeV1_04","graph_ccrs","react_ccrs_mazeV1_04_20260607_211522.log","1319","2026-06-07 21:16:58,248","call_A1O2gXJYKCZ4ZTbo7iOdjCRR","http_get","http://127.0.1.1:8080/cells/11/6","success","200","True","1603","text/turtle",,,"1320","2026-06-07 21:16:58,267"
"react-ccrs-mazeV1-04-latest","001-ccrs","react_ccrs_mazeV1_04","graph_ccrs","react_ccrs_mazeV1_04_20260607_211522.log","1384","2026-06-07 21:17:00,175","call_m6Uurl8GukZ2Gu9MWH2nAQOU","http_get","http://127.0.1.1:8080/cells/11/6","success","200","True","1603","text/turtle",,,"1385","2026-06-07 21:17:00,181"
"react-ccrs-mazeV1-04-latest","001-ccrs","react_ccrs_mazeV1_04","graph_ccrs","react_ccrs_mazeV1_04_20260607_211522.log","1449","2026-06-07 21:17:05,564","call_hhQcArZma4XU991AOAmnfFrm","http_post","http://127.0.1.1:8080/cells/11/7","success","201","True","47","text/plain;charset=iso-8859-1",,,"1450","2026-06-07 21:17:05,673"
"react-ccrs-mazeV1-04-latest","001-ccrs","react_ccrs_mazeV1_04","graph_ccrs","react_ccrs_mazeV1_04_20260607_211522.log","1459","2026-06-07 21:17:13,254","call_MUi7OVVYDtw9DJXkCTeCVpWT","http_get","http://127.0.1.1:8080/cells/11/7","success","200","True","1237","text/turtle",,,"1460","2026-06-07 21:17:13,274"
"react-ccrs-mazeV1-04-latest","001-ccrs","react_ccrs_mazeV1_04","graph_ccrs","react_ccrs_mazeV1_04_20260607_211522.log","1475","2026-06-07 21:17:15,194","call_1AvWkFZFgEVPAdqgqUY85RqX","http_get","http://127.0.1.1:8080/cells/11/8","success","403","False","476","text/turtle",,,"1476","2026-06-07 21:17:15,215"
"react-ccrs-mazeV1-04-latest","001-ccrs","react_ccrs_mazeV1_04","graph_ccrs","react_ccrs_mazeV1_04_20260607_211522.log","1491","2026-06-07 21:17:17,299","call_fENGLk7eAiGcWcPjXz1naVe1","http_get","http://127.0.1.1:8080/cells/11/7","success","200","True","1237","text/turtle",,,"1492","2026-06-07 21:17:17,304"
"react-ccrs-mazeV1-04-latest","001-ccrs","react_ccrs_mazeV1_04","graph_ccrs","react_ccrs_mazeV1_04_20260607_211522.log","1507","2026-06-07 21:17:24,762","call_WW6dtd7Ea5aCS8uiOw9Qbg69","http_get","http://127.0.1.1:8080/cells/11/7","success","200","True","1237","text/turtle",,,"1508","2026-06-07 21:17:24,774"
"react-ccrs-mazeV1-04-latest","001-ccrs","react_ccrs_mazeV1_04","graph_ccrs","react_ccrs_mazeV1_04_20260607_211522.log","1523","2026-06-07 21:17:26,857","call_Ukovo795SN2aTzLqIW5IBwpA","http_get","http://127.0.1.1:8080/cells/11/7","success","200","True","1237","text/turtle",,,"1524","2026-06-07 21:17:26,877"
"react-ccrs-mazeV1-04-latest","001-ccrs","react_ccrs_mazeV1_04","graph_ccrs","react_ccrs_mazeV1_04_20260607_211522.log","1539","2026-06-07 21:17:29,007","call_2gPBK56zHuzPr6JYdbETuHZ4","http_get","http://127.0.1.1:8080/cells/11/8","success","403","False","476","text/turtle",,,"1540","2026-06-07 21:17:29,013"
"react-ccrs-mazeV1-04-latest","001-ccrs","react_ccrs_mazeV1_04","graph_ccrs","react_ccrs_mazeV1_04_20260607_211522.log","1555","2026-06-07 21:17:31,201","call_f5WOXyVcgsO4QtokEX7JRMVN","http_get","http://127.0.1.1:8080/cells/11/7","success","200","True","1237","text/turtle",,,"1556","2026-06-07 21:17:31,208"
"react-ccrs-mazeV1-04-latest","001-ccrs","react_ccrs_mazeV1_04","graph_ccrs","react_ccrs_mazeV1_04_20260607_211522.log","1571","2026-06-07 21:17:33,288","call_t8diHWHxcsjyjxf6NBTqdqTZ","http_get","http://127.0.1.1:8080/cells/11/7","success","200","True","1237","text/turtle",,,"1572","2026-06-07 21:17:33,294"
"react-ccrs-mazeV1-04-latest","001-ccrs","react_ccrs_mazeV1_04","graph_ccrs","react_ccrs_mazeV1_04_20260607_211522.log","1587","2026-06-07 21:17:35,385","call_kMoaB3nFD7hn42WxPuE6FqNq","http_get","http://127.0.1.1:8080/cells/11/7","success","200","True","1237","text/turtle",,,"1588","2026-06-07 21:17:35,392"
"react-ccrs-mazeV1-04-latest","001-ccrs","react_ccrs_mazeV1_04","graph_ccrs","react_ccrs_mazeV1_04_20260607_211522.log","1603","2026-06-07 21:17:37,732","call_npCHz3dXs2x5oFX84LwJEZPI","http_get","http://127.0.1.1:8080/cells/11/7","success","200","True","1237","text/turtle",,,"1604","2026-06-07 21:17:37,741"
"react-ccrs-mazeV1-04-latest","001-ccrs","react_ccrs_mazeV1_04","graph_ccrs","react_ccrs_mazeV1_04_20260607_211522.log","1619","2026-06-07 21:17:43,774","call_Vz0lA0dZ3XwAUm6mPqKfDUHw","http_get","http://127.0.1.1:8080/cells/11/8","success","403","False","476","text/turtle",,,"1620","2026-06-07 21:17:43,782"
"react-ccrs-mazeV1-04-latest","001-ccrs","react_ccrs_mazeV1_04","graph_ccrs","react_ccrs_mazeV1_04_20260607_211522.log","1635","2026-06-07 21:17:45,861","call_EEpJ2XbfwKiLwIZ2aSAxFNKj","http_get","http://127.0.1.1:8080/cells/11/7","success","200","True","1237","text/turtle",,,"1636","2026-06-07 21:17:45,867"
"react-ccrs-mazeV1-04-latest","001-ccrs","react_ccrs_mazeV1_04","graph_ccrs","react_ccrs_mazeV1_04_20260607_211522.log","1651","2026-06-07 21:17:48,215","call_pcDb5tepzIqSvtklvSNkgzmz","http_get","http://127.0.1.1:8080/cells/11/8","success","403","False","476","text/turtle",,,"1652","2026-06-07 21:17:48,222"
"react-ccrs-mazeV1-04-latest","001-ccrs","react_ccrs_mazeV1_04","graph_ccrs","react_ccrs_mazeV1_04_20260607_211522.log","1667","2026-06-07 21:17:50,554","call_vjqivagxcamP35UZwUlUn614","http_get","http://127.0.1.1:8080/cells/11/7","success","200","True","1237","text/turtle",,,"1668","2026-06-07 21:17:50,560"
"react-ccrs-mazeV1-04-latest","001-ccrs","react_ccrs_mazeV1_04","graph_ccrs","react_ccrs_mazeV1_04_20260607_211522.log","1683","2026-06-07 21:17:53,500","call_vfLa47B8uKlV2BqJErTbvvVF","http_get","http://127.0.1.1:8080/cells/11/7","success","200","True","1237","text/turtle",,,"1684","2026-06-07 21:17:53,506"
"react-ccrs-mazeV1-04-latest","001-ccrs","react_ccrs_mazeV1_04","graph_ccrs","react_ccrs_mazeV1_04_20260607_211522.log","1699","2026-06-07 21:17:59,189","call_IkUYpP1bHRLuNjorpBBvbSQV","http_get","http://127.0.1.1:8080/cells/11/7","success","200","True","1237","text/turtle",,,"1700","2026-06-07 21:17:59,195"
"react-ccrs-mazeV1-04-latest","001-ccrs","react_ccrs_mazeV1_04","graph_ccrs","react_ccrs_mazeV1_04_20260607_211522.log","1715","2026-06-07 21:18:01,484","call_yr5NEU1WeJFuZyQhsBQC5hJL","http_get","http://127.0.1.1:8080/cells/11/7","success","200","True","1237","text/turtle",,,"1716","2026-06-07 21:18:01,490"
"react-ccrs-mazeV1-04-latest","001-ccrs","react_ccrs_mazeV1_04","graph_ccrs","react_ccrs_mazeV1_04_20260607_211522.log","1731","2026-06-07 21:18:03,710","call_g5OiMsHY16lUoFooyR305WCg","http_get","http://127.0.1.1:8080/cells/11/8","success","403","False","476","text/turtle",,,"1732","2026-06-07 21:18:03,716"
"react-ccrs-mazeV1-04-latest","001-ccrs","react_ccrs_mazeV1_04","graph_ccrs","react_ccrs_mazeV1_04_20260607_211522.log","1747","2026-06-07 21:18:06,018","call_KsIRoFeqlXA6tLlmgLAEn7Va","http_get","http://127.0.1.1:8080/cells/11/7","success","200","True","1237","text/turtle",,,"1748","2026-06-07 21:18:06,024"
"react-ccrs-mazeV1-04-latest","001-ccrs","react_ccrs_mazeV1_04","graph_ccrs","react_ccrs_mazeV1_04_20260607_211522.log","1763","2026-06-07 21:18:08,502","call_qB6ZmbGezCBgfWNHNeHYEcjn","http_get","http://127.0.1.1:8080/cells/11/8","success","403","False","476","text/turtle",,,"1764","2026-06-07 21:18:08,509"
"react-ccrs-mazeV1-04-latest","001-ccrs","react_ccrs_mazeV1_04","graph_ccrs","react_ccrs_mazeV1_04_20260607_211522.log","1779","2026-06-07 21:18:11,502","call_IlVrEEgH280WaPrJQpQ949gS","http_get","http://127.0.1.1:8080/cells/11/7","success","200","True","1237","text/turtle",,,"1780","2026-06-07 21:18:11,519"
"react-ccrs-mazeV1-04-latest","001-ccrs","react_ccrs_mazeV1_04","graph_ccrs","react_ccrs_mazeV1_04_20260607_211522.log","1795","2026-06-07 21:18:14,534","call_FR7huzzHq01Dtjba9RqeG6kr","http_post","http://127.0.1.1:8080/cells/11/8","success","201","True","47","text/plain;charset=iso-8859-1",,,"1796","2026-06-07 21:18:14,612"
"react-ccrs-mazeV1-04-latest","001-ccrs","react_ccrs_mazeV1_04","graph_ccrs","react_ccrs_mazeV1_04_20260607_211522.log","1805","2026-06-07 21:18:16,475","call_s3hk8yuCVYHLSPDNYnRpYhae","http_get","http://127.0.1.1:8080/cells/11/8","success","200","True","1237","text/turtle",,,"1806","2026-06-07 21:18:16,481"
"react-ccrs-mazeV1-04-latest","001-ccrs","react_ccrs_mazeV1_04","graph_ccrs","react_ccrs_mazeV1_04_20260607_211522.log","1821","2026-06-07 21:18:18,454","call_QT6nYcCi4MO3wi1ZMFmXBXes","http_get","http://127.0.1.1:8080/cells/11/8","success","200","True","1237","text/turtle",,,"1822","2026-06-07 21:18:18,460"
"react-ccrs-mazeV1-04-latest","001-ccrs","react_ccrs_mazeV1_04","graph_ccrs","react_ccrs_mazeV1_04_20260607_211522.log","1837","2026-06-07 21:18:24,299","call_IkA5vLFkRsEPDATIjNkWxG6o","http_get","http://127.0.1.1:8080/cells/11/9","success","403","False","476","text/turtle",,,"1838","2026-06-07 21:18:24,331"
"react-ccrs-mazeV1-04-latest","001-ccrs","react_ccrs_mazeV1_04","graph_ccrs","react_ccrs_mazeV1_04_20260607_211522.log","1853","2026-06-07 21:18:27,975","call_R4O2S8eTHvqmDpIYOMI1xR7N","http_get","http://127.0.1.1:8080/cells/11/9","success","403","False","476","text/turtle",,,"1854","2026-06-07 21:18:27,983"
"react-ccrs-mazeV1-04-latest","001-ccrs","react_ccrs_mazeV1_04","graph_ccrs","react_ccrs_mazeV1_04_20260607_211522.log","1869","2026-06-07 21:18:30,533","call_GU0Uz1Ybr9wTBVbwlRHIVI0J","http_get","http://127.0.1.1:8080/maze","success","200","True","1014","text/turtle",,,"1870","2026-06-07 21:18:30,539"
"react-ccrs-mazeV1-04-latest","001-ccrs","react_ccrs_mazeV1_04","graph_ccrs","react_ccrs_mazeV1_04_20260607_211522.log","1885","2026-06-07 21:18:32,952","call_BMADFCNLQnsrepnMO1qACKBQ","http_get","http://127.0.1.1:8080/maze","success","200","True","1014","text/turtle",,,"1886","2026-06-07 21:18:32,958"
"react-ccrs-mazeV1-04-latest","001-ccrs","react_ccrs_mazeV1_04","graph_ccrs","react_ccrs_mazeV1_04_20260607_211522.log","1901","2026-06-07 21:18:36,397","call_hsDAm3empqK0CKcZGpoFPKbu","http_get","http://127.0.1.1:8080/cells/11/9","success","403","False","476","text/turtle",,,"1902","2026-06-07 21:18:36,405"
"react-ccrs-mazeV1-04-latest","001-ccrs","react_ccrs_mazeV1_04","graph_ccrs","react_ccrs_mazeV1_04_20260607_211522.log","1917","2026-06-07 21:18:38,769","call_WhO286IHbVqwuhR3bqo6UQyd","http_get","http://127.0.1.1:8080/cells/11/8","success","200","True","1237","text/turtle",,,"1918","2026-06-07 21:18:38,775"
"react-ccrs-mazeV1-04-latest","001-ccrs","react_ccrs_mazeV1_04","graph_ccrs","react_ccrs_mazeV1_04_20260607_211522.log","1933","2026-06-07 21:18:41,018","call_K61hCMJ94QoaIwErRxmLAGC5","http_get","http://127.0.1.1:8080/cells/11/9","success","403","False","476","text/turtle",,,"1934","2026-06-07 21:18:41,024"
"react-ccrs-mazeV1-04-latest","001-ccrs","react_ccrs_mazeV1_04","graph_ccrs","react_ccrs_mazeV1_04_20260607_211522.log","1949","2026-06-07 21:18:43,737","call_YORde4d5VhpcFjVUlUFoiAdW","http_get","http://127.0.1.1:8080/cells/11/9","success","403","False","476","text/turtle",,,"1950","2026-06-07 21:18:43,743"
"react-ccrs-mazeV1-04-latest","001-ccrs","react_ccrs_mazeV1_04","graph_ccrs","react_ccrs_mazeV1_04_20260607_211522.log","1965","2026-06-07 21:18:45,909","call_JeiWU892mjvCMEvkyIqdxoEy","http_get","http://127.0.1.1:8080/cells/11/9","success","403","False","476","text/turtle",,,"1966","2026-06-07 21:18:45,915"
"react-ccrs-mazeV1-04-latest","001-ccrs","react_ccrs_mazeV1_04","graph_ccrs","react_ccrs_mazeV1_04_20260607_211522.log","2191","2026-06-07 21:19:10,121","call_51o9JgaH7CDlqwZDItASNpnd","http_post","http://127.0.1.1:8080/cells/11/9","success","201","True","47","text/plain;charset=iso-8859-1",,,"2192","2026-06-07 21:19:10,214"
"react-ccrs-mazeV1-04-latest","001-ccrs","react_ccrs_mazeV1_04","graph_ccrs","react_ccrs_mazeV1_04_20260607_211522.log","2201","2026-06-07 21:19:12,194","call_ew0uLMNjlMjPEgpSTLOdWbP3","http_get","http://127.0.1.1:8080/cells/11/9","success","200","True","1288","text/turtle",,,"2202","2026-06-07 21:19:12,213"
"react-ccrs-mazeV1-04-latest","001-ccrs","react_ccrs_mazeV1_04","graph_ccrs","react_ccrs_mazeV1_04_20260607_211522.log","2217","2026-06-07 21:19:13,979","call_YmpEalPjKLYFXuKC62dwkX2Y","http_get","http://127.0.1.1:8080/cells/11/9","success","200","True","1288","text/turtle",,,"2218","2026-06-07 21:19:14,000"
"react-ccrs-mazeV1-04-latest","001-ccrs","react_ccrs_mazeV1_04","graph_ccrs","react_ccrs_mazeV1_04_20260607_211522.log","2233","2026-06-07 21:19:16,018","call_11sOhdEohNFdqdZtqCZ7admH","http_get","http://127.0.1.1:8080/cells/11/9","success","200","True","1288","text/turtle",,,"2234","2026-06-07 21:19:16,026"
"react-ccrs-mazeV1-04-latest","001-ccrs","react_ccrs_mazeV1_04","graph_ccrs","react_ccrs_mazeV1_04_20260607_211522.log","2249","2026-06-07 21:19:18,189","call_MuGNqXf7sPuWtyIY4p5xZ8gk","http_get","http://127.0.1.1:8080/cells/11/9","success","200","True","1288","text/turtle",,,"2250","2026-06-07 21:19:18,195"
"react-ccrs-mazeV1-04-latest","001-ccrs","react_ccrs_mazeV1_04","graph_ccrs","react_ccrs_mazeV1_04_20260607_211522.log","2265","2026-06-07 21:19:20,802","call_1QJ0eZTMRCZFvoY9cyIDkhsT","http_get","http://127.0.1.1:8080/cells/11/9","success","200","True","1288","text/turtle",,,"2266","2026-06-07 21:19:20,808"
"react-ccrs-mazeV1-04-latest","001-ccrs","react_ccrs_mazeV1_04","graph_ccrs","react_ccrs_mazeV1_04_20260607_211522.log","2281","2026-06-07 21:19:23,277","call_ZjHUeB1VmRYsKrMNZw28DTPU","http_get","http://127.0.1.1:8080/cells/11/9","success","200","True","1288","text/turtle",,,"2282","2026-06-07 21:19:23,283"
"react-ccrs-mazeV1-04-latest","001-ccrs","react_ccrs_mazeV1_04","graph_ccrs","react_ccrs_mazeV1_04_20260607_211522.log","2297","2026-06-07 21:19:26,412","call_PaImRfVS7PmXAq4yHlU6uNxk","http_get","http://127.0.1.1:8080/cells/11/9","success","200","True","1288","text/turtle",,,"2298","2026-06-07 21:19:26,419"
"react-ccrs-mazeV1-04-latest","001-ccrs","react_ccrs_mazeV1_04","graph_ccrs","react_ccrs_mazeV1_04_20260607_211522.log","2313","2026-06-07 21:19:28,467","call_YRByNgwupTfdn6kkaf19nYZd","http_get","http://127.0.1.1:8080/cells/11/9","success","200","True","1288","text/turtle",,,"2314","2026-06-07 21:19:28,475"
"react-ccrs-mazeV1-04-latest","001-ccrs","react_ccrs_mazeV1_04","graph_ccrs","react_ccrs_mazeV1_04_20260607_211522.log","2329","2026-06-07 21:19:30,422","call_2KuYmTk7k1E5YMZadRAxu1vE","http_get","http://127.0.1.1:8080/cells/11/9","success","200","True","1288","text/turtle",,,"2330","2026-06-07 21:19:30,429"
"react-ccrs-mazeV1-04-latest","001-ccrs","react_ccrs_mazeV1_04","graph_ccrs","react_ccrs_mazeV1_04_20260607_211522.log","2345","2026-06-07 21:19:32,518","call_dgNTZGd32m5x4pmNlBgix5Am","http_get","http://127.0.1.1:8080/cells/11/9","success","200","True","1288","text/turtle",,,"2346","2026-06-07 21:19:32,526"
"react-ccrs-mazeV1-04-latest","001-ccrs","react_ccrs_mazeV1_04","graph_ccrs","react_ccrs_mazeV1_04_20260607_211522.log","2361","2026-06-07 21:19:34,578","call_63kqob8pasnqOnMGZRJMtRpu","http_get","http://127.0.1.1:8080/cells/11/9","success","200","True","1288","text/turtle",,,"2362","2026-06-07 21:19:34,584"
"react-ccrs-mazeV1-04-latest","001-ccrs","react_ccrs_mazeV1_04","graph_ccrs","react_ccrs_mazeV1_04_20260607_211522.log","2377","2026-06-07 21:19:36,717","call_dfqyR4tbxCQJbCQbaePJDSaa","http_get","http://127.0.1.1:8080/cells/11/9","success","200","True","1288","text/turtle",,,"2378","2026-06-07 21:19:36,724"
"react-ccrs-mazeV1-04-latest","001-ccrs","react_ccrs_mazeV1_04","graph_ccrs","react_ccrs_mazeV1_04_20260607_211522.log","2393","2026-06-07 21:19:38,905","call_mhqWTHVxSTMMSgmoh8clDjTP","http_get","http://127.0.1.1:8080/cells/11/9","success","200","True","1288","text/turtle",,,"2394","2026-06-07 21:19:38,913"
"react-ccrs-mazeV1-04-latest","001-ccrs","react_ccrs_mazeV1_04","graph_ccrs","react_ccrs_mazeV1_04_20260607_211522.log","2409","2026-06-07 21:19:40,927","call_Doj7raqbVtZSweulRrrk2XxA","http_get","http://127.0.1.1:8080/cells/11/9","success","200","True","1288","text/turtle",,,"2410","2026-06-07 21:19:40,934"
"react-ccrs-mazeV1-04-latest","001-ccrs","react_ccrs_mazeV1_04","graph_ccrs","react_ccrs_mazeV1_04_20260607_211522.log","2425","2026-06-07 21:19:43,169","call_7tFwKckfCohr0bjhwhMY79ol","http_get","http://127.0.1.1:8080/cells/11/9","success","200","True","1288","text/turtle",,,"2426","2026-06-07 21:19:43,175"
"react-ccrs-mazeV1-04-latest","001-ccrs","react_ccrs_mazeV1_04","graph_ccrs","react_ccrs_mazeV1_04_20260607_211522.log","2441","2026-06-07 21:19:45,325","call_3CfAyUYIBXRzOp8bHw6JkKlJ","http_get","http://127.0.1.1:8080/cells/11/9","success","200","True","1288","text/turtle",,,"2442","2026-06-07 21:19:45,334"
"react-ccrs-mazeV1-04-latest","001-ccrs","react_ccrs_mazeV1_04","graph_ccrs","react_ccrs_mazeV1_04_20260607_211522.log","2457","2026-06-07 21:19:47,693","call_9edSUyUY27d3DRLI5BfEMCkM","http_get","http://127.0.1.1:8080/cells/11/9","success","200","True","1288","text/turtle",,,"2458","2026-06-07 21:19:47,701"
"react-ccrs-mazeV1-04-latest","001-ccrs","react_ccrs_mazeV1_04","graph_ccrs","react_ccrs_mazeV1_04_20260607_211522.log","2473","2026-06-07 21:19:49,860","call_hfwcC7mBA7VEpqBzT7IwnxAB","http_get","http://127.0.1.1:8080/cells/11/9","success","200","True","1288","text/turtle",,,"2474","2026-06-07 21:19:49,868"
"react-ccrs-mazeV1-04-latest","001-ccrs","react_ccrs_mazeV1_04","graph_ccrs","react_ccrs_mazeV1_04_20260607_211522.log","2489","2026-06-07 21:19:52,258","call_h7dDmMNHntDsGZ90toKDEfgH","http_get","http://127.0.1.1:8080/cells/11/10","success","403","False","478","text/turtle",,,"2490","2026-06-07 21:19:52,265"
"react-ccrs-mazeV1-04-latest","001-ccrs","react_ccrs_mazeV1_04","graph_ccrs","react_ccrs_mazeV1_04_20260607_211522.log","2505","2026-06-07 21:19:55,289","call_dTTQzdf0PkmAopTQtpksgsCg","http_post","http://127.0.1.1:8080/cells/11/10","success","201","True","48","text/plain;charset=iso-8859-1",,,"2506","2026-06-07 21:19:55,375"
"react-ccrs-mazeV1-04-latest","001-ccrs","react_ccrs_mazeV1_04","graph_ccrs","react_ccrs_mazeV1_04_20260607_211522.log","2515","2026-06-07 21:19:58,260","call_ra6lxkKW3ZOOcjFii7VU0mPa","http_get","http://127.0.1.1:8080/cells/11/10","success","200","True","1241","text/turtle",,,"2516","2026-06-07 21:19:58,266"
"react-ccrs-mazeV1-04-latest","001-ccrs","react_ccrs_mazeV1_04","graph_ccrs","react_ccrs_mazeV1_04_20260607_211522.log","2531","2026-06-07 21:20:00,341","call_BuWJTRgSPINv4eQos5JbexWR","http_get","http://127.0.1.1:8080/cells/11/10","success","200","True","1241","text/turtle",,,"2532","2026-06-07 21:20:00,346"
"react-ccrs-mazeV1-04-latest","001-ccrs","react_ccrs_mazeV1_04","graph_ccrs","react_ccrs_mazeV1_04_20260607_211522.log","2547","2026-06-07 21:20:02,658","call_lqpjLvhusOBknhSPwIjPKrRd","http_get","http://127.0.1.1:8080/cells/11/10","success","200","True","1241","text/turtle",,,"2548","2026-06-07 21:20:02,663"
"react-ccrs-mazeV1-04-latest","001-ccrs","react_ccrs_mazeV1_04","graph_ccrs","react_ccrs_mazeV1_04_20260607_211522.log","2563","2026-06-07 21:20:05,578","call_fx9cfCmPJpMXe90SKtx1XBhW","http_get","http://127.0.1.1:8080/cells/11/11","success","403","False","479","text/turtle",,,"2564","2026-06-07 21:20:05,584"
"react-ccrs-mazeV1-04-latest","001-ccrs","react_ccrs_mazeV1_04","graph_ccrs","react_ccrs_mazeV1_04_20260607_211522.log","2579","2026-06-07 21:20:08,724","call_xS3XRgQCl6tceixkP8siNlB7","http_post","http://127.0.1.1:8080/cells/11/11","success","201","True","48","text/plain;charset=iso-8859-1",,,"2580","2026-06-07 21:20:08,813"
"react-ccrs-mazeV1-04-latest","001-ccrs","react_ccrs_mazeV1_04","graph_ccrs","react_ccrs_mazeV1_04_20260607_211522.log","2589","2026-06-07 21:20:10,668","call_aw8VSkm3T1QpneaEQMruBuPQ","http_get","http://127.0.1.1:8080/cells/11/11","success","200","True","1268","text/turtle",,,"2590","2026-06-07 21:20:10,675"
"react-ccrs-mazeV1-04-latest","001-ccrs","react_ccrs_mazeV1_04","graph_ccrs","react_ccrs_mazeV1_04_20260607_211522.log","2605","2026-06-07 21:20:12,783","call_7KVcJvYW9HG0IOVvRWJujcxK","http_get","http://127.0.1.1:8080/cells/11/11","success","200","True","1268","text/turtle",,,"2606","2026-06-07 21:20:12,788"
"react-ccrs-mazeV1-04-latest","001-ccrs","react_ccrs_mazeV1_04","graph_ccrs","react_ccrs_mazeV1_04_20260607_211522.log","2621","2026-06-07 21:20:14,936","call_HKJqUHJc8wFrBzVIi80ZYhtY","http_get","http://127.0.1.1:8080/cells/11/11","success","200","True","1268","text/turtle",,,"2622","2026-06-07 21:20:14,942"
"react-ccrs-mazeV1-04-latest","001-ccrs","react_ccrs_mazeV1_04","graph_ccrs","react_ccrs_mazeV1_04_20260607_211522.log","2637","2026-06-07 21:20:17,080","call_fki8CDxFCloqJd5bRHHa4Enm","http_get","http://127.0.1.1:8080/cells/11/11","success","200","True","1268","text/turtle",,,"2638","2026-06-07 21:20:17,085"
"react-ccrs-mazeV1-04-latest","001-ccrs","react_ccrs_mazeV1_04","graph_ccrs","react_ccrs_mazeV1_04_20260607_211522.log","2653","2026-06-07 21:20:19,322","call_WvLalkeRrw7D61MDYXTRhRtt","http_get","http://127.0.1.1:8080/cells/11/11","success","200","True","1268","text/turtle",,,"2654","2026-06-07 21:20:19,328"
"react-ccrs-mazeV1-04-latest","001-ccrs","react_ccrs_mazeV1_04","graph_ccrs","react_ccrs_mazeV1_04_20260607_211522.log","2669","2026-06-07 21:20:21,528","call_THGngTumWU0RGUWGayIJcQ5b","http_get","http://127.0.1.1:8080/cells/11/11","success","200","True","1268","text/turtle",,,"2670","2026-06-07 21:20:21,535"
"react-ccrs-mazeV1-04-latest","001-ccrs","react_ccrs_mazeV1_04","graph_ccrs","react_ccrs_mazeV1_04_20260607_211522.log","2685","2026-06-07 21:20:23,963","call_FCckhH5avhSb0WwXZx3Miz0n","http_get","http://127.0.1.1:8080/cells/10/11","success","403","False","479","text/turtle",,,"2686","2026-06-07 21:20:23,970"
"react-ccrs-mazeV1-04-latest","001-ccrs","react_ccrs_mazeV1_04","graph_ccrs","react_ccrs_mazeV1_04_20260607_211522.log","2701","2026-06-07 21:20:27,104","call_L4Hcvog0lRGKELjlVL61KPmw","http_post","http://127.0.1.1:8080/cells/10/11","success","201","True","48","text/plain;charset=iso-8859-1",,,"2702","2026-06-07 21:20:27,191"
"react-ccrs-mazeV1-04-latest","001-ccrs","react_ccrs_mazeV1_04","graph_ccrs","react_ccrs_mazeV1_04_20260607_211522.log","2711","2026-06-07 21:20:29,178","call_4t6zOBIzYsdDT0CIByxh55nV","http_get","http://127.0.1.1:8080/cells/10/11","success","200","True","1216","text/turtle",,,"2712","2026-06-07 21:20:29,187"
"react-ccrs-mazeV1-04-latest","001-ccrs","react_ccrs_mazeV1_04","graph_ccrs","react_ccrs_mazeV1_04_20260607_211522.log","2727","2026-06-07 21:20:31,027","call_VfRCK14rArAuh4J1IXPSgREo","http_get","http://127.0.1.1:8080/cells/10/11","success","200","True","1216","text/turtle",,,"2728","2026-06-07 21:20:31,047"
"react-ccrs-mazeV1-04-latest","001-ccrs","react_ccrs_mazeV1_04","graph_ccrs","react_ccrs_mazeV1_04_20260607_211522.log","2743","2026-06-07 21:20:33,036","call_lv0ipzzYWaqmCWomBLja2Wkg","http_get","http://127.0.1.1:8080/cells/10/11","success","200","True","1216","text/turtle",,,"2744","2026-06-07 21:20:33,042"
"react-ccrs-mazeV1-04-latest","001-ccrs","react_ccrs_mazeV1_04","graph_ccrs","react_ccrs_mazeV1_04_20260607_211522.log","2759","2026-06-07 21:20:35,339","call_xYaSQ20e89Enci0Men26G0mB","http_get","http://127.0.1.1:8080/cells/12/11","success","403","False","479","text/turtle",,,"2760","2026-06-07 21:20:35,358"
"react-ccrs-mazeV1-04-latest","001-ccrs","react_ccrs_mazeV1_04","graph_ccrs","react_ccrs_mazeV1_04_20260607_211522.log","2775","2026-06-07 21:20:38,768","call_ucPb2E50ZbN3CyvMpzpXO22y","http_post","http://127.0.1.1:8080/cells/11/11","success","409","False","453","text/turtle",,,"2776","2026-06-07 21:20:38,798"
"react-ccrs-mazeV1-04-latest","001-ccrs","react_ccrs_mazeV1_04","graph_ccrs","react_ccrs_mazeV1_04_20260607_211522.log","2791","2026-06-07 21:20:42,550","call_g3IBq2BPrH6Il4abplfCTMPD","http_get","http://127.0.1.1:8080/cells/11/11","success","403","False","479","text/turtle",,,"2792","2026-06-07 21:20:42,567"
"react-ccrs-mazeV1-04-latest","001-ccrs","react_ccrs_mazeV1_04","graph_ccrs","react_ccrs_mazeV1_04_20260607_211522.log","2807","2026-06-07 21:20:44,567","call_dXR8qTAbXK1dl48XPtVrrbGT","http_get","http://127.0.1.1:8080/cells/12/11","success","403","False","479","text/turtle",,,"2808","2026-06-07 21:20:44,596"
"react-ccrs-mazeV1-04-latest","001-ccrs","react_ccrs_mazeV1_04","graph_ccrs","react_ccrs_mazeV1_04_20260607_211522.log","2823","2026-06-07 21:20:47,617","call_kMn949KqyEolES5ghl2r91sB","http_post","http://127.0.1.1:8080/cells/12/11","success","403","False","467","text/turtle",,,"2824","2026-06-07 21:20:47,637"
"react-ccrs-mazeV1-04-latest","001-ccrs","react_ccrs_mazeV1_04","graph_ccrs","react_ccrs_mazeV1_04_20260607_211522.log","2977","2026-06-07 21:20:54,844","call_KZUwUln6VjwAnqos4zD6I1a6","http_get","http://127.0.1.1:8080/cells/10/11","success","200","True","1216","text/turtle",,,"2978","2026-06-07 21:20:54,870"
"react-ccrs-mazeV1-04-latest","001-ccrs","react_ccrs_mazeV1_04","graph_ccrs","react_ccrs_mazeV1_04_20260607_211522.log","2993","2026-06-07 21:20:56,863","call_pNMYAYbu8FECafYeUpk4JfoB","http_get","http://127.0.1.1:8080/cells/11/11","success","403","False","479","text/turtle",,,"2994","2026-06-07 21:20:56,886"
"react-ccrs-mazeV1-04-latest","001-ccrs","react_ccrs_mazeV1_04","graph_ccrs","react_ccrs_mazeV1_04_20260607_211522.log","3217","2026-06-07 21:21:13,347","call_c10OWpH1My0Zlt2gSfQ9asIs","http_post","http://127.0.1.1:8080/cells/11/11","success","201","True","48","text/plain;charset=iso-8859-1",,,"3218","2026-06-07 21:21:13,456"
"react-ccrs-mazeV1-04-latest","001-ccrs","react_ccrs_mazeV1_04","graph_ccrs","react_ccrs_mazeV1_04_20260607_211522.log","3227","2026-06-07 21:21:15,390","call_vnsldhW606d0i0WYoHOKsaRL","http_get","http://127.0.1.1:8080/cells/11/11","success","200","True","1268","text/turtle",,,"3228","2026-06-07 21:21:15,410"
"react-ccrs-mazeV1-04-latest","001-ccrs","react_ccrs_mazeV1_04","graph_ccrs","react_ccrs_mazeV1_04_20260607_211522.log","3243","2026-06-07 21:21:18,847","call_9P4tPbHAOrIXW9Qfvin38OH9","http_get","http://127.0.1.1:8080/cells/12/11","success","403","False","479","text/turtle",,,"3244","2026-06-07 21:21:18,861"
"react-ccrs-mazeV1-04-latest","001-ccrs","react_ccrs_mazeV1_04","graph_ccrs","react_ccrs_mazeV1_04_20260607_211522.log","3259","2026-06-07 21:21:35,021","call_9XHYC4mxdLxa9atSE9TNLlzI","http_post","http://127.0.1.1:8080/cells/12/11","success","201","True","48","text/plain;charset=iso-8859-1",,,"3260","2026-06-07 21:21:35,098"
"react-ccrs-mazeV1-04-latest","001-ccrs","react_ccrs_mazeV1_04","graph_ccrs","react_ccrs_mazeV1_04_20260607_211522.log","3269","2026-06-07 21:21:36,899","call_uPVN9MK6fxd5wXvsjrwtyt2Z","http_get","http://127.0.1.1:8080/cells/12/11","success","200","True","1216","text/turtle",,,"3270","2026-06-07 21:21:36,903"
"react-ccrs-mazeV1-04-latest","001-ccrs","react_ccrs_mazeV1_04","graph_ccrs","react_ccrs_mazeV1_04_20260607_211522.log","3285","2026-06-07 21:21:38,891","call_4bo4UIUe2Kz7PgADGDOjvhZc","http_get","http://127.0.1.1:8080/cells/12/11","success","200","True","1216","text/turtle",,,"3286","2026-06-07 21:21:38,896"
"react-ccrs-mazeV1-04-latest","001-ccrs","react_ccrs_mazeV1_04","graph_ccrs","react_ccrs_mazeV1_04_20260607_211522.log","3301","2026-06-07 21:21:40,803","call_LUyjoeGUVnJiRBogceQfJ1Fn","http_get","http://127.0.1.1:8080/maze","success","200","True","1014","text/turtle",,,"3302","2026-06-07 21:21:40,828"
"react-ccrs-mazeV1-04-latest","001-ccrs","react_ccrs_mazeV1_04","graph_ccrs","react_ccrs_mazeV1_04_20260607_211522.log","3317","2026-06-07 21:21:42,771","call_VYNKweCSi9ghq6jnVk6GcRbh","http_get","http://127.0.1.1:8080/cells/12/11","success","200","True","1216","text/turtle",,,"3318","2026-06-07 21:21:42,776"
"react-ccrs-mazeV1-04-latest","001-ccrs","react_ccrs_mazeV1_04","graph_ccrs","react_ccrs_mazeV1_04_20260607_211522.log","3333","2026-06-07 21:21:45,275","call_JkDqHg2d8q6iT25qztAWZmml","http_get","http://127.0.1.1:8080/cells/12/11","success","200","True","1216","text/turtle",,,"3334","2026-06-07 21:21:45,290"
"react-ccrs-mazeV1-04-latest","001-ccrs","react_ccrs_mazeV1_04","graph_ccrs","react_ccrs_mazeV1_04_20260607_211522.log","3349","2026-06-07 21:21:47,320","call_3gxl7NJXLsErSUjAQPzaObOg","http_get","http://127.0.1.1:8080/cells/12/11","success","200","True","1216","text/turtle",,,"3350","2026-06-07 21:21:47,325"
"react-ccrs-mazeV1-04-latest","001-ccrs","react_ccrs_mazeV1_04","graph_ccrs","react_ccrs_mazeV1_04_20260607_211522.log","3365","2026-06-07 21:21:49,753","call_ERhoj5G45Xb34qm7ixUSrXlI","http_get","http://127.0.1.1:8080/cells/12/11","success","200","True","1216","text/turtle",,,"3366","2026-06-07 21:21:49,780"
"react-ccrs-mazeV1-04-latest","001-ccrs","react_ccrs_mazeV1_04","graph_ccrs","react_ccrs_mazeV1_04_20260607_211522.log","3381","2026-06-07 21:21:59,869","call_5m0h6jEsiD3RXRhtTF14BEQM","http_get","http://127.0.1.1:8080/cells/12/11","success","200","True","1216","text/turtle",,,"3382","2026-06-07 21:21:59,890"
"react-ccrs-mazeV1-04-latest","001-ccrs","react_ccrs_mazeV1_04","graph_ccrs","react_ccrs_mazeV1_04_20260607_211522.log","3397","2026-06-07 21:22:02,060","call_qc9vjDDHuRa5hhzHtqNKLNwD","http_get","http://127.0.1.1:8080/cells/12/11","success","200","True","1216","text/turtle",,,"3398","2026-06-07 21:22:02,081"
"react-ccrs-mazeV1-04-latest","001-ccrs","react_ccrs_mazeV1_04","graph_ccrs","react_ccrs_mazeV1_04_20260607_211522.log","3413","2026-06-07 21:22:03,988","call_NMbyfyMsJNIp0ocZpzACnO4U","http_get","http://127.0.1.1:8080/cells/12/11","success","200","True","1216","text/turtle",,,"3414","2026-06-07 21:22:04,007"
"react-ccrs-mazeV1-04-latest","001-ccrs","react_ccrs_mazeV1_04","graph_ccrs","react_ccrs_mazeV1_04_20260607_211522.log","3429","2026-06-07 21:22:06,181","call_60aPjxU0UVJ9adYfPwbsyaap","http_get","http://127.0.1.1:8080/cells/12/11","success","200","True","1216","text/turtle",,,"3430","2026-06-07 21:22:06,187"
"react-ccrs-mazeV1-04-latest","001-ccrs","react_ccrs_mazeV1_04","graph_ccrs","react_ccrs_mazeV1_04_20260607_211522.log","3445","2026-06-07 21:22:09,596","call_NMvFFzfJ41h4JEO89TzexmuI","http_get","http://127.0.1.1:8080/cells/12/11","success","200","True","1216","text/turtle",,,"3446","2026-06-07 21:22:09,601"
"react-ccrs-mazeV1-04-latest","001-ccrs","react_ccrs_mazeV1_04","graph_ccrs","react_ccrs_mazeV1_04_20260607_211522.log","3461","2026-06-07 21:22:11,664","call_wRUMTUk27tXl95XBfqy2mluw","http_get","http://127.0.1.1:8080/cells/12/11","success","200","True","1216","text/turtle",,,"3462","2026-06-07 21:22:11,692"
"react-ccrs-mazeV1-04-latest","001-ccrs","react_ccrs_mazeV1_04","graph_ccrs","react_ccrs_mazeV1_04_20260607_211522.log","3477","2026-06-07 21:22:13,729","call_lNu0YdwJRVUs5RASUDWbwOc0","http_get","http://127.0.1.1:8080/cells/12/11","success","200","True","1216","text/turtle",,,"3478","2026-06-07 21:22:13,734"
"react-ccrs-mazeV1-04-latest","001-ccrs","react_ccrs_mazeV1_04","graph_ccrs","react_ccrs_mazeV1_04_20260607_211522.log","3493","2026-06-07 21:22:15,638","call_hKdRBpGruUf98TiBhiGlqpzb","http_get","http://127.0.1.1:8080/cells/12/11","success","200","True","1216","text/turtle",,,"3494","2026-06-07 21:22:15,654"
"react-ccrs-mazeV1-04-latest","001-ccrs","react_ccrs_mazeV1_04","graph_ccrs","react_ccrs_mazeV1_04_20260607_211522.log","3509","2026-06-07 21:22:17,604","call_OVCe3jm0vFccDxfjZIjT9BN8","http_get","http://127.0.1.1:8080/cells/12/11","success","200","True","1216","text/turtle",,,"3510","2026-06-07 21:22:17,610"
"react-ccrs-mazeV1-04-latest","001-ccrs","react_ccrs_mazeV1_04","graph_ccrs","react_ccrs_mazeV1_04_20260607_211522.log","3525","2026-06-07 21:22:19,660","call_H9FpBawC9Ogi462O9DpJtNeK","http_get","http://127.0.1.1:8080/cells/12/11","success","200","True","1216","text/turtle",,,"3526","2026-06-07 21:22:19,676"
"react-ccrs-mazeV1-04-latest","001-ccrs","react_ccrs_mazeV1_04","graph_ccrs","react_ccrs_mazeV1_04_20260607_211522.log","3541","2026-06-07 21:22:21,644","call_L3AXQPT97qmaSxnT3U4KpAcq","http_get","http://127.0.1.1:8080/cells/12/11","success","200","True","1216","text/turtle",,,"3542","2026-06-07 21:22:21,669"
"react-ccrs-mazeV1-04-latest","001-ccrs","react_ccrs_mazeV1_04","graph_ccrs","react_ccrs_mazeV1_04_20260607_211522.log","3557","2026-06-07 21:22:23,649","call_twAr9BVxN8sn6nmqq8azu6x9","http_get","http://127.0.1.1:8080/cells/12/11","success","200","True","1216","text/turtle",,,"3558","2026-06-07 21:22:23,658"
"react-ccrs-mazeV1-04-latest","001-ccrs","react_ccrs_mazeV1_04","graph_ccrs","react_ccrs_mazeV1_04_20260607_211522.log","3573","2026-06-07 21:22:25,544","call_tfTtyvFQdLOISxuJeHl3HTFX","http_get","http://127.0.1.1:8080/cells/12/11","success","200","True","1216","text/turtle",,,"3574","2026-06-07 21:22:25,571"
"react-ccrs-mazeV1-04-latest","001-ccrs","react_ccrs_mazeV1_04","graph_ccrs","react_ccrs_mazeV1_04_20260607_211522.log","3589","2026-06-07 21:22:27,411","call_8B4cjujWgOYbQYRI3NEwQy6S","http_get","http://127.0.1.1:8080/cells/12/11","success","200","True","1216","text/turtle",,,"3590","2026-06-07 21:22:27,428"
"react-ccrs-mazeV1-04-latest","001-ccrs","react_ccrs_mazeV1_04","graph_ccrs","react_ccrs_mazeV1_04_20260607_211522.log","3605","2026-06-07 21:22:29,620","call_fArWszfHOBzPexHAsBS8ovXl","http_get","http://127.0.1.1:8080/cells/12/11","success","200","True","1216","text/turtle",,,"3606","2026-06-07 21:22:29,649"
"react-ccrs-mazeV1-04-latest","001-ccrs","react_ccrs_mazeV1_04","graph_ccrs","react_ccrs_mazeV1_04_20260607_211522.log","3621","2026-06-07 21:22:31,683","call_nTRuNf5UYMgONuFZX2tcUQ47","http_get","http://127.0.1.1:8080/cells/12/11","success","200","True","1216","text/turtle",,,"3622","2026-06-07 21:22:31,689"
"react-ccrs-mazeV1-04-latest","001-ccrs","react_ccrs_mazeV1_04","graph_ccrs","react_ccrs_mazeV1_04_20260607_211522.log","3637","2026-06-07 21:22:33,704","call_wpu1rmGAg1u2mq7ct9hIJq6B","http_get","http://127.0.1.1:8080/cells/12/11","success","200","True","1216","text/turtle",,,"3638","2026-06-07 21:22:33,733"
"react-ccrs-mazeV1-04-latest","001-ccrs","react_ccrs_mazeV1_04","graph_ccrs","react_ccrs_mazeV1_04_20260607_211522.log","3653","2026-06-07 21:22:35,841","call_szfLyouvm1RjXbvNIPz5sibr","http_get","http://127.0.1.1:8080/cells/12/11","success","200","True","1216","text/turtle",,,"3654","2026-06-07 21:22:35,863"
"react-ccrs-mazeV1-04-latest","001-ccrs","react_ccrs_mazeV1_04","graph_ccrs","react_ccrs_mazeV1_04_20260607_211522.log","3669","2026-06-07 21:22:38,072","call_bpI0MXLq3bBQ1jYn7MXxjPYA","http_get","http://127.0.1.1:8080/cells/12/11","success","200","True","1216","text/turtle",,,"3670","2026-06-07 21:22:38,077"
"react-ccrs-mazeV1-04-latest","001-ccrs","react_ccrs_mazeV1_04","graph_ccrs","react_ccrs_mazeV1_04_20260607_211522.log","3685","2026-06-07 21:22:40,531","call_ZLr4yfgVUedeayLrn9v4Uchc","http_get","http://127.0.1.1:8080/cells/12/11","success","200","True","1216","text/turtle",,,"3686","2026-06-07 21:22:40,546"
"react-ccrs-mazeV1-04-latest","001-ccrs","react_ccrs_mazeV1_04","graph_ccrs","react_ccrs_mazeV1_04_20260607_211522.log","3701","2026-06-07 21:22:42,548","call_789otu8H2pcIH9NXuMbsDzNA","http_get","http://127.0.1.1:8080/cells/11/11","success","403","False","479","text/turtle",,,"3702","2026-06-07 21:22:42,573"
"react-ccrs-mazeV1-04-latest","001-ccrs","react_ccrs_mazeV1_04","graph_ccrs","react_ccrs_mazeV1_04_20260607_211522.log","3717","2026-06-07 21:22:45,835","call_kUJbpURxZRkXd2WefTlzDDNW","http_post","http://127.0.1.1:8080/cells/11/11","success","201","True","48","text/plain;charset=iso-8859-1",,,"3718","2026-06-07 21:22:45,935"
"react-ccrs-mazeV1-04-latest","001-ccrs","react_ccrs_mazeV1_04","graph_ccrs","react_ccrs_mazeV1_04_20260607_211522.log","3727","2026-06-07 21:22:47,815","call_haGHiKWlaLAc3kN4CFzlWR8S","http_get","http://127.0.1.1:8080/cells/11/11","success","200","True","1268","text/turtle",,,"3728","2026-06-07 21:22:47,820"
"react-ccrs-mazeV1-04-latest","001-ccrs","react_ccrs_mazeV1_04","graph_ccrs","react_ccrs_mazeV1_04_20260607_211522.log","3743","2026-06-07 21:22:53,428","call_6B0ZH4InUJEnqgDfJKLUJ1rw","http_get","http://127.0.1.1:8080/cells/11/11","success","200","True","1268","text/turtle",,,"3744","2026-06-07 21:22:53,448"
"react-ccrs-mazeV1-04-latest","001-ccrs","react_ccrs_mazeV1_04","graph_ccrs","react_ccrs_mazeV1_04_20260607_211522.log","3759","2026-06-07 21:22:56,559","call_lsdrMBi6uxgVvCAPBwI42dTo","http_post","http://127.0.1.1:8080/cells/10/11","success","201","True","48","text/plain;charset=iso-8859-1",,,"3760","2026-06-07 21:22:56,637"
"react-ccrs-mazeV1-04-latest","001-ccrs","react_ccrs_mazeV1_04","graph_ccrs","react_ccrs_mazeV1_04_20260607_211522.log","3769","2026-06-07 21:22:58,398","call_cieVKWzQbZVjiZCe6FiURVNb","http_get","http://127.0.1.1:8080/cells/10/11","success","200","True","1216","text/turtle",,,"3770","2026-06-07 21:22:58,426"
"react-ccrs-mazeV1-04-latest","001-ccrs","react_ccrs_mazeV1_04","graph_ccrs","react_ccrs_mazeV1_04_20260607_211522.log","3785","2026-06-07 21:23:02,103","call_3o1PxK4hiV0hWbSFchiQxsg7","http_post","http://127.0.1.1:8080/cells/11/10","success","403","False","467","text/turtle",,,"3786","2026-06-07 21:23:02,131"
"react-ccrs-mazeV1-04-latest","001-ccrs","react_ccrs_mazeV1_04","graph_ccrs","react_ccrs_mazeV1_04_20260607_211522.log","3801","2026-06-07 21:23:04,183","call_AgFdwgQYFYQILqLpF48Ee6JN","http_get","http://127.0.1.1:8080/cells/10/11","success","200","True","1216","text/turtle",,,"3802","2026-06-07 21:23:04,188"
"react-ccrs-mazeV1-04-latest","001-ccrs","react_ccrs_mazeV1_04","graph_ccrs","react_ccrs_mazeV1_04_20260607_211522.log","3817","2026-06-07 21:23:06,943","call_GfzkWYCi2XQ8ufqSJiaryQbL","http_post","http://127.0.1.1:8080/cells/11/10","success","409","False","453","text/turtle",,,"3818","2026-06-07 21:23:06,950"
"react-ccrs-mazeV1-04-latest","001-ccrs","react_ccrs_mazeV1_04","graph_ccrs","react_ccrs_mazeV1_04_20260607_211522.log","3833","2026-06-07 21:23:08,815","call_kQFHbCXUZnIai2dCVX7VJugq","http_get","http://127.0.1.1:8080/cells/11/11","success","403","False","479","text/turtle",,,"3834","2026-06-07 21:23:08,832"
"react-ccrs-mazeV1-04-latest","001-ccrs","react_ccrs_mazeV1_04","graph_ccrs","react_ccrs_mazeV1_04_20260607_211522.log","3849","2026-06-07 21:23:10,867","call_EbfoFGSpjCWhgxQ6xhfjBBrm","http_get","http://127.0.1.1:8080/cells/10/11","success","200","True","1216","text/turtle",,,"3850","2026-06-07 21:23:10,872"
"react-ccrs-mazeV1-04-latest","001-ccrs","react_ccrs_mazeV1_04","graph_ccrs","react_ccrs_mazeV1_04_20260607_211522.log","3865","2026-06-07 21:23:13,752","call_8PEA7E2koDTspsPw2ZdncN4y","http_post","http://127.0.1.1:8080/cells/11/11","success","201","True","48","text/plain;charset=iso-8859-1",,,"3866","2026-06-07 21:23:13,847"
"react-ccrs-mazeV1-04-latest","001-ccrs","react_ccrs_mazeV1_04","graph_ccrs","react_ccrs_mazeV1_04_20260607_211522.log","3875","2026-06-07 21:23:15,797","call_yx4BaRkoJsIQpu11nl4Wn7IB","http_get","http://127.0.1.1:8080/cells/11/11","success","200","True","1268","text/turtle",,,"3876","2026-06-07 21:23:15,814"
"react-ccrs-mazeV1-04-latest","001-ccrs","react_ccrs_mazeV1_04","graph_ccrs","react_ccrs_mazeV1_04_20260607_211522.log","3891","2026-06-07 21:23:18,730","call_t2D75JrrszaQRiQqwYHrOpBT","http_post","http://127.0.1.1:8080/cells/11/10","success","201","True","48","text/plain;charset=iso-8859-1",,,"3892","2026-06-07 21:23:18,827"
"react-ccrs-mazeV1-04-latest","001-ccrs","react_ccrs_mazeV1_04","graph_ccrs","react_ccrs_mazeV1_04_20260607_211522.log","3901","2026-06-07 21:23:21,058","call_PylNCWFiHG8x7lFYdgVWFXYr","http_get","http://127.0.1.1:8080/cells/11/10","success","200","True","1241","text/turtle",,,"3902","2026-06-07 21:23:21,063"
"react-ccrs-mazeV1-04-latest","001-ccrs","react_ccrs_mazeV1_04","graph_ccrs","react_ccrs_mazeV1_04_20260607_211522.log","3917","2026-06-07 21:23:22,960","call_fhCGLCtu2VeNbC1kXzrXww0K","http_get","http://127.0.1.1:8080/cells/11/10","success","200","True","1241","text/turtle",,,"3918","2026-06-07 21:23:22,988"
"react-ccrs-mazeV1-04-latest","001-ccrs","react_ccrs_mazeV1_04","graph_ccrs","react_ccrs_mazeV1_04_20260607_211522.log","3933","2026-06-07 21:23:24,808","call_4FHYuflTFxioNB0pHuXvfC7X","http_get","http://127.0.1.1:8080/cells/11/9","success","403","False","477","text/turtle",,,"3934","2026-06-07 21:23:24,832"
"react-ccrs-mazeV1-04-latest","001-ccrs","react_ccrs_mazeV1_04","graph_ccrs","react_ccrs_mazeV1_04_20260607_211522.log","3949","2026-06-07 21:23:28,185","call_MGjOYqOsEg49brBUPQxz6yQc","http_post","http://127.0.1.1:8080/cells/11/9","success","201","True","47","text/plain;charset=iso-8859-1",,,"3950","2026-06-07 21:23:28,287"
"react-ccrs-mazeV1-04-latest","001-ccrs","react_ccrs_mazeV1_04","graph_ccrs","react_ccrs_mazeV1_04_20260607_211522.log","3959","2026-06-07 21:23:29,985","call_vwj33U7gcuu2U4yIzK9Xfxq1","http_get","http://127.0.1.1:8080/cells/11/9","success","200","True","1288","text/turtle",,,"3960","2026-06-07 21:23:29,990"
"react-ccrs-mazeV1-04-latest","001-ccrs","react_ccrs_mazeV1_04","graph_ccrs","react_ccrs_mazeV1_04_20260607_211522.log","3975","2026-06-07 21:23:33,107","call_mhpZSmxNJY5ZQG4sCRppTgeL","http_post","http://127.0.1.1:8080/cells/10/9","success","201","True","47","text/plain;charset=iso-8859-1",,,"3976","2026-06-07 21:23:33,200"
"react-ccrs-mazeV1-04-latest","001-ccrs","react_ccrs_mazeV1_04","graph_ccrs","react_ccrs_mazeV1_04_20260607_211522.log","3985","2026-06-07 21:23:35,013","call_X2HuCU7x9qCwLw0XOFiGJwRL","http_get","http://127.0.1.1:8080/cells/10/9","success","200","True","1212","text/turtle",,,"3986","2026-06-07 21:23:35,032"
"react-ccrs-mazeV1-04-latest","001-ccrs","react_ccrs_mazeV1_04","graph_ccrs","react_ccrs_mazeV1_04_20260607_211522.log","4001","2026-06-07 21:23:37,831","call_lLtLdtJf149PUXb6NyWqZgIa","http_post","http://127.0.1.1:8080/cells/11/9","success","201","True","47","text/plain;charset=iso-8859-1",,,"4002","2026-06-07 21:23:37,912"
"react-ccrs-mazeV1-04-latest","001-ccrs","react_ccrs_mazeV1_04","graph_ccrs","react_ccrs_mazeV1_04_20260607_211522.log","4011","2026-06-07 21:23:40,001","call_LLyKuf98B3uMyB0elynudCZW","http_get","http://127.0.1.1:8080/cells/11/9","success","200","True","1288","text/turtle",,,"4012","2026-06-07 21:23:40,020"
"react-ccrs-mazeV1-04-latest","001-ccrs","react_ccrs_mazeV1_04","graph_ccrs","react_ccrs_mazeV1_04_20260607_211522.log","4027","2026-06-07 21:23:42,975","call_3NDQQDV43pcAilnirshBjamg","http_post","http://127.0.1.1:8080/cells/11/8","success","201","True","47","text/plain;charset=iso-8859-1",,,"4028","2026-06-07 21:23:43,070"
"react-ccrs-mazeV1-04-latest","001-ccrs","react_ccrs_mazeV1_04","graph_ccrs","react_ccrs_mazeV1_04_20260607_211522.log","4037","2026-06-07 21:23:44,788","call_jsUhOVguzd7yZUmNBDxEpwDX","http_get","http://127.0.1.1:8080/cells/11/8","success","200","True","1237","text/turtle",,,"4038","2026-06-07 21:23:44,814"
"react-ccrs-mazeV1-04-latest","001-ccrs","react_ccrs_mazeV1_04","graph_ccrs","react_ccrs_mazeV1_04_20260607_211522.log","4053","2026-06-07 21:23:47,669","call_BZLM9UwxyOk59wgV5OKPif4o","http_post","http://127.0.1.1:8080/cells/11/7","success","201","True","47","text/plain;charset=iso-8859-1",,,"4054","2026-06-07 21:23:47,760"
"react-ccrs-mazeV1-04-latest","001-ccrs","react_ccrs_mazeV1_04","graph_ccrs","react_ccrs_mazeV1_04_20260607_211522.log","4063","2026-06-07 21:23:49,611","call_F8FNTVM2fBcKFeD8fJxxENR7","http_get","http://127.0.1.1:8080/cells/11/7","success","200","True","1237","text/turtle",,,"4064","2026-06-07 21:23:49,626"
"react-ccrs-mazeV1-04-latest","001-ccrs","react_ccrs_mazeV1_04","graph_ccrs","react_ccrs_mazeV1_04_20260607_211522.log","4079","2026-06-07 21:23:52,456","call_EzgjYseced18jvNuEBw0QVJ1","http_post","http://127.0.1.1:8080/cells/11/6","success","201","True","47","text/plain;charset=iso-8859-1",,,"4080","2026-06-07 21:23:52,553"
"react-ccrs-mazeV1-04-latest","001-ccrs","react_ccrs_mazeV1_04","graph_ccrs","react_ccrs_mazeV1_04_20260607_211522.log","4089","2026-06-07 21:23:54,524","call_nKhj301DBodVlkV1xps89iso","http_get","http://127.0.1.1:8080/cells/11/6","success","200","True","1603","text/turtle",,,"4090","2026-06-07 21:23:54,552"
"react-ccrs-mazeV1-04-latest","001-ccrs","react_ccrs_mazeV1_04","graph_ccrs","react_ccrs_mazeV1_04_20260607_211522.log","4154","2026-06-07 21:23:57,534","call_lpQT290Piv83bctdJBnDIN2R","http_post","http://127.0.1.1:8080/cells/11/5","success","201","True","47","text/plain;charset=iso-8859-1",,,"4155","2026-06-07 21:23:57,611"
"react-ccrs-mazeV1-04-latest","001-ccrs","react_ccrs_mazeV1_04","graph_ccrs","react_ccrs_mazeV1_04_20260607_211522.log","4164","2026-06-07 21:24:00,374","call_7GIa6x2zCfWOh9v2su6HnUen","http_get","http://127.0.1.1:8080/cells/11/5","success","200","True","1578","text/turtle",,,"4165","2026-06-07 21:24:00,392"
"react-ccrs-mazeV1-04-latest","001-ccrs","react_ccrs_mazeV1_04","graph_ccrs","react_ccrs_mazeV1_04_20260607_211522.log","4229","2026-06-07 21:24:03,785","call_MhyURdVFOxJwrTAm7k9JfDZx","http_post","http://127.0.1.1:8080/cells/12/5","success","201","True","47","text/plain;charset=iso-8859-1",,,"4230","2026-06-07 21:24:03,883"
"react-ccrs-mazeV1-04-latest","001-ccrs","react_ccrs_mazeV1_04","graph_ccrs","react_ccrs_mazeV1_04_20260607_211522.log","4239","2026-06-07 21:24:05,822","call_1Apb6t0Iu7TDWpM1FBOB1Tzi","http_get","http://127.0.1.1:8080/cells/12/5","success","200","True","2106","text/turtle",,,"4240","2026-06-07 21:24:05,827"
"react-ccrs-mazeV1-04-latest","001-ccrs","react_ccrs_mazeV1_04","graph_ccrs","react_ccrs_mazeV1_04_20260607_211522.log","4255","2026-06-07 21:24:09,789","call_aulUIIS5nTrTrH6h2mtFXV8f","http_post","http://127.0.1.1:8080/cells/12/5","success","409","False","450","text/turtle",,,"4256","2026-06-07 21:24:09,818"
