"batch_id","run_id","agent_name","graph_name","file","line","react_event","cycle","cycle_timestamp","strategy_id","trace_id","top_action","stop","reason","target","matched_entries","active_entries"
"react-ccrs-mazeV1-04-latest","001-ccrs","react_ccrs_mazeV1_04","graph_ccrs","react_ccrs_mazeV1_04_20260607_211522.log","7","react.ccrs.contingency.escalation.considered","1",,,,,,,,,
"react-ccrs-mazeV1-04-latest","001-ccrs","react_ccrs_mazeV1_04","graph_ccrs","react_ccrs_mazeV1_04_20260607_211522.log","8","react.ccrs.contingency.escalation.skipped","1",,,,,,"no_escalation_condition_met",,,
"react-ccrs-mazeV1-04-latest","001-ccrs","react_ccrs_mazeV1_04","graph_ccrs","react_ccrs_mazeV1_04_20260607_211522.log","26","react.ccrs.contingency.escalation.considered","2",,,,,,,,,
"react-ccrs-mazeV1-04-latest","001-ccrs","react_ccrs_mazeV1_04","graph_ccrs","react_ccrs_mazeV1_04_20260607_211522.log","27","react.ccrs.contingency.escalation.skipped","2",,,,,,"no_escalation_condition_met",,,
"react-ccrs-mazeV1-04-latest","001-ccrs","react_ccrs_mazeV1_04","graph_ccrs","react_ccrs_mazeV1_04_20260607_211522.log","36","react.ccrs.contingency.escalation.considered","3",,,,,,,,,
"react-ccrs-mazeV1-04-latest","001-ccrs","react_ccrs_mazeV1_04","graph_ccrs","react_ccrs_mazeV1_04_20260607_211522.log","37","react.ccrs.contingency.escalation.skipped","3",,,,,,"no_escalation_condition_met",,,
"react-ccrs-mazeV1-04-latest","001-ccrs","react_ccrs_mazeV1_04","graph_ccrs","react_ccrs_mazeV1_04_20260607_211522.log","101","react.ccrs.contingency.escalation.considered","4",,,,,,,,,
"react-ccrs-mazeV1-04-latest","001-ccrs","react_ccrs_mazeV1_04","graph_ccrs","react_ccrs_mazeV1_04_20260607_211522.log","102","react.ccrs.contingency.escalation.skipped","4",,,,,,"no_escalation_condition_met",,,
"react-ccrs-mazeV1-04-latest","001-ccrs","react_ccrs_mazeV1_04","graph_ccrs","react_ccrs_mazeV1_04_20260607_211522.log","111","react.ccrs.contingency.escalation.considered","5",,,,,,,,,
"react-ccrs-mazeV1-04-latest","001-ccrs","react_ccrs_mazeV1_04","graph_ccrs","react_ccrs_mazeV1_04_20260607_211522.log","112","react.ccrs.contingency.escalation.skipped","5",,,,,,"no_escalation_condition_met",,,
"react-ccrs-mazeV1-04-latest","001-ccrs","react_ccrs_mazeV1_04","graph_ccrs","react_ccrs_mazeV1_04_20260607_211522.log","176","react.ccrs.contingency.escalation.considered","6",,,,,,,,,
"react-ccrs-mazeV1-04-latest","001-ccrs","react_ccrs_mazeV1_04","graph_ccrs","react_ccrs_mazeV1_04_20260607_211522.log","177","react.ccrs.contingency.escalation.skipped","6",,,,,,"no_escalation_condition_met",,,
"react-ccrs-mazeV1-04-latest","001-ccrs","react_ccrs_mazeV1_04","graph_ccrs","react_ccrs_mazeV1_04_20260607_211522.log","186","react.ccrs.contingency.escalation.considered","7",,,,,,,,,
"react-ccrs-mazeV1-04-latest","001-ccrs","react_ccrs_mazeV1_04","graph_ccrs","react_ccrs_mazeV1_04_20260607_211522.log","187","react.ccrs.contingency.escalation.skipped","7",,,,,,"no_escalation_condition_met",,,
"react-ccrs-mazeV1-04-latest","001-ccrs","react_ccrs_mazeV1_04","graph_ccrs","react_ccrs_mazeV1_04_20260607_211522.log","251","react.ccrs.contingency.escalation.considered","8",,,,,,,,,
"react-ccrs-mazeV1-04-latest","001-ccrs","react_ccrs_mazeV1_04","graph_ccrs","react_ccrs_mazeV1_04_20260607_211522.log","252","react.ccrs.contingency.escalation.skipped","8",,,,,,"no_escalation_condition_met",,,
"react-ccrs-mazeV1-04-latest","001-ccrs","react_ccrs_mazeV1_04","graph_ccrs","react_ccrs_mazeV1_04_20260607_211522.log","261","react.ccrs.contingency.escalation.considered","9",,,,,,,,,
"react-ccrs-mazeV1-04-latest","001-ccrs","react_ccrs_mazeV1_04","graph_ccrs","react_ccrs_mazeV1_04_20260607_211522.log","262","react.ccrs.contingency.escalation.skipped","9",,,,,,"no_escalation_condition_met",,,
"react-ccrs-mazeV1-04-latest","001-ccrs","react_ccrs_mazeV1_04","graph_ccrs","react_ccrs_mazeV1_04_20260607_211522.log","326","react.ccrs.contingency.escalation.considered","10",,,,,,,,,
"react-ccrs-mazeV1-04-latest","001-ccrs","react_ccrs_mazeV1_04","graph_ccrs","react_ccrs_mazeV1_04_20260607_211522.log","327","react.ccrs.contingency.escalation.skipped","10",,,,,,"no_escalation_condition_met",,,
"react-ccrs-mazeV1-04-latest","001-ccrs","react_ccrs_mazeV1_04","graph_ccrs","react_ccrs_mazeV1_04_20260607_211522.log","336","react.ccrs.contingency.escalation.considered","11",,,,,,,,,
"react-ccrs-mazeV1-04-latest","001-ccrs","react_ccrs_mazeV1_04","graph_ccrs","react_ccrs_mazeV1_04_20260607_211522.log","337","react.ccrs.contingency.escalation.skipped","11",,,,,,"no_escalation_condition_met",,,
"react-ccrs-mazeV1-04-latest","001-ccrs","react_ccrs_mazeV1_04","graph_ccrs","react_ccrs_mazeV1_04_20260607_211522.log","401","react.ccrs.contingency.escalation.considered","12",,,,,,,,,
"react-ccrs-mazeV1-04-latest","001-ccrs","react_ccrs_mazeV1_04","graph_ccrs","react_ccrs_mazeV1_04_20260607_211522.log","402","react.ccrs.contingency.escalation.skipped","12",,,,,,"no_escalation_condition_met",,,
"react-ccrs-mazeV1-04-latest","001-ccrs","react_ccrs_mazeV1_04","graph_ccrs","react_ccrs_mazeV1_04_20260607_211522.log","411","react.ccrs.contingency.escalation.considered","13",,,,,,,,,
"react-ccrs-mazeV1-04-latest","001-ccrs","react_ccrs_mazeV1_04","graph_ccrs","react_ccrs_mazeV1_04_20260607_211522.log","412","react.ccrs.contingency.escalation.skipped","13",,,,,,"no_escalation_condition_met",,,
"react-ccrs-mazeV1-04-latest","001-ccrs","react_ccrs_mazeV1_04","graph_ccrs","react_ccrs_mazeV1_04_20260607_211522.log","476","react.ccrs.contingency.escalation.considered","14",,,,,,,,,
"react-ccrs-mazeV1-04-latest","001-ccrs","react_ccrs_mazeV1_04","graph_ccrs","react_ccrs_mazeV1_04_20260607_211522.log","477","react.ccrs.contingency.escalation.skipped","14",,,,,,"no_escalation_condition_met",,,
"react-ccrs-mazeV1-04-latest","001-ccrs","react_ccrs_mazeV1_04","graph_ccrs","react_ccrs_mazeV1_04_20260607_211522.log","486","react.ccrs.contingency.escalation.considered","15",,,,,,,,,
"react-ccrs-mazeV1-04-latest","001-ccrs","react_ccrs_mazeV1_04","graph_ccrs","react_ccrs_mazeV1_04_20260607_211522.log","487","react.ccrs.contingency.escalation.skipped","15",,,,,,"no_escalation_condition_met",,,
"react-ccrs-mazeV1-04-latest","001-ccrs","react_ccrs_mazeV1_04","graph_ccrs","react_ccrs_mazeV1_04_20260607_211522.log","551","react.ccrs.contingency.escalation.considered","16",,,,,,,,,
"react-ccrs-mazeV1-04-latest","001-ccrs","react_ccrs_mazeV1_04","graph_ccrs","react_ccrs_mazeV1_04_20260607_211522.log","552","react.ccrs.contingency.escalation.skipped","16",,,,,,"no_escalation_condition_met",,,
"react-ccrs-mazeV1-04-latest","001-ccrs","react_ccrs_mazeV1_04","graph_ccrs","react_ccrs_mazeV1_04_20260607_211522.log","561","react.ccrs.contingency.escalation.considered","17",,,,,,,,,
"react-ccrs-mazeV1-04-latest","001-ccrs","react_ccrs_mazeV1_04","graph_ccrs","react_ccrs_mazeV1_04_20260607_211522.log","562","react.ccrs.contingency.escalation.skipped","17",,,,,,"no_escalation_condition_met",,,
"react-ccrs-mazeV1-04-latest","001-ccrs","react_ccrs_mazeV1_04","graph_ccrs","react_ccrs_mazeV1_04_20260607_211522.log","626","react.ccrs.contingency.escalation.considered","18",,,,,,,,,
"react-ccrs-mazeV1-04-latest","001-ccrs","react_ccrs_mazeV1_04","graph_ccrs","react_ccrs_mazeV1_04_20260607_211522.log","627","react.ccrs.contingency.escalation.skipped","18",,,,,,"no_escalation_condition_met",,,
"react-ccrs-mazeV1-04-latest","001-ccrs","react_ccrs_mazeV1_04","graph_ccrs","react_ccrs_mazeV1_04_20260607_211522.log","636","react.ccrs.contingency.escalation.considered","19",,,,,,,,,
"react-ccrs-mazeV1-04-latest","001-ccrs","react_ccrs_mazeV1_04","graph_ccrs","react_ccrs_mazeV1_04_20260607_211522.log","637","react.ccrs.contingency.escalation.skipped","19",,,,,,"no_escalation_condition_met",,,
"react-ccrs-mazeV1-04-latest","001-ccrs","react_ccrs_mazeV1_04","graph_ccrs","react_ccrs_mazeV1_04_20260607_211522.log","701","react.ccrs.contingency.escalation.considered","20",,,,,,,,,
"react-ccrs-mazeV1-04-latest","001-ccrs","react_ccrs_mazeV1_04","graph_ccrs","react_ccrs_mazeV1_04_20260607_211522.log","702","react.ccrs.contingency.escalation.skipped","20",,,,,,"no_escalation_condition_met",,,
"react-ccrs-mazeV1-04-latest","001-ccrs","react_ccrs_mazeV1_04","graph_ccrs","react_ccrs_mazeV1_04_20260607_211522.log","711","react.ccrs.contingency.escalation.considered","21",,,,,,,,,
"react-ccrs-mazeV1-04-latest","001-ccrs","react_ccrs_mazeV1_04","graph_ccrs","react_ccrs_mazeV1_04_20260607_211522.log","712","react.ccrs.contingency.escalation.skipped","21",,,,,,"no_escalation_condition_met",,,
"react-ccrs-mazeV1-04-latest","001-ccrs","react_ccrs_mazeV1_04","graph_ccrs","react_ccrs_mazeV1_04_20260607_211522.log","776","react.ccrs.contingency.escalation.considered","22",,,,,,,,,
"react-ccrs-mazeV1-04-latest","001-ccrs","react_ccrs_mazeV1_04","graph_ccrs","react_ccrs_mazeV1_04_20260607_211522.log","777","react.ccrs.contingency.escalation.skipped","22",,,,,,"no_escalation_condition_met",,,
"react-ccrs-mazeV1-04-latest","001-ccrs","react_ccrs_mazeV1_04","graph_ccrs","react_ccrs_mazeV1_04_20260607_211522.log","786","react.ccrs.contingency.escalation.considered","23",,,,,,,,,
"react-ccrs-mazeV1-04-latest","001-ccrs","react_ccrs_mazeV1_04","graph_ccrs","react_ccrs_mazeV1_04_20260607_211522.log","787","react.ccrs.contingency.escalation.skipped","23",,,,,,"no_escalation_condition_met",,,
"react-ccrs-mazeV1-04-latest","001-ccrs","react_ccrs_mazeV1_04","graph_ccrs","react_ccrs_mazeV1_04_20260607_211522.log","851","react.ccrs.contingency.escalation.considered","24",,,,,,,,,
"react-ccrs-mazeV1-04-latest","001-ccrs","react_ccrs_mazeV1_04","graph_ccrs","react_ccrs_mazeV1_04_20260607_211522.log","852","react.ccrs.contingency.escalation.skipped","24",,,,,,"no_escalation_condition_met",,,
"react-ccrs-mazeV1-04-latest","001-ccrs","react_ccrs_mazeV1_04","graph_ccrs","react_ccrs_mazeV1_04_20260607_211522.log","861","react.ccrs.contingency.escalation.considered","25",,,,,,,,,
"react-ccrs-mazeV1-04-latest","001-ccrs","react_ccrs_mazeV1_04","graph_ccrs","react_ccrs_mazeV1_04_20260607_211522.log","862","react.ccrs.contingency.escalation.skipped","25",,,,,,"no_escalation_condition_met",,,
"react-ccrs-mazeV1-04-latest","001-ccrs","react_ccrs_mazeV1_04","graph_ccrs","react_ccrs_mazeV1_04_20260607_211522.log","926","react.ccrs.contingency.escalation.considered","26",,,,,,,,,
"react-ccrs-mazeV1-04-latest","001-ccrs","react_ccrs_mazeV1_04","graph_ccrs","react_ccrs_mazeV1_04_20260607_211522.log","927","react.ccrs.contingency.escalation.skipped","26",,,,,,"no_escalation_condition_met",,,
"react-ccrs-mazeV1-04-latest","001-ccrs","react_ccrs_mazeV1_04","graph_ccrs","react_ccrs_mazeV1_04_20260607_211522.log","936","react.ccrs.contingency.escalation.considered","27",,,,,,,,,
"react-ccrs-mazeV1-04-latest","001-ccrs","react_ccrs_mazeV1_04","graph_ccrs","react_ccrs_mazeV1_04_20260607_211522.log","937","react.ccrs.contingency.escalation.skipped","27",,,,,,"no_escalation_condition_met",,,
"react-ccrs-mazeV1-04-latest","001-ccrs","react_ccrs_mazeV1_04","graph_ccrs","react_ccrs_mazeV1_04_20260607_211522.log","1001","react.ccrs.contingency.escalation.considered","28",,,,,,,,,
"react-ccrs-mazeV1-04-latest","001-ccrs","react_ccrs_mazeV1_04","graph_ccrs","react_ccrs_mazeV1_04_20260607_211522.log","1002","react.ccrs.contingency.escalation.skipped","28",,,,,,"no_escalation_condition_met",,,
"react-ccrs-mazeV1-04-latest","001-ccrs","react_ccrs_mazeV1_04","graph_ccrs","react_ccrs_mazeV1_04_20260607_211522.log","1011","react.ccrs.contingency.escalation.considered","29",,,,,,,,,
"react-ccrs-mazeV1-04-latest","001-ccrs","react_ccrs_mazeV1_04","graph_ccrs","react_ccrs_mazeV1_04_20260607_211522.log","1012","react.ccrs.contingency.escalation.skipped","29",,,,,,"no_escalation_condition_met",,,
"react-ccrs-mazeV1-04-latest","001-ccrs","react_ccrs_mazeV1_04","graph_ccrs","react_ccrs_mazeV1_04_20260607_211522.log","1076","react.ccrs.contingency.escalation.considered","30",,,,,,,,,
"react-ccrs-mazeV1-04-latest","001-ccrs","react_ccrs_mazeV1_04","graph_ccrs","react_ccrs_mazeV1_04_20260607_211522.log","1077","react.ccrs.contingency.escalation.skipped","30",,,,,,"no_escalation_condition_met",,,
"react-ccrs-mazeV1-04-latest","001-ccrs","react_ccrs_mazeV1_04","graph_ccrs","react_ccrs_mazeV1_04_20260607_211522.log","1086","react.ccrs.contingency.escalation.considered","31",,,,,,,,,
"react-ccrs-mazeV1-04-latest","001-ccrs","react_ccrs_mazeV1_04","graph_ccrs","react_ccrs_mazeV1_04_20260607_211522.log","1087","react.ccrs.contingency.escalation.skipped","31",,,,,,"no_escalation_condition_met",,,
"react-ccrs-mazeV1-04-latest","001-ccrs","react_ccrs_mazeV1_04","graph_ccrs","react_ccrs_mazeV1_04_20260607_211522.log","1151","react.ccrs.contingency.escalation.considered","32",,,,,,,,,
"react-ccrs-mazeV1-04-latest","001-ccrs","react_ccrs_mazeV1_04","graph_ccrs","react_ccrs_mazeV1_04_20260607_211522.log","1152","react.ccrs.contingency.escalation.skipped","32",,,,,,"no_escalation_condition_met",,,
"react-ccrs-mazeV1-04-latest","001-ccrs","react_ccrs_mazeV1_04","graph_ccrs","react_ccrs_mazeV1_04_20260607_211522.log","1161","react.ccrs.contingency.escalation.considered","33",,,,,,,,,
"react-ccrs-mazeV1-04-latest","001-ccrs","react_ccrs_mazeV1_04","graph_ccrs","react_ccrs_mazeV1_04_20260607_211522.log","1162","react.ccrs.contingency.escalation.skipped","33",,,,,,"no_escalation_condition_met",,,
"react-ccrs-mazeV1-04-latest","001-ccrs","react_ccrs_mazeV1_04","graph_ccrs","react_ccrs_mazeV1_04_20260607_211522.log","1226","react.ccrs.contingency.escalation.considered","34",,,,,,,,,
"react-ccrs-mazeV1-04-latest","001-ccrs","react_ccrs_mazeV1_04","graph_ccrs","react_ccrs_mazeV1_04_20260607_211522.log","1227","react.ccrs.contingency.escalation.skipped","34",,,,,,"no_escalation_condition_met",,,
"react-ccrs-mazeV1-04-latest","001-ccrs","react_ccrs_mazeV1_04","graph_ccrs","react_ccrs_mazeV1_04_20260607_211522.log","1236","react.ccrs.contingency.escalation.considered","35",,,,,,,,,
"react-ccrs-mazeV1-04-latest","001-ccrs","react_ccrs_mazeV1_04","graph_ccrs","react_ccrs_mazeV1_04_20260607_211522.log","1237","react.ccrs.contingency.escalation.skipped","35",,,,,,"no_escalation_condition_met",,,
"react-ccrs-mazeV1-04-latest","001-ccrs","react_ccrs_mazeV1_04","graph_ccrs","react_ccrs_mazeV1_04_20260607_211522.log","1301","react.ccrs.contingency.escalation.considered","36",,,,,,,,,
"react-ccrs-mazeV1-04-latest","001-ccrs","react_ccrs_mazeV1_04","graph_ccrs","react_ccrs_mazeV1_04_20260607_211522.log","1302","react.ccrs.contingency.escalation.skipped","36",,,,,,"no_escalation_condition_met",,,
"react-ccrs-mazeV1-04-latest","001-ccrs","react_ccrs_mazeV1_04","graph_ccrs","react_ccrs_mazeV1_04_20260607_211522.log","1317","react.ccrs.contingency.escalation.considered","37",,,,,,,,,
"react-ccrs-mazeV1-04-latest","001-ccrs","react_ccrs_mazeV1_04","graph_ccrs","react_ccrs_mazeV1_04_20260607_211522.log","1318","react.ccrs.contingency.escalation.skipped","37",,,,,,"no_escalation_condition_met",,,
"react-ccrs-mazeV1-04-latest","001-ccrs","react_ccrs_mazeV1_04","graph_ccrs","react_ccrs_mazeV1_04_20260607_211522.log","1382","react.ccrs.contingency.escalation.considered","38",,,,,,,,,
"react-ccrs-mazeV1-04-latest","001-ccrs","react_ccrs_mazeV1_04","graph_ccrs","react_ccrs_mazeV1_04_20260607_211522.log","1383","react.ccrs.contingency.escalation.skipped","38",,,,,,"no_escalation_condition_met",,,
"react-ccrs-mazeV1-04-latest","001-ccrs","react_ccrs_mazeV1_04","graph_ccrs","react_ccrs_mazeV1_04_20260607_211522.log","1447","react.ccrs.contingency.escalation.considered","39",,,,,,,,,
"react-ccrs-mazeV1-04-latest","001-ccrs","react_ccrs_mazeV1_04","graph_ccrs","react_ccrs_mazeV1_04_20260607_211522.log","1448","react.ccrs.contingency.escalation.skipped","39",,,,,,"no_escalation_condition_met",,,
"react-ccrs-mazeV1-04-latest","001-ccrs","react_ccrs_mazeV1_04","graph_ccrs","react_ccrs_mazeV1_04_20260607_211522.log","1457","react.ccrs.contingency.escalation.considered","40",,,,,,,,,
"react-ccrs-mazeV1-04-latest","001-ccrs","react_ccrs_mazeV1_04","graph_ccrs","react_ccrs_mazeV1_04_20260607_211522.log","1458","react.ccrs.contingency.escalation.skipped","40",,,,,,"no_escalation_condition_met",,,
"react-ccrs-mazeV1-04-latest","001-ccrs","react_ccrs_mazeV1_04","graph_ccrs","react_ccrs_mazeV1_04_20260607_211522.log","1473","react.ccrs.contingency.escalation.considered","41",,,,,,,,,
"react-ccrs-mazeV1-04-latest","001-ccrs","react_ccrs_mazeV1_04","graph_ccrs","react_ccrs_mazeV1_04_20260607_211522.log","1474","react.ccrs.contingency.escalation.skipped","41",,,,,,"no_escalation_condition_met",,,
"react-ccrs-mazeV1-04-latest","001-ccrs","react_ccrs_mazeV1_04","graph_ccrs","react_ccrs_mazeV1_04_20260607_211522.log","1489","react.ccrs.contingency.escalation.considered","42",,,,,,,,,
"react-ccrs-mazeV1-04-latest","001-ccrs","react_ccrs_mazeV1_04","graph_ccrs","react_ccrs_mazeV1_04_20260607_211522.log","1490","react.ccrs.contingency.escalation.skipped","42",,,,,,"no_escalation_condition_met",,,
"react-ccrs-mazeV1-04-latest","001-ccrs","react_ccrs_mazeV1_04","graph_ccrs","react_ccrs_mazeV1_04_20260607_211522.log","1505","react.ccrs.contingency.escalation.considered","43",,,,,,,,,
"react-ccrs-mazeV1-04-latest","001-ccrs","react_ccrs_mazeV1_04","graph_ccrs","react_ccrs_mazeV1_04_20260607_211522.log","1506","react.ccrs.contingency.escalation.skipped","43",,,,,,"no_escalation_condition_met",,,
"react-ccrs-mazeV1-04-latest","001-ccrs","react_ccrs_mazeV1_04","graph_ccrs","react_ccrs_mazeV1_04_20260607_211522.log","1521","react.ccrs.contingency.escalation.considered","44",,,,,,,,,
"react-ccrs-mazeV1-04-latest","001-ccrs","react_ccrs_mazeV1_04","graph_ccrs","react_ccrs_mazeV1_04_20260607_211522.log","1522","react.ccrs.contingency.escalation.skipped","44",,,,,,"no_escalation_condition_met",,,
"react-ccrs-mazeV1-04-latest","001-ccrs","react_ccrs_mazeV1_04","graph_ccrs","react_ccrs_mazeV1_04_20260607_211522.log","1537","react.ccrs.contingency.escalation.considered","45",,,,,,,,,
"react-ccrs-mazeV1-04-latest","001-ccrs","react_ccrs_mazeV1_04","graph_ccrs","react_ccrs_mazeV1_04_20260607_211522.log","1538","react.ccrs.contingency.escalation.skipped","45",,,,,,"no_escalation_condition_met",,,
"react-ccrs-mazeV1-04-latest","001-ccrs","react_ccrs_mazeV1_04","graph_ccrs","react_ccrs_mazeV1_04_20260607_211522.log","1553","react.ccrs.contingency.escalation.considered","46",,,,,,,,,
"react-ccrs-mazeV1-04-latest","001-ccrs","react_ccrs_mazeV1_04","graph_ccrs","react_ccrs_mazeV1_04_20260607_211522.log","1554","react.ccrs.contingency.escalation.skipped","46",,,,,,"no_escalation_condition_met",,,
"react-ccrs-mazeV1-04-latest","001-ccrs","react_ccrs_mazeV1_04","graph_ccrs","react_ccrs_mazeV1_04_20260607_211522.log","1569","react.ccrs.contingency.escalation.considered","47",,,,,,,,,
"react-ccrs-mazeV1-04-latest","001-ccrs","react_ccrs_mazeV1_04","graph_ccrs","react_ccrs_mazeV1_04_20260607_211522.log","1570","react.ccrs.contingency.escalation.skipped","47",,,,,,"no_escalation_condition_met",,,
"react-ccrs-mazeV1-04-latest","001-ccrs","react_ccrs_mazeV1_04","graph_ccrs","react_ccrs_mazeV1_04_20260607_211522.log","1585","react.ccrs.contingency.escalation.considered","48",,,,,,,,,
"react-ccrs-mazeV1-04-latest","001-ccrs","react_ccrs_mazeV1_04","graph_ccrs","react_ccrs_mazeV1_04_20260607_211522.log","1586","react.ccrs.contingency.escalation.skipped","48",,,,,,"no_escalation_condition_met",,,
"react-ccrs-mazeV1-04-latest","001-ccrs","react_ccrs_mazeV1_04","graph_ccrs","react_ccrs_mazeV1_04_20260607_211522.log","1601","react.ccrs.contingency.escalation.considered","49",,,,,,,,,
"react-ccrs-mazeV1-04-latest","001-ccrs","react_ccrs_mazeV1_04","graph_ccrs","react_ccrs_mazeV1_04_20260607_211522.log","1602","react.ccrs.contingency.escalation.skipped","49",,,,,,"no_escalation_condition_met",,,
"react-ccrs-mazeV1-04-latest","001-ccrs","react_ccrs_mazeV1_04","graph_ccrs","react_ccrs_mazeV1_04_20260607_211522.log","1617","react.ccrs.contingency.escalation.considered","50",,,,,,,,,
"react-ccrs-mazeV1-04-latest","001-ccrs","react_ccrs_mazeV1_04","graph_ccrs","react_ccrs_mazeV1_04_20260607_211522.log","1618","react.ccrs.contingency.escalation.skipped","50",,,,,,"no_escalation_condition_met",,,
"react-ccrs-mazeV1-04-latest","001-ccrs","react_ccrs_mazeV1_04","graph_ccrs","react_ccrs_mazeV1_04_20260607_211522.log","1633","react.ccrs.contingency.escalation.considered","51",,,,,,,,,
"react-ccrs-mazeV1-04-latest","001-ccrs","react_ccrs_mazeV1_04","graph_ccrs","react_ccrs_mazeV1_04_20260607_211522.log","1634","react.ccrs.contingency.escalation.skipped","51",,,,,,"no_escalation_condition_met",,,
"react-ccrs-mazeV1-04-latest","001-ccrs","react_ccrs_mazeV1_04","graph_ccrs","react_ccrs_mazeV1_04_20260607_211522.log","1649","react.ccrs.contingency.escalation.considered","52",,,,,,,,,
"react-ccrs-mazeV1-04-latest","001-ccrs","react_ccrs_mazeV1_04","graph_ccrs","react_ccrs_mazeV1_04_20260607_211522.log","1650","react.ccrs.contingency.escalation.skipped","52",,,,,,"no_escalation_condition_met",,,
"react-ccrs-mazeV1-04-latest","001-ccrs","react_ccrs_mazeV1_04","graph_ccrs","react_ccrs_mazeV1_04_20260607_211522.log","1665","react.ccrs.contingency.escalation.considered","53",,,,,,,,,
"react-ccrs-mazeV1-04-latest","001-ccrs","react_ccrs_mazeV1_04","graph_ccrs","react_ccrs_mazeV1_04_20260607_211522.log","1666","react.ccrs.contingency.escalation.skipped","53",,,,,,"no_escalation_condition_met",,,
"react-ccrs-mazeV1-04-latest","001-ccrs","react_ccrs_mazeV1_04","graph_ccrs","react_ccrs_mazeV1_04_20260607_211522.log","1681","react.ccrs.contingency.escalation.considered","54",,,,,,,,,
"react-ccrs-mazeV1-04-latest","001-ccrs","react_ccrs_mazeV1_04","graph_ccrs","react_ccrs_mazeV1_04_20260607_211522.log","1682","react.ccrs.contingency.escalation.skipped","54",,,,,,"no_escalation_condition_met",,,
"react-ccrs-mazeV1-04-latest","001-ccrs","react_ccrs_mazeV1_04","graph_ccrs","react_ccrs_mazeV1_04_20260607_211522.log","1697","react.ccrs.contingency.escalation.considered","55",,,,,,,,,
"react-ccrs-mazeV1-04-latest","001-ccrs","react_ccrs_mazeV1_04","graph_ccrs","react_ccrs_mazeV1_04_20260607_211522.log","1698","react.ccrs.contingency.escalation.skipped","55",,,,,,"no_escalation_condition_met",,,
"react-ccrs-mazeV1-04-latest","001-ccrs","react_ccrs_mazeV1_04","graph_ccrs","react_ccrs_mazeV1_04_20260607_211522.log","1713","react.ccrs.contingency.escalation.considered","56",,,,,,,,,
"react-ccrs-mazeV1-04-latest","001-ccrs","react_ccrs_mazeV1_04","graph_ccrs","react_ccrs_mazeV1_04_20260607_211522.log","1714","react.ccrs.contingency.escalation.skipped","56",,,,,,"no_escalation_condition_met",,,
"react-ccrs-mazeV1-04-latest","001-ccrs","react_ccrs_mazeV1_04","graph_ccrs","react_ccrs_mazeV1_04_20260607_211522.log","1729","react.ccrs.contingency.escalation.considered","57",,,,,,,,,
"react-ccrs-mazeV1-04-latest","001-ccrs","react_ccrs_mazeV1_04","graph_ccrs","react_ccrs_mazeV1_04_20260607_211522.log","1730","react.ccrs.contingency.escalation.skipped","57",,,,,,"no_escalation_condition_met",,,
"react-ccrs-mazeV1-04-latest","001-ccrs","react_ccrs_mazeV1_04","graph_ccrs","react_ccrs_mazeV1_04_20260607_211522.log","1745","react.ccrs.contingency.escalation.considered","58",,,,,,,,,
"react-ccrs-mazeV1-04-latest","001-ccrs","react_ccrs_mazeV1_04","graph_ccrs","react_ccrs_mazeV1_04_20260607_211522.log","1746","react.ccrs.contingency.escalation.skipped","58",,,,,,"no_escalation_condition_met",,,
"react-ccrs-mazeV1-04-latest","001-ccrs","react_ccrs_mazeV1_04","graph_ccrs","react_ccrs_mazeV1_04_20260607_211522.log","1761","react.ccrs.contingency.escalation.considered","59",,,,,,,,,
"react-ccrs-mazeV1-04-latest","001-ccrs","react_ccrs_mazeV1_04","graph_ccrs","react_ccrs_mazeV1_04_20260607_211522.log","1762","react.ccrs.contingency.escalation.skipped","59",,,,,,"no_escalation_condition_met",,,
"react-ccrs-mazeV1-04-latest","001-ccrs","react_ccrs_mazeV1_04","graph_ccrs","react_ccrs_mazeV1_04_20260607_211522.log","1777","react.ccrs.contingency.escalation.considered","60",,,,,,,,,
"react-ccrs-mazeV1-04-latest","001-ccrs","react_ccrs_mazeV1_04","graph_ccrs","react_ccrs_mazeV1_04_20260607_211522.log","1778","react.ccrs.contingency.escalation.skipped","60",,,,,,"no_escalation_condition_met",,,
"react-ccrs-mazeV1-04-latest","001-ccrs","react_ccrs_mazeV1_04","graph_ccrs","react_ccrs_mazeV1_04_20260607_211522.log","1793","react.ccrs.contingency.escalation.considered","61",,,,,,,,,
"react-ccrs-mazeV1-04-latest","001-ccrs","react_ccrs_mazeV1_04","graph_ccrs","react_ccrs_mazeV1_04_20260607_211522.log","1794","react.ccrs.contingency.escalation.skipped","61",,,,,,"no_escalation_condition_met",,,
"react-ccrs-mazeV1-04-latest","001-ccrs","react_ccrs_mazeV1_04","graph_ccrs","react_ccrs_mazeV1_04_20260607_211522.log","1803","react.ccrs.contingency.escalation.considered","62",,,,,,,,,
"react-ccrs-mazeV1-04-latest","001-ccrs","react_ccrs_mazeV1_04","graph_ccrs","react_ccrs_mazeV1_04_20260607_211522.log","1804","react.ccrs.contingency.escalation.skipped","62",,,,,,"no_escalation_condition_met",,,
"react-ccrs-mazeV1-04-latest","001-ccrs","react_ccrs_mazeV1_04","graph_ccrs","react_ccrs_mazeV1_04_20260607_211522.log","1819","react.ccrs.contingency.escalation.considered","63",,,,,,,,,
"react-ccrs-mazeV1-04-latest","001-ccrs","react_ccrs_mazeV1_04","graph_ccrs","react_ccrs_mazeV1_04_20260607_211522.log","1820","react.ccrs.contingency.escalation.skipped","63",,,,,,"no_escalation_condition_met",,,
"react-ccrs-mazeV1-04-latest","001-ccrs","react_ccrs_mazeV1_04","graph_ccrs","react_ccrs_mazeV1_04_20260607_211522.log","1835","react.ccrs.contingency.escalation.considered","64",,,,,,,,,
"react-ccrs-mazeV1-04-latest","001-ccrs","react_ccrs_mazeV1_04","graph_ccrs","react_ccrs_mazeV1_04_20260607_211522.log","1836","react.ccrs.contingency.escalation.skipped","64",,,,,,"no_escalation_condition_met",,,
"react-ccrs-mazeV1-04-latest","001-ccrs","react_ccrs_mazeV1_04","graph_ccrs","react_ccrs_mazeV1_04_20260607_211522.log","1851","react.ccrs.contingency.escalation.considered","65",,,,,,,,,
"react-ccrs-mazeV1-04-latest","001-ccrs","react_ccrs_mazeV1_04","graph_ccrs","react_ccrs_mazeV1_04_20260607_211522.log","1852","react.ccrs.contingency.escalation.skipped","65",,,,,,"no_escalation_condition_met",,,
"react-ccrs-mazeV1-04-latest","001-ccrs","react_ccrs_mazeV1_04","graph_ccrs","react_ccrs_mazeV1_04_20260607_211522.log","1867","react.ccrs.contingency.escalation.considered","66",,,,,,,,,
"react-ccrs-mazeV1-04-latest","001-ccrs","react_ccrs_mazeV1_04","graph_ccrs","react_ccrs_mazeV1_04_20260607_211522.log","1868","react.ccrs.contingency.escalation.skipped","66",,,,,,"no_escalation_condition_met",,,
"react-ccrs-mazeV1-04-latest","001-ccrs","react_ccrs_mazeV1_04","graph_ccrs","react_ccrs_mazeV1_04_20260607_211522.log","1883","react.ccrs.contingency.escalation.considered","67",,,,,,,,,
"react-ccrs-mazeV1-04-latest","001-ccrs","react_ccrs_mazeV1_04","graph_ccrs","react_ccrs_mazeV1_04_20260607_211522.log","1884","react.ccrs.contingency.escalation.skipped","67",,,,,,"no_escalation_condition_met",,,
"react-ccrs-mazeV1-04-latest","001-ccrs","react_ccrs_mazeV1_04","graph_ccrs","react_ccrs_mazeV1_04_20260607_211522.log","1899","react.ccrs.contingency.escalation.considered","68",,,,,,,,,
"react-ccrs-mazeV1-04-latest","001-ccrs","react_ccrs_mazeV1_04","graph_ccrs","react_ccrs_mazeV1_04_20260607_211522.log","1900","react.ccrs.contingency.escalation.skipped","68",,,,,,"no_escalation_condition_met",,,
"react-ccrs-mazeV1-04-latest","001-ccrs","react_ccrs_mazeV1_04","graph_ccrs","react_ccrs_mazeV1_04_20260607_211522.log","1915","react.ccrs.contingency.escalation.considered","69",,,,,,,,,
"react-ccrs-mazeV1-04-latest","001-ccrs","react_ccrs_mazeV1_04","graph_ccrs","react_ccrs_mazeV1_04_20260607_211522.log","1916","react.ccrs.contingency.escalation.skipped","69",,,,,,"no_escalation_condition_met",,,
"react-ccrs-mazeV1-04-latest","001-ccrs","react_ccrs_mazeV1_04","graph_ccrs","react_ccrs_mazeV1_04_20260607_211522.log","1931","react.ccrs.contingency.escalation.considered","70",,,,,,,,,
"react-ccrs-mazeV1-04-latest","001-ccrs","react_ccrs_mazeV1_04","graph_ccrs","react_ccrs_mazeV1_04_20260607_211522.log","1932","react.ccrs.contingency.escalation.skipped","70",,,,,,"no_escalation_condition_met",,,
"react-ccrs-mazeV1-04-latest","001-ccrs","react_ccrs_mazeV1_04","graph_ccrs","react_ccrs_mazeV1_04_20260607_211522.log","1947","react.ccrs.contingency.escalation.considered","71",,,,,,,,,
"react-ccrs-mazeV1-04-latest","001-ccrs","react_ccrs_mazeV1_04","graph_ccrs","react_ccrs_mazeV1_04_20260607_211522.log","1948","react.ccrs.contingency.escalation.skipped","71",,,,,,"no_escalation_condition_met",,,
"react-ccrs-mazeV1-04-latest","001-ccrs","react_ccrs_mazeV1_04","graph_ccrs","react_ccrs_mazeV1_04_20260607_211522.log","1963","react.ccrs.contingency.escalation.considered","72",,,,,,,,,
"react-ccrs-mazeV1-04-latest","001-ccrs","react_ccrs_mazeV1_04","graph_ccrs","react_ccrs_mazeV1_04_20260607_211522.log","1964","react.ccrs.contingency.escalation.skipped","72",,,,,,"no_escalation_condition_met",,,
"react-ccrs-mazeV1-04-latest","001-ccrs","react_ccrs_mazeV1_04","graph_ccrs","react_ccrs_mazeV1_04_20260607_211522.log","1979","react.ccrs.contingency.escalation.considered","73",,,,,,,,,
"react-ccrs-mazeV1-04-latest","001-ccrs","react_ccrs_mazeV1_04","graph_ccrs","react_ccrs_mazeV1_04_20260607_211522.log","1980","react.ccrs.contingency.escalation.activated","73",,,,,,"explicit_llm_escalation","http://127.0.1.1:8080/cells/11/8",,
"react-ccrs-mazeV1-04-latest","001-ccrs","react_ccrs_mazeV1_04","graph_ccrs","react_ccrs_mazeV1_04_20260607_211522.log","1985","react.ccrs.contingency.classpath.resolved",,,,,,,,,,
"react-ccrs-mazeV1-04-latest","001-ccrs","react_ccrs_mazeV1_04","graph_ccrs","react_ccrs_mazeV1_04_20260607_211522.log","1989","react.ccrs.contingency.runtime.ready",,,,,,,,,,
"react-ccrs-mazeV1-04-latest","001-ccrs","react_ccrs_mazeV1_04","graph_ccrs","react_ccrs_mazeV1_04_20260607_211522.log","1993","react.ccrs.contingency.classpath.resolved",,,,,,,,,,
"react-ccrs-mazeV1-04-latest","001-ccrs","react_ccrs_mazeV1_04","graph_ccrs","react_ccrs_mazeV1_04_20260607_211522.log","1996","react.ccrs.contingency.evaluate",,,,,,,,"http://127.0.1.1:8080/cells/11/8",,
"react-ccrs-mazeV1-04-latest","001-ccrs","react_ccrs_mazeV1_04","graph_ccrs","react_ccrs_mazeV1_04_20260607_211522.log","1997","react.ccrs.contingency.returned",,,,"40a7dc1a-9eea-4980-b0ea-f0d9d838ecb8",,"False",,,,
"react-ccrs-mazeV1-04-latest","001-ccrs","react_ccrs_mazeV1_04","graph_ccrs","react_ccrs_mazeV1_04_20260607_211522.log","2189","react.ccrs.contingency.escalation.considered","74",,,,,,,,,
"react-ccrs-mazeV1-04-latest","001-ccrs","react_ccrs_mazeV1_04","graph_ccrs","react_ccrs_mazeV1_04_20260607_211522.log","2190","react.ccrs.contingency.escalation.skipped","74",,,,,,"no_escalation_condition_met",,,
"react-ccrs-mazeV1-04-latest","001-ccrs","react_ccrs_mazeV1_04","graph_ccrs","react_ccrs_mazeV1_04_20260607_211522.log","2199","react.ccrs.contingency.escalation.considered","75",,,,,,,,,
"react-ccrs-mazeV1-04-latest","001-ccrs","react_ccrs_mazeV1_04","graph_ccrs","react_ccrs_mazeV1_04_20260607_211522.log","2200","react.ccrs.contingency.escalation.skipped","75",,,,,,"no_escalation_condition_met",,,
"react-ccrs-mazeV1-04-latest","001-ccrs","react_ccrs_mazeV1_04","graph_ccrs","react_ccrs_mazeV1_04_20260607_211522.log","2215","react.ccrs.contingency.escalation.considered","76",,,,,,,,,
"react-ccrs-mazeV1-04-latest","001-ccrs","react_ccrs_mazeV1_04","graph_ccrs","react_ccrs_mazeV1_04_20260607_211522.log","2216","react.ccrs.contingency.escalation.skipped","76",,,,,,"no_escalation_condition_met",,,
"react-ccrs-mazeV1-04-latest","001-ccrs","react_ccrs_mazeV1_04","graph_ccrs","react_ccrs_mazeV1_04_20260607_211522.log","2231","react.ccrs.contingency.escalation.considered","77",,,,,,,,,
"react-ccrs-mazeV1-04-latest","001-ccrs","react_ccrs_mazeV1_04","graph_ccrs","react_ccrs_mazeV1_04_20260607_211522.log","2232","react.ccrs.contingency.escalation.skipped","77",,,,,,"no_escalation_condition_met",,,
"react-ccrs-mazeV1-04-latest","001-ccrs","react_ccrs_mazeV1_04","graph_ccrs","react_ccrs_mazeV1_04_20260607_211522.log","2247","react.ccrs.contingency.escalation.considered","78",,,,,,,,,
"react-ccrs-mazeV1-04-latest","001-ccrs","react_ccrs_mazeV1_04","graph_ccrs","react_ccrs_mazeV1_04_20260607_211522.log","2248","react.ccrs.contingency.escalation.skipped","78",,,,,,"no_escalation_condition_met",,,
"react-ccrs-mazeV1-04-latest","001-ccrs","react_ccrs_mazeV1_04","graph_ccrs","react_ccrs_mazeV1_04_20260607_211522.log","2263","react.ccrs.contingency.escalation.considered","79",,,,,,,,,
"react-ccrs-mazeV1-04-latest","001-ccrs","react_ccrs_mazeV1_04","graph_ccrs","react_ccrs_mazeV1_04_20260607_211522.log","2264","react.ccrs.contingency.escalation.skipped","79",,,,,,"no_escalation_condition_met",,,
"react-ccrs-mazeV1-04-latest","001-ccrs","react_ccrs_mazeV1_04","graph_ccrs","react_ccrs_mazeV1_04_20260607_211522.log","2279","react.ccrs.contingency.escalation.considered","80",,,,,,,,,
"react-ccrs-mazeV1-04-latest","001-ccrs","react_ccrs_mazeV1_04","graph_ccrs","react_ccrs_mazeV1_04_20260607_211522.log","2280","react.ccrs.contingency.escalation.skipped","80",,,,,,"no_escalation_condition_met",,,
"react-ccrs-mazeV1-04-latest","001-ccrs","react_ccrs_mazeV1_04","graph_ccrs","react_ccrs_mazeV1_04_20260607_211522.log","2295","react.ccrs.contingency.escalation.considered","81",,,,,,,,,
"react-ccrs-mazeV1-04-latest","001-ccrs","react_ccrs_mazeV1_04","graph_ccrs","react_ccrs_mazeV1_04_20260607_211522.log","2296","react.ccrs.contingency.escalation.skipped","81",,,,,,"no_escalation_condition_met",,,
"react-ccrs-mazeV1-04-latest","001-ccrs","react_ccrs_mazeV1_04","graph_ccrs","react_ccrs_mazeV1_04_20260607_211522.log","2311","react.ccrs.contingency.escalation.considered","82",,,,,,,,,
"react-ccrs-mazeV1-04-latest","001-ccrs","react_ccrs_mazeV1_04","graph_ccrs","react_ccrs_mazeV1_04_20260607_211522.log","2312","react.ccrs.contingency.escalation.skipped","82",,,,,,"no_escalation_condition_met",,,
"react-ccrs-mazeV1-04-latest","001-ccrs","react_ccrs_mazeV1_04","graph_ccrs","react_ccrs_mazeV1_04_20260607_211522.log","2327","react.ccrs.contingency.escalation.considered","83",,,,,,,,,
"react-ccrs-mazeV1-04-latest","001-ccrs","react_ccrs_mazeV1_04","graph_ccrs","react_ccrs_mazeV1_04_20260607_211522.log","2328","react.ccrs.contingency.escalation.skipped","83",,,,,,"no_escalation_condition_met",,,
"react-ccrs-mazeV1-04-latest","001-ccrs","react_ccrs_mazeV1_04","graph_ccrs","react_ccrs_mazeV1_04_20260607_211522.log","2343","react.ccrs.contingency.escalation.considered","84",,,,,,,,,
"react-ccrs-mazeV1-04-latest","001-ccrs","react_ccrs_mazeV1_04","graph_ccrs","react_ccrs_mazeV1_04_20260607_211522.log","2344","react.ccrs.contingency.escalation.skipped","84",,,,,,"no_escalation_condition_met",,,
"react-ccrs-mazeV1-04-latest","001-ccrs","react_ccrs_mazeV1_04","graph_ccrs","react_ccrs_mazeV1_04_20260607_211522.log","2359","react.ccrs.contingency.escalation.considered","85",,,,,,,,,
"react-ccrs-mazeV1-04-latest","001-ccrs","react_ccrs_mazeV1_04","graph_ccrs","react_ccrs_mazeV1_04_20260607_211522.log","2360","react.ccrs.contingency.escalation.skipped","85",,,,,,"no_escalation_condition_met",,,
"react-ccrs-mazeV1-04-latest","001-ccrs","react_ccrs_mazeV1_04","graph_ccrs","react_ccrs_mazeV1_04_20260607_211522.log","2375","react.ccrs.contingency.escalation.considered","86",,,,,,,,,
"react-ccrs-mazeV1-04-latest","001-ccrs","react_ccrs_mazeV1_04","graph_ccrs","react_ccrs_mazeV1_04_20260607_211522.log","2376","react.ccrs.contingency.escalation.skipped","86",,,,,,"no_escalation_condition_met",,,
"react-ccrs-mazeV1-04-latest","001-ccrs","react_ccrs_mazeV1_04","graph_ccrs","react_ccrs_mazeV1_04_20260607_211522.log","2391","react.ccrs.contingency.escalation.considered","87",,,,,,,,,
"react-ccrs-mazeV1-04-latest","001-ccrs","react_ccrs_mazeV1_04","graph_ccrs","react_ccrs_mazeV1_04_20260607_211522.log","2392","react.ccrs.contingency.escalation.skipped","87",,,,,,"no_escalation_condition_met",,,
"react-ccrs-mazeV1-04-latest","001-ccrs","react_ccrs_mazeV1_04","graph_ccrs","react_ccrs_mazeV1_04_20260607_211522.log","2407","react.ccrs.contingency.escalation.considered","88",,,,,,,,,
"react-ccrs-mazeV1-04-latest","001-ccrs","react_ccrs_mazeV1_04","graph_ccrs","react_ccrs_mazeV1_04_20260607_211522.log","2408","react.ccrs.contingency.escalation.skipped","88",,,,,,"no_escalation_condition_met",,,
"react-ccrs-mazeV1-04-latest","001-ccrs","react_ccrs_mazeV1_04","graph_ccrs","react_ccrs_mazeV1_04_20260607_211522.log","2423","react.ccrs.contingency.escalation.considered","89",,,,,,,,,
"react-ccrs-mazeV1-04-latest","001-ccrs","react_ccrs_mazeV1_04","graph_ccrs","react_ccrs_mazeV1_04_20260607_211522.log","2424","react.ccrs.contingency.escalation.skipped","89",,,,,,"no_escalation_condition_met",,,
"react-ccrs-mazeV1-04-latest","001-ccrs","react_ccrs_mazeV1_04","graph_ccrs","react_ccrs_mazeV1_04_20260607_211522.log","2439","react.ccrs.contingency.escalation.considered","90",,,,,,,,,
"react-ccrs-mazeV1-04-latest","001-ccrs","react_ccrs_mazeV1_04","graph_ccrs","react_ccrs_mazeV1_04_20260607_211522.log","2440","react.ccrs.contingency.escalation.skipped","90",,,,,,"no_escalation_condition_met",,,
"react-ccrs-mazeV1-04-latest","001-ccrs","react_ccrs_mazeV1_04","graph_ccrs","react_ccrs_mazeV1_04_20260607_211522.log","2455","react.ccrs.contingency.escalation.considered","91",,,,,,,,,
"react-ccrs-mazeV1-04-latest","001-ccrs","react_ccrs_mazeV1_04","graph_ccrs","react_ccrs_mazeV1_04_20260607_211522.log","2456","react.ccrs.contingency.escalation.skipped","91",,,,,,"no_escalation_condition_met",,,
"react-ccrs-mazeV1-04-latest","001-ccrs","react_ccrs_mazeV1_04","graph_ccrs","react_ccrs_mazeV1_04_20260607_211522.log","2471","react.ccrs.contingency.escalation.considered","92",,,,,,,,,
"react-ccrs-mazeV1-04-latest","001-ccrs","react_ccrs_mazeV1_04","graph_ccrs","react_ccrs_mazeV1_04_20260607_211522.log","2472","react.ccrs.contingency.escalation.skipped","92",,,,,,"no_escalation_condition_met",,,
"react-ccrs-mazeV1-04-latest","001-ccrs","react_ccrs_mazeV1_04","graph_ccrs","react_ccrs_mazeV1_04_20260607_211522.log","2487","react.ccrs.contingency.escalation.considered","93",,,,,,,,,
"react-ccrs-mazeV1-04-latest","001-ccrs","react_ccrs_mazeV1_04","graph_ccrs","react_ccrs_mazeV1_04_20260607_211522.log","2488","react.ccrs.contingency.escalation.skipped","93",,,,,,"no_escalation_condition_met",,,
"react-ccrs-mazeV1-04-latest","001-ccrs","react_ccrs_mazeV1_04","graph_ccrs","react_ccrs_mazeV1_04_20260607_211522.log","2503","react.ccrs.contingency.escalation.considered","94",,,,,,,,,
"react-ccrs-mazeV1-04-latest","001-ccrs","react_ccrs_mazeV1_04","graph_ccrs","react_ccrs_mazeV1_04_20260607_211522.log","2504","react.ccrs.contingency.escalation.skipped","94",,,,,,"no_escalation_condition_met",,,
"react-ccrs-mazeV1-04-latest","001-ccrs","react_ccrs_mazeV1_04","graph_ccrs","react_ccrs_mazeV1_04_20260607_211522.log","2513","react.ccrs.contingency.escalation.considered","95",,,,,,,,,
"react-ccrs-mazeV1-04-latest","001-ccrs","react_ccrs_mazeV1_04","graph_ccrs","react_ccrs_mazeV1_04_20260607_211522.log","2514","react.ccrs.contingency.escalation.skipped","95",,,,,,"no_escalation_condition_met",,,
"react-ccrs-mazeV1-04-latest","001-ccrs","react_ccrs_mazeV1_04","graph_ccrs","react_ccrs_mazeV1_04_20260607_211522.log","2529","react.ccrs.contingency.escalation.considered","96",,,,,,,,,
"react-ccrs-mazeV1-04-latest","001-ccrs","react_ccrs_mazeV1_04","graph_ccrs","react_ccrs_mazeV1_04_20260607_211522.log","2530","react.ccrs.contingency.escalation.skipped","96",,,,,,"no_escalation_condition_met",,,
"react-ccrs-mazeV1-04-latest","001-ccrs","react_ccrs_mazeV1_04","graph_ccrs","react_ccrs_mazeV1_04_20260607_211522.log","2545","react.ccrs.contingency.escalation.considered","97",,,,,,,,,
"react-ccrs-mazeV1-04-latest","001-ccrs","react_ccrs_mazeV1_04","graph_ccrs","react_ccrs_mazeV1_04_20260607_211522.log","2546","react.ccrs.contingency.escalation.skipped","97",,,,,,"no_escalation_condition_met",,,
"react-ccrs-mazeV1-04-latest","001-ccrs","react_ccrs_mazeV1_04","graph_ccrs","react_ccrs_mazeV1_04_20260607_211522.log","2561","react.ccrs.contingency.escalation.considered","98",,,,,,,,,
"react-ccrs-mazeV1-04-latest","001-ccrs","react_ccrs_mazeV1_04","graph_ccrs","react_ccrs_mazeV1_04_20260607_211522.log","2562","react.ccrs.contingency.escalation.skipped","98",,,,,,"no_escalation_condition_met",,,
"react-ccrs-mazeV1-04-latest","001-ccrs","react_ccrs_mazeV1_04","graph_ccrs","react_ccrs_mazeV1_04_20260607_211522.log","2577","react.ccrs.contingency.escalation.considered","99",,,,,,,,,
"react-ccrs-mazeV1-04-latest","001-ccrs","react_ccrs_mazeV1_04","graph_ccrs","react_ccrs_mazeV1_04_20260607_211522.log","2578","react.ccrs.contingency.escalation.skipped","99",,,,,,"no_escalation_condition_met",,,
"react-ccrs-mazeV1-04-latest","001-ccrs","react_ccrs_mazeV1_04","graph_ccrs","react_ccrs_mazeV1_04_20260607_211522.log","2587","react.ccrs.contingency.escalation.considered","100",,,,,,,,,
"react-ccrs-mazeV1-04-latest","001-ccrs","react_ccrs_mazeV1_04","graph_ccrs","react_ccrs_mazeV1_04_20260607_211522.log","2588","react.ccrs.contingency.escalation.skipped","100",,,,,,"no_escalation_condition_met",,,
"react-ccrs-mazeV1-04-latest","001-ccrs","react_ccrs_mazeV1_04","graph_ccrs","react_ccrs_mazeV1_04_20260607_211522.log","2603","react.ccrs.contingency.escalation.considered","101",,,,,,,,,
"react-ccrs-mazeV1-04-latest","001-ccrs","react_ccrs_mazeV1_04","graph_ccrs","react_ccrs_mazeV1_04_20260607_211522.log","2604","react.ccrs.contingency.escalation.skipped","101",,,,,,"no_escalation_condition_met",,,
"react-ccrs-mazeV1-04-latest","001-ccrs","react_ccrs_mazeV1_04","graph_ccrs","react_ccrs_mazeV1_04_20260607_211522.log","2619","react.ccrs.contingency.escalation.considered","102",,,,,,,,,
"react-ccrs-mazeV1-04-latest","001-ccrs","react_ccrs_mazeV1_04","graph_ccrs","react_ccrs_mazeV1_04_20260607_211522.log","2620","react.ccrs.contingency.escalation.skipped","102",,,,,,"no_escalation_condition_met",,,
"react-ccrs-mazeV1-04-latest","001-ccrs","react_ccrs_mazeV1_04","graph_ccrs","react_ccrs_mazeV1_04_20260607_211522.log","2635","react.ccrs.contingency.escalation.considered","103",,,,,,,,,
"react-ccrs-mazeV1-04-latest","001-ccrs","react_ccrs_mazeV1_04","graph_ccrs","react_ccrs_mazeV1_04_20260607_211522.log","2636","react.ccrs.contingency.escalation.skipped","103",,,,,,"no_escalation_condition_met",,,
"react-ccrs-mazeV1-04-latest","001-ccrs","react_ccrs_mazeV1_04","graph_ccrs","react_ccrs_mazeV1_04_20260607_211522.log","2651","react.ccrs.contingency.escalation.considered","104",,,,,,,,,
"react-ccrs-mazeV1-04-latest","001-ccrs","react_ccrs_mazeV1_04","graph_ccrs","react_ccrs_mazeV1_04_20260607_211522.log","2652","react.ccrs.contingency.escalation.skipped","104",,,,,,"no_escalation_condition_met",,,
"react-ccrs-mazeV1-04-latest","001-ccrs","react_ccrs_mazeV1_04","graph_ccrs","react_ccrs_mazeV1_04_20260607_211522.log","2667","react.ccrs.contingency.escalation.considered","105",,,,,,,,,
"react-ccrs-mazeV1-04-latest","001-ccrs","react_ccrs_mazeV1_04","graph_ccrs","react_ccrs_mazeV1_04_20260607_211522.log","2668","react.ccrs.contingency.escalation.skipped","105",,,,,,"no_escalation_condition_met",,,
"react-ccrs-mazeV1-04-latest","001-ccrs","react_ccrs_mazeV1_04","graph_ccrs","react_ccrs_mazeV1_04_20260607_211522.log","2683","react.ccrs.contingency.escalation.considered","106",,,,,,,,,
"react-ccrs-mazeV1-04-latest","001-ccrs","react_ccrs_mazeV1_04","graph_ccrs","react_ccrs_mazeV1_04_20260607_211522.log","2684","react.ccrs.contingency.escalation.skipped","106",,,,,,"no_escalation_condition_met",,,
"react-ccrs-mazeV1-04-latest","001-ccrs","react_ccrs_mazeV1_04","graph_ccrs","react_ccrs_mazeV1_04_20260607_211522.log","2699","react.ccrs.contingency.escalation.considered","107",,,,,,,,,
"react-ccrs-mazeV1-04-latest","001-ccrs","react_ccrs_mazeV1_04","graph_ccrs","react_ccrs_mazeV1_04_20260607_211522.log","2700","react.ccrs.contingency.escalation.skipped","107",,,,,,"no_escalation_condition_met",,,
"react-ccrs-mazeV1-04-latest","001-ccrs","react_ccrs_mazeV1_04","graph_ccrs","react_ccrs_mazeV1_04_20260607_211522.log","2709","react.ccrs.contingency.escalation.considered","108",,,,,,,,,
"react-ccrs-mazeV1-04-latest","001-ccrs","react_ccrs_mazeV1_04","graph_ccrs","react_ccrs_mazeV1_04_20260607_211522.log","2710","react.ccrs.contingency.escalation.skipped","108",,,,,,"no_escalation_condition_met",,,
"react-ccrs-mazeV1-04-latest","001-ccrs","react_ccrs_mazeV1_04","graph_ccrs","react_ccrs_mazeV1_04_20260607_211522.log","2725","react.ccrs.contingency.escalation.considered","109",,,,,,,,,
"react-ccrs-mazeV1-04-latest","001-ccrs","react_ccrs_mazeV1_04","graph_ccrs","react_ccrs_mazeV1_04_20260607_211522.log","2726","react.ccrs.contingency.escalation.skipped","109",,,,,,"no_escalation_condition_met",,,
"react-ccrs-mazeV1-04-latest","001-ccrs","react_ccrs_mazeV1_04","graph_ccrs","react_ccrs_mazeV1_04_20260607_211522.log","2741","react.ccrs.contingency.escalation.considered","110",,,,,,,,,
"react-ccrs-mazeV1-04-latest","001-ccrs","react_ccrs_mazeV1_04","graph_ccrs","react_ccrs_mazeV1_04_20260607_211522.log","2742","react.ccrs.contingency.escalation.skipped","110",,,,,,"no_escalation_condition_met",,,
"react-ccrs-mazeV1-04-latest","001-ccrs","react_ccrs_mazeV1_04","graph_ccrs","react_ccrs_mazeV1_04_20260607_211522.log","2757","react.ccrs.contingency.escalation.considered","111",,,,,,,,,
"react-ccrs-mazeV1-04-latest","001-ccrs","react_ccrs_mazeV1_04","graph_ccrs","react_ccrs_mazeV1_04_20260607_211522.log","2758","react.ccrs.contingency.escalation.skipped","111",,,,,,"no_escalation_condition_met",,,
"react-ccrs-mazeV1-04-latest","001-ccrs","react_ccrs_mazeV1_04","graph_ccrs","react_ccrs_mazeV1_04_20260607_211522.log","2773","react.ccrs.contingency.escalation.considered","112",,,,,,,,,
"react-ccrs-mazeV1-04-latest","001-ccrs","react_ccrs_mazeV1_04","graph_ccrs","react_ccrs_mazeV1_04_20260607_211522.log","2774","react.ccrs.contingency.escalation.skipped","112",,,,,,"no_escalation_condition_met",,,
"react-ccrs-mazeV1-04-latest","001-ccrs","react_ccrs_mazeV1_04","graph_ccrs","react_ccrs_mazeV1_04_20260607_211522.log","2789","react.ccrs.contingency.escalation.considered","113",,,,,,,,,
"react-ccrs-mazeV1-04-latest","001-ccrs","react_ccrs_mazeV1_04","graph_ccrs","react_ccrs_mazeV1_04_20260607_211522.log","2790","react.ccrs.contingency.escalation.skipped","113",,,,,,"no_escalation_condition_met",,,
"react-ccrs-mazeV1-04-latest","001-ccrs","react_ccrs_mazeV1_04","graph_ccrs","react_ccrs_mazeV1_04_20260607_211522.log","2805","react.ccrs.contingency.escalation.considered","114",,,,,,,,,
"react-ccrs-mazeV1-04-latest","001-ccrs","react_ccrs_mazeV1_04","graph_ccrs","react_ccrs_mazeV1_04_20260607_211522.log","2806","react.ccrs.contingency.escalation.skipped","114",,,,,,"no_escalation_condition_met",,,
"react-ccrs-mazeV1-04-latest","001-ccrs","react_ccrs_mazeV1_04","graph_ccrs","react_ccrs_mazeV1_04_20260607_211522.log","2821","react.ccrs.contingency.escalation.considered","115",,,,,,,,,
"react-ccrs-mazeV1-04-latest","001-ccrs","react_ccrs_mazeV1_04","graph_ccrs","react_ccrs_mazeV1_04_20260607_211522.log","2822","react.ccrs.contingency.escalation.skipped","115",,,,,,"no_escalation_condition_met",,,
"react-ccrs-mazeV1-04-latest","001-ccrs","react_ccrs_mazeV1_04","graph_ccrs","react_ccrs_mazeV1_04_20260607_211522.log","2837","react.ccrs.contingency.escalation.considered","116",,,,,,,,,
"react-ccrs-mazeV1-04-latest","001-ccrs","react_ccrs_mazeV1_04","graph_ccrs","react_ccrs_mazeV1_04_20260607_211522.log","2838","react.ccrs.contingency.escalation.activated","116",,,,,,"consecutive_http_api_errors",,,
"react-ccrs-mazeV1-04-latest","001-ccrs","react_ccrs_mazeV1_04","graph_ccrs","react_ccrs_mazeV1_04_20260607_211522.log","2843","react.ccrs.contingency.classpath.resolved",,,,,,,,,,
"react-ccrs-mazeV1-04-latest","001-ccrs","react_ccrs_mazeV1_04","graph_ccrs","react_ccrs_mazeV1_04_20260607_211522.log","2849","react.ccrs.contingency.classpath.resolved",,,,,,,,,,
"react-ccrs-mazeV1-04-latest","001-ccrs","react_ccrs_mazeV1_04","graph_ccrs","react_ccrs_mazeV1_04_20260607_211522.log","2852","react.ccrs.contingency.evaluate",,,,,,,,,,
"react-ccrs-mazeV1-04-latest","001-ccrs","react_ccrs_mazeV1_04","graph_ccrs","react_ccrs_mazeV1_04_20260607_211522.log","2853","react.ccrs.contingency.returned",,,,"2c2161c8-8ac9-41f1-9c00-570613db0e66",,"False",,,,
"react-ccrs-mazeV1-04-latest","001-ccrs","react_ccrs_mazeV1_04","graph_ccrs","react_ccrs_mazeV1_04_20260607_211522.log","2975","react.ccrs.contingency.escalation.considered","117",,,,,,,,,
"react-ccrs-mazeV1-04-latest","001-ccrs","react_ccrs_mazeV1_04","graph_ccrs","react_ccrs_mazeV1_04_20260607_211522.log","2976","react.ccrs.contingency.escalation.skipped","117",,,,,,"no_escalation_condition_met",,,
"react-ccrs-mazeV1-04-latest","001-ccrs","react_ccrs_mazeV1_04","graph_ccrs","react_ccrs_mazeV1_04_20260607_211522.log","2991","react.ccrs.contingency.escalation.considered","118",,,,,,,,,
"react-ccrs-mazeV1-04-latest","001-ccrs","react_ccrs_mazeV1_04","graph_ccrs","react_ccrs_mazeV1_04_20260607_211522.log","2992","react.ccrs.contingency.escalation.skipped","118",,,,,,"no_escalation_condition_met",,,
"react-ccrs-mazeV1-04-latest","001-ccrs","react_ccrs_mazeV1_04","graph_ccrs","react_ccrs_mazeV1_04_20260607_211522.log","3007","react.ccrs.contingency.escalation.considered","119",,,,,,,,,
"react-ccrs-mazeV1-04-latest","001-ccrs","react_ccrs_mazeV1_04","graph_ccrs","react_ccrs_mazeV1_04_20260607_211522.log","3008","react.ccrs.contingency.escalation.activated","119",,,,,,"explicit_llm_escalation","http://127.0.1.1:8080/cells/10/11",,
"react-ccrs-mazeV1-04-latest","001-ccrs","react_ccrs_mazeV1_04","graph_ccrs","react_ccrs_mazeV1_04_20260607_211522.log","3013","react.ccrs.contingency.classpath.resolved",,,,,,,,,,
"react-ccrs-mazeV1-04-latest","001-ccrs","react_ccrs_mazeV1_04","graph_ccrs","react_ccrs_mazeV1_04_20260607_211522.log","3019","react.ccrs.contingency.classpath.resolved",,,,,,,,,,
"react-ccrs-mazeV1-04-latest","001-ccrs","react_ccrs_mazeV1_04","graph_ccrs","react_ccrs_mazeV1_04_20260607_211522.log","3022","react.ccrs.contingency.evaluate",,,,,,,,"http://127.0.1.1:8080/cells/10/11",,
"react-ccrs-mazeV1-04-latest","001-ccrs","react_ccrs_mazeV1_04","graph_ccrs","react_ccrs_mazeV1_04_20260607_211522.log","3023","react.ccrs.contingency.returned",,,,"be30cea3-32a5-404c-875e-2ef0dc540c94",,"False",,,,
"react-ccrs-mazeV1-04-latest","001-ccrs","react_ccrs_mazeV1_04","graph_ccrs","react_ccrs_mazeV1_04_20260607_211522.log","3215","react.ccrs.contingency.escalation.considered","120",,,,,,,,,
"react-ccrs-mazeV1-04-latest","001-ccrs","react_ccrs_mazeV1_04","graph_ccrs","react_ccrs_mazeV1_04_20260607_211522.log","3216","react.ccrs.contingency.escalation.skipped","120",,,,,,"no_escalation_condition_met",,,
"react-ccrs-mazeV1-04-latest","001-ccrs","react_ccrs_mazeV1_04","graph_ccrs","react_ccrs_mazeV1_04_20260607_211522.log","3225","react.ccrs.contingency.escalation.considered","121",,,,,,,,,
"react-ccrs-mazeV1-04-latest","001-ccrs","react_ccrs_mazeV1_04","graph_ccrs","react_ccrs_mazeV1_04_20260607_211522.log","3226","react.ccrs.contingency.escalation.skipped","121",,,,,,"no_escalation_condition_met",,,
"react-ccrs-mazeV1-04-latest","001-ccrs","react_ccrs_mazeV1_04","graph_ccrs","react_ccrs_mazeV1_04_20260607_211522.log","3241","react.ccrs.contingency.escalation.considered","122",,,,,,,,,
"react-ccrs-mazeV1-04-latest","001-ccrs","react_ccrs_mazeV1_04","graph_ccrs","react_ccrs_mazeV1_04_20260607_211522.log","3242","react.ccrs.contingency.escalation.skipped","122",,,,,,"no_escalation_condition_met",,,
"react-ccrs-mazeV1-04-latest","001-ccrs","react_ccrs_mazeV1_04","graph_ccrs","react_ccrs_mazeV1_04_20260607_211522.log","3257","react.ccrs.contingency.escalation.considered","123",,,,,,,,,
"react-ccrs-mazeV1-04-latest","001-ccrs","react_ccrs_mazeV1_04","graph_ccrs","react_ccrs_mazeV1_04_20260607_211522.log","3258","react.ccrs.contingency.escalation.skipped","123",,,,,,"no_escalation_condition_met",,,
"react-ccrs-mazeV1-04-latest","001-ccrs","react_ccrs_mazeV1_04","graph_ccrs","react_ccrs_mazeV1_04_20260607_211522.log","3267","react.ccrs.contingency.escalation.considered","124",,,,,,,,,
"react-ccrs-mazeV1-04-latest","001-ccrs","react_ccrs_mazeV1_04","graph_ccrs","react_ccrs_mazeV1_04_20260607_211522.log","3268","react.ccrs.contingency.escalation.skipped","124",,,,,,"no_escalation_condition_met",,,
"react-ccrs-mazeV1-04-latest","001-ccrs","react_ccrs_mazeV1_04","graph_ccrs","react_ccrs_mazeV1_04_20260607_211522.log","3283","react.ccrs.contingency.escalation.considered","125",,,,,,,,,
"react-ccrs-mazeV1-04-latest","001-ccrs","react_ccrs_mazeV1_04","graph_ccrs","react_ccrs_mazeV1_04_20260607_211522.log","3284","react.ccrs.contingency.escalation.skipped","125",,,,,,"no_escalation_condition_met",,,
"react-ccrs-mazeV1-04-latest","001-ccrs","react_ccrs_mazeV1_04","graph_ccrs","react_ccrs_mazeV1_04_20260607_211522.log","3299","react.ccrs.contingency.escalation.considered","126",,,,,,,,,
"react-ccrs-mazeV1-04-latest","001-ccrs","react_ccrs_mazeV1_04","graph_ccrs","react_ccrs_mazeV1_04_20260607_211522.log","3300","react.ccrs.contingency.escalation.skipped","126",,,,,,"no_escalation_condition_met",,,
"react-ccrs-mazeV1-04-latest","001-ccrs","react_ccrs_mazeV1_04","graph_ccrs","react_ccrs_mazeV1_04_20260607_211522.log","3315","react.ccrs.contingency.escalation.considered","127",,,,,,,,,
"react-ccrs-mazeV1-04-latest","001-ccrs","react_ccrs_mazeV1_04","graph_ccrs","react_ccrs_mazeV1_04_20260607_211522.log","3316","react.ccrs.contingency.escalation.skipped","127",,,,,,"no_escalation_condition_met",,,
"react-ccrs-mazeV1-04-latest","001-ccrs","react_ccrs_mazeV1_04","graph_ccrs","react_ccrs_mazeV1_04_20260607_211522.log","3331","react.ccrs.contingency.escalation.considered","128",,,,,,,,,
"react-ccrs-mazeV1-04-latest","001-ccrs","react_ccrs_mazeV1_04","graph_ccrs","react_ccrs_mazeV1_04_20260607_211522.log","3332","react.ccrs.contingency.escalation.skipped","128",,,,,,"no_escalation_condition_met",,,
"react-ccrs-mazeV1-04-latest","001-ccrs","react_ccrs_mazeV1_04","graph_ccrs","react_ccrs_mazeV1_04_20260607_211522.log","3347","react.ccrs.contingency.escalation.considered","129",,,,,,,,,
"react-ccrs-mazeV1-04-latest","001-ccrs","react_ccrs_mazeV1_04","graph_ccrs","react_ccrs_mazeV1_04_20260607_211522.log","3348","react.ccrs.contingency.escalation.skipped","129",,,,,,"no_escalation_condition_met",,,
"react-ccrs-mazeV1-04-latest","001-ccrs","react_ccrs_mazeV1_04","graph_ccrs","react_ccrs_mazeV1_04_20260607_211522.log","3363","react.ccrs.contingency.escalation.considered","130",,,,,,,,,
"react-ccrs-mazeV1-04-latest","001-ccrs","react_ccrs_mazeV1_04","graph_ccrs","react_ccrs_mazeV1_04_20260607_211522.log","3364","react.ccrs.contingency.escalation.skipped","130",,,,,,"no_escalation_condition_met",,,
"react-ccrs-mazeV1-04-latest","001-ccrs","react_ccrs_mazeV1_04","graph_ccrs","react_ccrs_mazeV1_04_20260607_211522.log","3379","react.ccrs.contingency.escalation.considered","131",,,,,,,,,
"react-ccrs-mazeV1-04-latest","001-ccrs","react_ccrs_mazeV1_04","graph_ccrs","react_ccrs_mazeV1_04_20260607_211522.log","3380","react.ccrs.contingency.escalation.skipped","131",,,,,,"no_escalation_condition_met",,,
"react-ccrs-mazeV1-04-latest","001-ccrs","react_ccrs_mazeV1_04","graph_ccrs","react_ccrs_mazeV1_04_20260607_211522.log","3395","react.ccrs.contingency.escalation.considered","132",,,,,,,,,
"react-ccrs-mazeV1-04-latest","001-ccrs","react_ccrs_mazeV1_04","graph_ccrs","react_ccrs_mazeV1_04_20260607_211522.log","3396","react.ccrs.contingency.escalation.skipped","132",,,,,,"no_escalation_condition_met",,,
"react-ccrs-mazeV1-04-latest","001-ccrs","react_ccrs_mazeV1_04","graph_ccrs","react_ccrs_mazeV1_04_20260607_211522.log","3411","react.ccrs.contingency.escalation.considered","133",,,,,,,,,
"react-ccrs-mazeV1-04-latest","001-ccrs","react_ccrs_mazeV1_04","graph_ccrs","react_ccrs_mazeV1_04_20260607_211522.log","3412","react.ccrs.contingency.escalation.skipped","133",,,,,,"no_escalation_condition_met",,,
"react-ccrs-mazeV1-04-latest","001-ccrs","react_ccrs_mazeV1_04","graph_ccrs","react_ccrs_mazeV1_04_20260607_211522.log","3427","react.ccrs.contingency.escalation.considered","134",,,,,,,,,
"react-ccrs-mazeV1-04-latest","001-ccrs","react_ccrs_mazeV1_04","graph_ccrs","react_ccrs_mazeV1_04_20260607_211522.log","3428","react.ccrs.contingency.escalation.skipped","134",,,,,,"no_escalation_condition_met",,,
"react-ccrs-mazeV1-04-latest","001-ccrs","react_ccrs_mazeV1_04","graph_ccrs","react_ccrs_mazeV1_04_20260607_211522.log","3443","react.ccrs.contingency.escalation.considered","135",,,,,,,,,
"react-ccrs-mazeV1-04-latest","001-ccrs","react_ccrs_mazeV1_04","graph_ccrs","react_ccrs_mazeV1_04_20260607_211522.log","3444","react.ccrs.contingency.escalation.skipped","135",,,,,,"no_escalation_condition_met",,,
"react-ccrs-mazeV1-04-latest","001-ccrs","react_ccrs_mazeV1_04","graph_ccrs","react_ccrs_mazeV1_04_20260607_211522.log","3459","react.ccrs.contingency.escalation.considered","136",,,,,,,,,
"react-ccrs-mazeV1-04-latest","001-ccrs","react_ccrs_mazeV1_04","graph_ccrs","react_ccrs_mazeV1_04_20260607_211522.log","3460","react.ccrs.contingency.escalation.skipped","136",,,,,,"no_escalation_condition_met",,,
"react-ccrs-mazeV1-04-latest","001-ccrs","react_ccrs_mazeV1_04","graph_ccrs","react_ccrs_mazeV1_04_20260607_211522.log","3475","react.ccrs.contingency.escalation.considered","137",,,,,,,,,
"react-ccrs-mazeV1-04-latest","001-ccrs","react_ccrs_mazeV1_04","graph_ccrs","react_ccrs_mazeV1_04_20260607_211522.log","3476","react.ccrs.contingency.escalation.skipped","137",,,,,,"no_escalation_condition_met",,,
"react-ccrs-mazeV1-04-latest","001-ccrs","react_ccrs_mazeV1_04","graph_ccrs","react_ccrs_mazeV1_04_20260607_211522.log","3491","react.ccrs.contingency.escalation.considered","138",,,,,,,,,
"react-ccrs-mazeV1-04-latest","001-ccrs","react_ccrs_mazeV1_04","graph_ccrs","react_ccrs_mazeV1_04_20260607_211522.log","3492","react.ccrs.contingency.escalation.skipped","138",,,,,,"no_escalation_condition_met",,,
"react-ccrs-mazeV1-04-latest","001-ccrs","react_ccrs_mazeV1_04","graph_ccrs","react_ccrs_mazeV1_04_20260607_211522.log","3507","react.ccrs.contingency.escalation.considered","139",,,,,,,,,
"react-ccrs-mazeV1-04-latest","001-ccrs","react_ccrs_mazeV1_04","graph_ccrs","react_ccrs_mazeV1_04_20260607_211522.log","3508","react.ccrs.contingency.escalation.skipped","139",,,,,,"no_escalation_condition_met",,,
"react-ccrs-mazeV1-04-latest","001-ccrs","react_ccrs_mazeV1_04","graph_ccrs","react_ccrs_mazeV1_04_20260607_211522.log","3523","react.ccrs.contingency.escalation.considered","140",,,,,,,,,
"react-ccrs-mazeV1-04-latest","001-ccrs","react_ccrs_mazeV1_04","graph_ccrs","react_ccrs_mazeV1_04_20260607_211522.log","3524","react.ccrs.contingency.escalation.skipped","140",,,,,,"no_escalation_condition_met",,,
"react-ccrs-mazeV1-04-latest","001-ccrs","react_ccrs_mazeV1_04","graph_ccrs","react_ccrs_mazeV1_04_20260607_211522.log","3539","react.ccrs.contingency.escalation.considered","141",,,,,,,,,
"react-ccrs-mazeV1-04-latest","001-ccrs","react_ccrs_mazeV1_04","graph_ccrs","react_ccrs_mazeV1_04_20260607_211522.log","3540","react.ccrs.contingency.escalation.skipped","141",,,,,,"no_escalation_condition_met",,,
"react-ccrs-mazeV1-04-latest","001-ccrs","react_ccrs_mazeV1_04","graph_ccrs","react_ccrs_mazeV1_04_20260607_211522.log","3555","react.ccrs.contingency.escalation.considered","142",,,,,,,,,
"react-ccrs-mazeV1-04-latest","001-ccrs","react_ccrs_mazeV1_04","graph_ccrs","react_ccrs_mazeV1_04_20260607_211522.log","3556","react.ccrs.contingency.escalation.skipped","142",,,,,,"no_escalation_condition_met",,,
"react-ccrs-mazeV1-04-latest","001-ccrs","react_ccrs_mazeV1_04","graph_ccrs","react_ccrs_mazeV1_04_20260607_211522.log","3571","react.ccrs.contingency.escalation.considered","143",,,,,,,,,
"react-ccrs-mazeV1-04-latest","001-ccrs","react_ccrs_mazeV1_04","graph_ccrs","react_ccrs_mazeV1_04_20260607_211522.log","3572","react.ccrs.contingency.escalation.skipped","143",,,,,,"no_escalation_condition_met",,,
"react-ccrs-mazeV1-04-latest","001-ccrs","react_ccrs_mazeV1_04","graph_ccrs","react_ccrs_mazeV1_04_20260607_211522.log","3587","react.ccrs.contingency.escalation.considered","144",,,,,,,,,
"react-ccrs-mazeV1-04-latest","001-ccrs","react_ccrs_mazeV1_04","graph_ccrs","react_ccrs_mazeV1_04_20260607_211522.log","3588","react.ccrs.contingency.escalation.skipped","144",,,,,,"no_escalation_condition_met",,,
"react-ccrs-mazeV1-04-latest","001-ccrs","react_ccrs_mazeV1_04","graph_ccrs","react_ccrs_mazeV1_04_20260607_211522.log","3603","react.ccrs.contingency.escalation.considered","145",,,,,,,,,
"react-ccrs-mazeV1-04-latest","001-ccrs","react_ccrs_mazeV1_04","graph_ccrs","react_ccrs_mazeV1_04_20260607_211522.log","3604","react.ccrs.contingency.escalation.skipped","145",,,,,,"no_escalation_condition_met",,,
"react-ccrs-mazeV1-04-latest","001-ccrs","react_ccrs_mazeV1_04","graph_ccrs","react_ccrs_mazeV1_04_20260607_211522.log","3619","react.ccrs.contingency.escalation.considered","146",,,,,,,,,
"react-ccrs-mazeV1-04-latest","001-ccrs","react_ccrs_mazeV1_04","graph_ccrs","react_ccrs_mazeV1_04_20260607_211522.log","3620","react.ccrs.contingency.escalation.skipped","146",,,,,,"no_escalation_condition_met",,,
"react-ccrs-mazeV1-04-latest","001-ccrs","react_ccrs_mazeV1_04","graph_ccrs","react_ccrs_mazeV1_04_20260607_211522.log","3635","react.ccrs.contingency.escalation.considered","147",,,,,,,,,
"react-ccrs-mazeV1-04-latest","001-ccrs","react_ccrs_mazeV1_04","graph_ccrs","react_ccrs_mazeV1_04_20260607_211522.log","3636","react.ccrs.contingency.escalation.skipped","147",,,,,,"no_escalation_condition_met",,,
"react-ccrs-mazeV1-04-latest","001-ccrs","react_ccrs_mazeV1_04","graph_ccrs","react_ccrs_mazeV1_04_20260607_211522.log","3651","react.ccrs.contingency.escalation.considered","148",,,,,,,,,
"react-ccrs-mazeV1-04-latest","001-ccrs","react_ccrs_mazeV1_04","graph_ccrs","react_ccrs_mazeV1_04_20260607_211522.log","3652","react.ccrs.contingency.escalation.skipped","148",,,,,,"no_escalation_condition_met",,,
"react-ccrs-mazeV1-04-latest","001-ccrs","react_ccrs_mazeV1_04","graph_ccrs","react_ccrs_mazeV1_04_20260607_211522.log","3667","react.ccrs.contingency.escalation.considered","149",,,,,,,,,
"react-ccrs-mazeV1-04-latest","001-ccrs","react_ccrs_mazeV1_04","graph_ccrs","react_ccrs_mazeV1_04_20260607_211522.log","3668","react.ccrs.contingency.escalation.skipped","149",,,,,,"no_escalation_condition_met",,,
"react-ccrs-mazeV1-04-latest","001-ccrs","react_ccrs_mazeV1_04","graph_ccrs","react_ccrs_mazeV1_04_20260607_211522.log","3683","react.ccrs.contingency.escalation.considered","150",,,,,,,,,
"react-ccrs-mazeV1-04-latest","001-ccrs","react_ccrs_mazeV1_04","graph_ccrs","react_ccrs_mazeV1_04_20260607_211522.log","3684","react.ccrs.contingency.escalation.skipped","150",,,,,,"no_escalation_condition_met",,,
"react-ccrs-mazeV1-04-latest","001-ccrs","react_ccrs_mazeV1_04","graph_ccrs","react_ccrs_mazeV1_04_20260607_211522.log","3699","react.ccrs.contingency.escalation.considered","151",,,,,,,,,
"react-ccrs-mazeV1-04-latest","001-ccrs","react_ccrs_mazeV1_04","graph_ccrs","react_ccrs_mazeV1_04_20260607_211522.log","3700","react.ccrs.contingency.escalation.skipped","151",,,,,,"no_escalation_condition_met",,,
"react-ccrs-mazeV1-04-latest","001-ccrs","react_ccrs_mazeV1_04","graph_ccrs","react_ccrs_mazeV1_04_20260607_211522.log","3715","react.ccrs.contingency.escalation.considered","152",,,,,,,,,
"react-ccrs-mazeV1-04-latest","001-ccrs","react_ccrs_mazeV1_04","graph_ccrs","react_ccrs_mazeV1_04_20260607_211522.log","3716","react.ccrs.contingency.escalation.skipped","152",,,,,,"no_escalation_condition_met",,,
"react-ccrs-mazeV1-04-latest","001-ccrs","react_ccrs_mazeV1_04","graph_ccrs","react_ccrs_mazeV1_04_20260607_211522.log","3725","react.ccrs.contingency.escalation.considered","153",,,,,,,,,
"react-ccrs-mazeV1-04-latest","001-ccrs","react_ccrs_mazeV1_04","graph_ccrs","react_ccrs_mazeV1_04_20260607_211522.log","3726","react.ccrs.contingency.escalation.skipped","153",,,,,,"no_escalation_condition_met",,,
"react-ccrs-mazeV1-04-latest","001-ccrs","react_ccrs_mazeV1_04","graph_ccrs","react_ccrs_mazeV1_04_20260607_211522.log","3741","react.ccrs.contingency.escalation.considered","154",,,,,,,,,
"react-ccrs-mazeV1-04-latest","001-ccrs","react_ccrs_mazeV1_04","graph_ccrs","react_ccrs_mazeV1_04_20260607_211522.log","3742","react.ccrs.contingency.escalation.skipped","154",,,,,,"no_escalation_condition_met",,,
"react-ccrs-mazeV1-04-latest","001-ccrs","react_ccrs_mazeV1_04","graph_ccrs","react_ccrs_mazeV1_04_20260607_211522.log","3757","react.ccrs.contingency.escalation.considered","155",,,,,,,,,
"react-ccrs-mazeV1-04-latest","001-ccrs","react_ccrs_mazeV1_04","graph_ccrs","react_ccrs_mazeV1_04_20260607_211522.log","3758","react.ccrs.contingency.escalation.skipped","155",,,,,,"no_escalation_condition_met",,,
"react-ccrs-mazeV1-04-latest","001-ccrs","react_ccrs_mazeV1_04","graph_ccrs","react_ccrs_mazeV1_04_20260607_211522.log","3767","react.ccrs.contingency.escalation.considered","156",,,,,,,,,
"react-ccrs-mazeV1-04-latest","001-ccrs","react_ccrs_mazeV1_04","graph_ccrs","react_ccrs_mazeV1_04_20260607_211522.log","3768","react.ccrs.contingency.escalation.skipped","156",,,,,,"no_escalation_condition_met",,,
"react-ccrs-mazeV1-04-latest","001-ccrs","react_ccrs_mazeV1_04","graph_ccrs","react_ccrs_mazeV1_04_20260607_211522.log","3783","react.ccrs.contingency.escalation.considered","157",,,,,,,,,
"react-ccrs-mazeV1-04-latest","001-ccrs","react_ccrs_mazeV1_04","graph_ccrs","react_ccrs_mazeV1_04_20260607_211522.log","3784","react.ccrs.contingency.escalation.skipped","157",,,,,,"no_escalation_condition_met",,,
"react-ccrs-mazeV1-04-latest","001-ccrs","react_ccrs_mazeV1_04","graph_ccrs","react_ccrs_mazeV1_04_20260607_211522.log","3799","react.ccrs.contingency.escalation.considered","158",,,,,,,,,
"react-ccrs-mazeV1-04-latest","001-ccrs","react_ccrs_mazeV1_04","graph_ccrs","react_ccrs_mazeV1_04_20260607_211522.log","3800","react.ccrs.contingency.escalation.skipped","158",,,,,,"no_escalation_condition_met",,,
"react-ccrs-mazeV1-04-latest","001-ccrs","react_ccrs_mazeV1_04","graph_ccrs","react_ccrs_mazeV1_04_20260607_211522.log","3815","react.ccrs.contingency.escalation.considered","159",,,,,,,,,
"react-ccrs-mazeV1-04-latest","001-ccrs","react_ccrs_mazeV1_04","graph_ccrs","react_ccrs_mazeV1_04_20260607_211522.log","3816","react.ccrs.contingency.escalation.skipped","159",,,,,,"no_escalation_condition_met",,,
"react-ccrs-mazeV1-04-latest","001-ccrs","react_ccrs_mazeV1_04","graph_ccrs","react_ccrs_mazeV1_04_20260607_211522.log","3831","react.ccrs.contingency.escalation.considered","160",,,,,,,,,
"react-ccrs-mazeV1-04-latest","001-ccrs","react_ccrs_mazeV1_04","graph_ccrs","react_ccrs_mazeV1_04_20260607_211522.log","3832","react.ccrs.contingency.escalation.skipped","160",,,,,,"no_escalation_condition_met",,,
"react-ccrs-mazeV1-04-latest","001-ccrs","react_ccrs_mazeV1_04","graph_ccrs","react_ccrs_mazeV1_04_20260607_211522.log","3847","react.ccrs.contingency.escalation.considered","161",,,,,,,,,
"react-ccrs-mazeV1-04-latest","001-ccrs","react_ccrs_mazeV1_04","graph_ccrs","react_ccrs_mazeV1_04_20260607_211522.log","3848","react.ccrs.contingency.escalation.skipped","161",,,,,,"no_escalation_condition_met",,,
"react-ccrs-mazeV1-04-latest","001-ccrs","react_ccrs_mazeV1_04","graph_ccrs","react_ccrs_mazeV1_04_20260607_211522.log","3863","react.ccrs.contingency.escalation.considered","162",,,,,,,,,
"react-ccrs-mazeV1-04-latest","001-ccrs","react_ccrs_mazeV1_04","graph_ccrs","react_ccrs_mazeV1_04_20260607_211522.log","3864","react.ccrs.contingency.escalation.skipped","162",,,,,,"no_escalation_condition_met",,,
"react-ccrs-mazeV1-04-latest","001-ccrs","react_ccrs_mazeV1_04","graph_ccrs","react_ccrs_mazeV1_04_20260607_211522.log","3873","react.ccrs.contingency.escalation.considered","163",,,,,,,,,
"react-ccrs-mazeV1-04-latest","001-ccrs","react_ccrs_mazeV1_04","graph_ccrs","react_ccrs_mazeV1_04_20260607_211522.log","3874","react.ccrs.contingency.escalation.skipped","163",,,,,,"no_escalation_condition_met",,,
"react-ccrs-mazeV1-04-latest","001-ccrs","react_ccrs_mazeV1_04","graph_ccrs","react_ccrs_mazeV1_04_20260607_211522.log","3889","react.ccrs.contingency.escalation.considered","164",,,,,,,,,
"react-ccrs-mazeV1-04-latest","001-ccrs","react_ccrs_mazeV1_04","graph_ccrs","react_ccrs_mazeV1_04_20260607_211522.log","3890","react.ccrs.contingency.escalation.skipped","164",,,,,,"no_escalation_condition_met",,,
"react-ccrs-mazeV1-04-latest","001-ccrs","react_ccrs_mazeV1_04","graph_ccrs","react_ccrs_mazeV1_04_20260607_211522.log","3899","react.ccrs.contingency.escalation.considered","165",,,,,,,,,
"react-ccrs-mazeV1-04-latest","001-ccrs","react_ccrs_mazeV1_04","graph_ccrs","react_ccrs_mazeV1_04_20260607_211522.log","3900","react.ccrs.contingency.escalation.skipped","165",,,,,,"no_escalation_condition_met",,,
"react-ccrs-mazeV1-04-latest","001-ccrs","react_ccrs_mazeV1_04","graph_ccrs","react_ccrs_mazeV1_04_20260607_211522.log","3915","react.ccrs.contingency.escalation.considered","166",,,,,,,,,
"react-ccrs-mazeV1-04-latest","001-ccrs","react_ccrs_mazeV1_04","graph_ccrs","react_ccrs_mazeV1_04_20260607_211522.log","3916","react.ccrs.contingency.escalation.skipped","166",,,,,,"no_escalation_condition_met",,,
"react-ccrs-mazeV1-04-latest","001-ccrs","react_ccrs_mazeV1_04","graph_ccrs","react_ccrs_mazeV1_04_20260607_211522.log","3931","react.ccrs.contingency.escalation.considered","167",,,,,,,,,
"react-ccrs-mazeV1-04-latest","001-ccrs","react_ccrs_mazeV1_04","graph_ccrs","react_ccrs_mazeV1_04_20260607_211522.log","3932","react.ccrs.contingency.escalation.skipped","167",,,,,,"no_escalation_condition_met",,,
"react-ccrs-mazeV1-04-latest","001-ccrs","react_ccrs_mazeV1_04","graph_ccrs","react_ccrs_mazeV1_04_20260607_211522.log","3947","react.ccrs.contingency.escalation.considered","168",,,,,,,,,
"react-ccrs-mazeV1-04-latest","001-ccrs","react_ccrs_mazeV1_04","graph_ccrs","react_ccrs_mazeV1_04_20260607_211522.log","3948","react.ccrs.contingency.escalation.skipped","168",,,,,,"no_escalation_condition_met",,,
"react-ccrs-mazeV1-04-latest","001-ccrs","react_ccrs_mazeV1_04","graph_ccrs","react_ccrs_mazeV1_04_20260607_211522.log","3957","react.ccrs.contingency.escalation.considered","169",,,,,,,,,
"react-ccrs-mazeV1-04-latest","001-ccrs","react_ccrs_mazeV1_04","graph_ccrs","react_ccrs_mazeV1_04_20260607_211522.log","3958","react.ccrs.contingency.escalation.skipped","169",,,,,,"no_escalation_condition_met",,,
"react-ccrs-mazeV1-04-latest","001-ccrs","react_ccrs_mazeV1_04","graph_ccrs","react_ccrs_mazeV1_04_20260607_211522.log","3973","react.ccrs.contingency.escalation.considered","170",,,,,,,,,
"react-ccrs-mazeV1-04-latest","001-ccrs","react_ccrs_mazeV1_04","graph_ccrs","react_ccrs_mazeV1_04_20260607_211522.log","3974","react.ccrs.contingency.escalation.skipped","170",,,,,,"no_escalation_condition_met",,,
"react-ccrs-mazeV1-04-latest","001-ccrs","react_ccrs_mazeV1_04","graph_ccrs","react_ccrs_mazeV1_04_20260607_211522.log","3983","react.ccrs.contingency.escalation.considered","171",,,,,,,,,
"react-ccrs-mazeV1-04-latest","001-ccrs","react_ccrs_mazeV1_04","graph_ccrs","react_ccrs_mazeV1_04_20260607_211522.log","3984","react.ccrs.contingency.escalation.skipped","171",,,,,,"no_escalation_condition_met",,,
"react-ccrs-mazeV1-04-latest","001-ccrs","react_ccrs_mazeV1_04","graph_ccrs","react_ccrs_mazeV1_04_20260607_211522.log","3999","react.ccrs.contingency.escalation.considered","172",,,,,,,,,
"react-ccrs-mazeV1-04-latest","001-ccrs","react_ccrs_mazeV1_04","graph_ccrs","react_ccrs_mazeV1_04_20260607_211522.log","4000","react.ccrs.contingency.escalation.skipped","172",,,,,,"no_escalation_condition_met",,,
"react-ccrs-mazeV1-04-latest","001-ccrs","react_ccrs_mazeV1_04","graph_ccrs","react_ccrs_mazeV1_04_20260607_211522.log","4009","react.ccrs.contingency.escalation.considered","173",,,,,,,,,
"react-ccrs-mazeV1-04-latest","001-ccrs","react_ccrs_mazeV1_04","graph_ccrs","react_ccrs_mazeV1_04_20260607_211522.log","4010","react.ccrs.contingency.escalation.skipped","173",,,,,,"no_escalation_condition_met",,,
"react-ccrs-mazeV1-04-latest","001-ccrs","react_ccrs_mazeV1_04","graph_ccrs","react_ccrs_mazeV1_04_20260607_211522.log","4025","react.ccrs.contingency.escalation.considered","174",,,,,,,,,
"react-ccrs-mazeV1-04-latest","001-ccrs","react_ccrs_mazeV1_04","graph_ccrs","react_ccrs_mazeV1_04_20260607_211522.log","4026","react.ccrs.contingency.escalation.skipped","174",,,,,,"no_escalation_condition_met",,,
"react-ccrs-mazeV1-04-latest","001-ccrs","react_ccrs_mazeV1_04","graph_ccrs","react_ccrs_mazeV1_04_20260607_211522.log","4035","react.ccrs.contingency.escalation.considered","175",,,,,,,,,
"react-ccrs-mazeV1-04-latest","001-ccrs","react_ccrs_mazeV1_04","graph_ccrs","react_ccrs_mazeV1_04_20260607_211522.log","4036","react.ccrs.contingency.escalation.skipped","175",,,,,,"no_escalation_condition_met",,,
"react-ccrs-mazeV1-04-latest","001-ccrs","react_ccrs_mazeV1_04","graph_ccrs","react_ccrs_mazeV1_04_20260607_211522.log","4051","react.ccrs.contingency.escalation.considered","176",,,,,,,,,
"react-ccrs-mazeV1-04-latest","001-ccrs","react_ccrs_mazeV1_04","graph_ccrs","react_ccrs_mazeV1_04_20260607_211522.log","4052","react.ccrs.contingency.escalation.skipped","176",,,,,,"no_escalation_condition_met",,,
"react-ccrs-mazeV1-04-latest","001-ccrs","react_ccrs_mazeV1_04","graph_ccrs","react_ccrs_mazeV1_04_20260607_211522.log","4061","react.ccrs.contingency.escalation.considered","177",,,,,,,,,
"react-ccrs-mazeV1-04-latest","001-ccrs","react_ccrs_mazeV1_04","graph_ccrs","react_ccrs_mazeV1_04_20260607_211522.log","4062","react.ccrs.contingency.escalation.skipped","177",,,,,,"no_escalation_condition_met",,,
"react-ccrs-mazeV1-04-latest","001-ccrs","react_ccrs_mazeV1_04","graph_ccrs","react_ccrs_mazeV1_04_20260607_211522.log","4077","react.ccrs.contingency.escalation.considered","178",,,,,,,,,
"react-ccrs-mazeV1-04-latest","001-ccrs","react_ccrs_mazeV1_04","graph_ccrs","react_ccrs_mazeV1_04_20260607_211522.log","4078","react.ccrs.contingency.escalation.skipped","178",,,,,,"no_escalation_condition_met",,,
"react-ccrs-mazeV1-04-latest","001-ccrs","react_ccrs_mazeV1_04","graph_ccrs","react_ccrs_mazeV1_04_20260607_211522.log","4087","react.ccrs.contingency.escalation.considered","179",,,,,,,,,
"react-ccrs-mazeV1-04-latest","001-ccrs","react_ccrs_mazeV1_04","graph_ccrs","react_ccrs_mazeV1_04_20260607_211522.log","4088","react.ccrs.contingency.escalation.skipped","179",,,,,,"no_escalation_condition_met",,,
"react-ccrs-mazeV1-04-latest","001-ccrs","react_ccrs_mazeV1_04","graph_ccrs","react_ccrs_mazeV1_04_20260607_211522.log","4152","react.ccrs.contingency.escalation.considered","180",,,,,,,,,
"react-ccrs-mazeV1-04-latest","001-ccrs","react_ccrs_mazeV1_04","graph_ccrs","react_ccrs_mazeV1_04_20260607_211522.log","4153","react.ccrs.contingency.escalation.skipped","180",,,,,,"no_escalation_condition_met",,,
"react-ccrs-mazeV1-04-latest","001-ccrs","react_ccrs_mazeV1_04","graph_ccrs","react_ccrs_mazeV1_04_20260607_211522.log","4162","react.ccrs.contingency.escalation.considered","181",,,,,,,,,
"react-ccrs-mazeV1-04-latest","001-ccrs","react_ccrs_mazeV1_04","graph_ccrs","react_ccrs_mazeV1_04_20260607_211522.log","4163","react.ccrs.contingency.escalation.skipped","181",,,,,,"no_escalation_condition_met",,,
"react-ccrs-mazeV1-04-latest","001-ccrs","react_ccrs_mazeV1_04","graph_ccrs","react_ccrs_mazeV1_04_20260607_211522.log","4227","react.ccrs.contingency.escalation.considered","182",,,,,,,,,
"react-ccrs-mazeV1-04-latest","001-ccrs","react_ccrs_mazeV1_04","graph_ccrs","react_ccrs_mazeV1_04_20260607_211522.log","4228","react.ccrs.contingency.escalation.skipped","182",,,,,,"no_escalation_condition_met",,,
"react-ccrs-mazeV1-04-latest","001-ccrs","react_ccrs_mazeV1_04","graph_ccrs","react_ccrs_mazeV1_04_20260607_211522.log","4237","react.ccrs.contingency.escalation.considered","183",,,,,,,,,
"react-ccrs-mazeV1-04-latest","001-ccrs","react_ccrs_mazeV1_04","graph_ccrs","react_ccrs_mazeV1_04_20260607_211522.log","4238","react.ccrs.contingency.escalation.skipped","183",,,,,,"no_escalation_condition_met",,,
"react-ccrs-mazeV1-04-latest","001-ccrs","react_ccrs_mazeV1_04","graph_ccrs","react_ccrs_mazeV1_04_20260607_211522.log","4253","react.ccrs.contingency.escalation.considered","184",,,,,,,,,
"react-ccrs-mazeV1-04-latest","001-ccrs","react_ccrs_mazeV1_04","graph_ccrs","react_ccrs_mazeV1_04_20260607_211522.log","4254","react.ccrs.contingency.escalation.skipped","184",,,,,,"no_escalation_condition_met",,,
"react-ccrs-mazeV1-04-latest","001-ccrs","react_ccrs_mazeV1_04","graph_ccrs","react_ccrs_mazeV1_04_20260607_211522.log","4269","react.ccrs.contingency.escalation.considered","185",,,,,,,,,
"react-ccrs-mazeV1-04-latest","001-ccrs","react_ccrs_mazeV1_04","graph_ccrs","react_ccrs_mazeV1_04_20260607_211522.log","4270","react.ccrs.contingency.escalation.activated","185",,,,,,"explicit_llm_escalation","http://127.0.1.1:8080/cells/12/5",,
"react-ccrs-mazeV1-04-latest","001-ccrs","react_ccrs_mazeV1_04","graph_ccrs","react_ccrs_mazeV1_04_20260607_211522.log","4275","react.ccrs.contingency.classpath.resolved",,,,,,,,,,
"react-ccrs-mazeV1-04-latest","001-ccrs","react_ccrs_mazeV1_04","graph_ccrs","react_ccrs_mazeV1_04_20260607_211522.log","4281","react.ccrs.contingency.classpath.resolved",,,,,,,,,,
"react-ccrs-mazeV1-04-latest","001-ccrs","react_ccrs_mazeV1_04","graph_ccrs","react_ccrs_mazeV1_04_20260607_211522.log","4284","react.ccrs.contingency.evaluate",,,,,,,,"http://127.0.1.1:8080/cells/12/5",,
"react-ccrs-mazeV1-04-latest","001-ccrs","react_ccrs_mazeV1_04","graph_ccrs","react_ccrs_mazeV1_04_20260607_211522.log","4285","react.ccrs.contingency.returned",,,,"049facbe-5fb9-4ffe-a627-a6158099a2da",,"True",,,,
