"batch_id","run_id","agent_name","graph_name","file","line","cycle","cycle_timestamp","tool_name","tool_call_id","selected_uri","selection_mode","opportunistic_count","contingency_guidance_count","followed_top_opportunistic","followed_top_contingency_guidance","followed_any_top_guidance","top_opportunistic_target","top_contingency_guidance_target","prompt_context_id","metric_quality"
"react-ccrs-mazeV1-04-latest","001-ccrs","react_ccrs_mazeV1_04","graph_ccrs","react_ccrs_mazeV1_04_20260607_211522.log","6","0","2026-06-07T19:15:22.327+00:00","http_get","call_0999QMmKlfrGZJhnlUG7VaqQ","http://127.0.1.1:8080/maze","advisory_prompt","0","0","False","False","False",,,"prompt-0160140ec34c4a1788675a90ea96ab70","selection_event"
"react-ccrs-mazeV1-04-latest","001-ccrs","react_ccrs_mazeV1_04","graph_ccrs","react_ccrs_mazeV1_04_20260607_211522.log","25","1","2026-06-07T19:15:24.620+00:00","http_post","call_cx25dhgDoNrb8xSrg5RVI927","http://127.0.1.1:8080/cells/0","advisory_prompt","0","0","False","False","False",,,"prompt-b07cbf77ff9c4dd7923b25613d85e2a2","selection_event"
"react-ccrs-mazeV1-04-latest","001-ccrs","react_ccrs_mazeV1_04","graph_ccrs","react_ccrs_mazeV1_04_20260607_211522.log","35","2","2026-06-07T19:15:27.914+00:00","http_get","call_26VMlxntv7Zy1dBA5AFloqb9","http://127.0.1.1:8080/cells/0","advisory_prompt","0","0","False","False","False",,,"prompt-9c7604e0e72d49b5be20702caba140d8","selection_event"
"react-ccrs-mazeV1-04-latest","001-ccrs","react_ccrs_mazeV1_04","graph_ccrs","react_ccrs_mazeV1_04_20260607_211522.log","100","3","2026-06-07T19:15:29.434+00:00","http_post","call_y2xZ0F9wuxWtn2UxFFasWPla","http://127.0.1.1:8080/cells/0/2","advisory_prompt","1","0","True","False","True","http://127.0.1.1:8080/cells/0/2",,"prompt-83529625549d4b3894d9d6cd92103a4f","selection_event"
"react-ccrs-mazeV1-04-latest","001-ccrs","react_ccrs_mazeV1_04","graph_ccrs","react_ccrs_mazeV1_04_20260607_211522.log","110","4","2026-06-07T19:15:32.001+00:00","http_get","call_LCySH8SF3Uz0jjhLZe22sZTT","http://127.0.1.1:8080/cells/0/2","advisory_prompt","0","0","False","False","False",,,"prompt-cd986f535fb34425b49c35a7ca13f8c5","selection_event"
"react-ccrs-mazeV1-04-latest","001-ccrs","react_ccrs_mazeV1_04","graph_ccrs","react_ccrs_mazeV1_04_20260607_211522.log","175","5","2026-06-07T19:15:33.615+00:00","http_post","call_D3UVPSIaGwWRwTseQM2xVMxz","http://127.0.1.1:8080/cells/1/2","advisory_prompt","1","0","True","False","True","http://127.0.1.1:8080/cells/1/2",,"prompt-32ed0c8ee70e4471a2ced9df1585b835","selection_event"
"react-ccrs-mazeV1-04-latest","001-ccrs","react_ccrs_mazeV1_04","graph_ccrs","react_ccrs_mazeV1_04_20260607_211522.log","185","6","2026-06-07T19:15:35.923+00:00","http_get","call_lgayqEJt5hH3mFophqdPHfpO","http://127.0.1.1:8080/cells/1/2","advisory_prompt","0","0","False","False","False",,,"prompt-31877c0f9fdd421590ad24f4966a4596","selection_event"
"react-ccrs-mazeV1-04-latest","001-ccrs","react_ccrs_mazeV1_04","graph_ccrs","react_ccrs_mazeV1_04_20260607_211522.log","250","7","2026-06-07T19:15:37.574+00:00","http_post","call_nkWOkzY6TZeSMlEGnOGj6txp","http://127.0.1.1:8080/cells/2/2","advisory_prompt","1","0","True","False","True","http://127.0.1.1:8080/cells/2/2",,"prompt-e87e8ca74d5841f29c4c9df5a582fd62","selection_event"
"react-ccrs-mazeV1-04-latest","001-ccrs","react_ccrs_mazeV1_04","graph_ccrs","react_ccrs_mazeV1_04_20260607_211522.log","260","8","2026-06-07T19:15:40.711+00:00","http_get","call_phGMLWdbUxcXpmrKqA1ry95u","http://127.0.1.1:8080/cells/2/2","advisory_prompt","0","0","False","False","False",,,"prompt-069c117b21624efaa0a98ba6d45a61b3","selection_event"
"react-ccrs-mazeV1-04-latest","001-ccrs","react_ccrs_mazeV1_04","graph_ccrs","react_ccrs_mazeV1_04_20260607_211522.log","325","9","2026-06-07T19:15:42.263+00:00","http_post","call_zHqVuUCH5Rjh1WwVF5ikkegn","http://127.0.1.1:8080/cells/3/2","advisory_prompt","1","0","True","False","True","http://127.0.1.1:8080/cells/3/2",,"prompt-8e814ea08f3c4525b5e0336c2dbc70c1","selection_event"
"react-ccrs-mazeV1-04-latest","001-ccrs","react_ccrs_mazeV1_04","graph_ccrs","react_ccrs_mazeV1_04_20260607_211522.log","335","10","2026-06-07T19:15:48.919+00:00","http_get","call_AybYzRFm9w4TcZKtceHdxGtN","http://127.0.1.1:8080/cells/3/2","advisory_prompt","0","0","False","False","False",,,"prompt-bd15b86a49a24d71b3baa371cc554daf","selection_event"
"react-ccrs-mazeV1-04-latest","001-ccrs","react_ccrs_mazeV1_04","graph_ccrs","react_ccrs_mazeV1_04_20260607_211522.log","400","11","2026-06-07T19:15:50.601+00:00","http_post","call_1t4jpfvkJK55zWKNzIMji6Fi","http://127.0.1.1:8080/cells/4/2","advisory_prompt","1","0","True","False","True","http://127.0.1.1:8080/cells/4/2",,"prompt-dcd831c5e7bc4b9095e42d64a5d649ed","selection_event"
"react-ccrs-mazeV1-04-latest","001-ccrs","react_ccrs_mazeV1_04","graph_ccrs","react_ccrs_mazeV1_04_20260607_211522.log","410","12","2026-06-07T19:15:53.090+00:00","http_get","call_TapcEYufiOI4MoL5J2RmopFh","http://127.0.1.1:8080/cells/4/2","advisory_prompt","0","0","False","False","False",,,"prompt-71a14f43df1f43668bda8094635029de","selection_event"
"react-ccrs-mazeV1-04-latest","001-ccrs","react_ccrs_mazeV1_04","graph_ccrs","react_ccrs_mazeV1_04_20260607_211522.log","475","13","2026-06-07T19:15:54.608+00:00","http_post","call_3Hy3kjMtHiEM8lpDREqGJiEO","http://127.0.1.1:8080/cells/5/2","advisory_prompt","1","0","True","False","True","http://127.0.1.1:8080/cells/5/2",,"prompt-9492b35316d14749b6d3c2a170b3ed95","selection_event"
"react-ccrs-mazeV1-04-latest","001-ccrs","react_ccrs_mazeV1_04","graph_ccrs","react_ccrs_mazeV1_04_20260607_211522.log","485","14","2026-06-07T19:15:58.273+00:00","http_get","call_nlXXBjH8k1pNUq8yLLZcj6RR","http://127.0.1.1:8080/cells/5/2","advisory_prompt","0","0","False","False","False",,,"prompt-44afc2b9ba7e4aacacec8833015bbca3","selection_event"
"react-ccrs-mazeV1-04-latest","001-ccrs","react_ccrs_mazeV1_04","graph_ccrs","react_ccrs_mazeV1_04_20260607_211522.log","550","15","2026-06-07T19:15:59.845+00:00","http_post","call_pgC89wmnxmQ9PPzlozMyxpzb","http://127.0.1.1:8080/cells/6/2","advisory_prompt","1","0","True","False","True","http://127.0.1.1:8080/cells/6/2",,"prompt-e9ef48ad4d084af1826d9b99aae3606f","selection_event"
"react-ccrs-mazeV1-04-latest","001-ccrs","react_ccrs_mazeV1_04","graph_ccrs","react_ccrs_mazeV1_04_20260607_211522.log","560","16","2026-06-07T19:16:02.736+00:00","http_get","call_4xsgyZTblFxyuHl2IOkdyCUS","http://127.0.1.1:8080/cells/6/2","advisory_prompt","0","0","False","False","False",,,"prompt-4fe897e5f79b439cbec9a7e7a9314a94","selection_event"
"react-ccrs-mazeV1-04-latest","001-ccrs","react_ccrs_mazeV1_04","graph_ccrs","react_ccrs_mazeV1_04_20260607_211522.log","625","17","2026-06-07T19:16:05.221+00:00","http_post","call_z3aCueBwY9WKwf1Ol0ukGBOm","http://127.0.1.1:8080/cells/7/2","advisory_prompt","1","0","True","False","True","http://127.0.1.1:8080/cells/7/2",,"prompt-70cfe28b8ec84b3db2737c13c41d2d9f","selection_event"
"react-ccrs-mazeV1-04-latest","001-ccrs","react_ccrs_mazeV1_04","graph_ccrs","react_ccrs_mazeV1_04_20260607_211522.log","635","18","2026-06-07T19:16:13.095+00:00","http_get","call_NAXNVkRU7zcdQxRn9eyWzyl2","http://127.0.1.1:8080/cells/7/2","advisory_prompt","0","0","False","False","False",,,"prompt-4feeaf5699b048cb83918c5b7eb72536","selection_event"
"react-ccrs-mazeV1-04-latest","001-ccrs","react_ccrs_mazeV1_04","graph_ccrs","react_ccrs_mazeV1_04_20260607_211522.log","700","19","2026-06-07T19:16:14.737+00:00","http_post","call_TkhPkLkzGbUugHqmxc4fGQqt","http://127.0.1.1:8080/cells/7/3","advisory_prompt","1","0","True","False","True","http://127.0.1.1:8080/cells/7/3",,"prompt-6a2ea1e5c896453cb39cdf07e48fa0d4","selection_event"
"react-ccrs-mazeV1-04-latest","001-ccrs","react_ccrs_mazeV1_04","graph_ccrs","react_ccrs_mazeV1_04_20260607_211522.log","710","20","2026-06-07T19:16:17.360+00:00","http_get","call_3QUioKl2Sg71NFCxzNyjudXc","http://127.0.1.1:8080/cells/7/3","advisory_prompt","0","0","False","False","False",,,"prompt-25ebfaa5f6ea4e9cb51cf9246cd18127","selection_event"
"react-ccrs-mazeV1-04-latest","001-ccrs","react_ccrs_mazeV1_04","graph_ccrs","react_ccrs_mazeV1_04_20260607_211522.log","775","21","2026-06-07T19:16:19.648+00:00","http_post","call_GaujQJj56ju9YtBRkkFlJvZm","http://127.0.1.1:8080/cells/7/4","advisory_prompt","1","0","True","False","True","http://127.0.1.1:8080/cells/7/4",,"prompt-d94345bd577b4367be077c956ca81665","selection_event"
"react-ccrs-mazeV1-04-latest","001-ccrs","react_ccrs_mazeV1_04","graph_ccrs","react_ccrs_mazeV1_04_20260607_211522.log","785","22","2026-06-07T19:16:22.555+00:00","http_get","call_nhJdeVIyDS21pmWvjZg7ffjO","http://127.0.1.1:8080/cells/7/4","advisory_prompt","0","0","False","False","False",,,"prompt-e4f93504e3864f7a9c53c13442c10dc8","selection_event"
"react-ccrs-mazeV1-04-latest","001-ccrs","react_ccrs_mazeV1_04","graph_ccrs","react_ccrs_mazeV1_04_20260607_211522.log","850","23","2026-06-07T19:16:24.166+00:00","http_post","call_n35Ql0iks2FJ6D9qxz1MIMcX","http://127.0.1.1:8080/cells/8/4","advisory_prompt","1","0","True","False","True","http://127.0.1.1:8080/cells/8/4",,"prompt-fc5e290ff4ed4ca8aaf70b8e1bca754d","selection_event"
"react-ccrs-mazeV1-04-latest","001-ccrs","react_ccrs_mazeV1_04","graph_ccrs","react_ccrs_mazeV1_04_20260607_211522.log","860","24","2026-06-07T19:16:26.785+00:00","http_get","call_Ewl64rmGQ5M3LjIIzhcQ2W44","http://127.0.1.1:8080/cells/8/4","advisory_prompt","0","0","False","False","False",,,"prompt-acd249c16ad449bc8bdbd0017d1c2352","selection_event"
"react-ccrs-mazeV1-04-latest","001-ccrs","react_ccrs_mazeV1_04","graph_ccrs","react_ccrs_mazeV1_04_20260607_211522.log","925","25","2026-06-07T19:16:28.432+00:00","http_post","call_7ZwlMPtdJaQyVZsE2Dwz9hqr","http://127.0.1.1:8080/cells/8/5","advisory_prompt","1","0","True","False","True","http://127.0.1.1:8080/cells/8/5",,"prompt-cfaefd0dca7c4e1caa4a37204ba78805","selection_event"
"react-ccrs-mazeV1-04-latest","001-ccrs","react_ccrs_mazeV1_04","graph_ccrs","react_ccrs_mazeV1_04_20260607_211522.log","935","26","2026-06-07T19:16:31.183+00:00","http_get","call_q9IRc8M5S9hS858FghFWwESg","http://127.0.1.1:8080/cells/8/5","advisory_prompt","0","0","False","False","False",,,"prompt-77f6d2107f9b444aa6c4e79e8ba6885e","selection_event"
"react-ccrs-mazeV1-04-latest","001-ccrs","react_ccrs_mazeV1_04","graph_ccrs","react_ccrs_mazeV1_04_20260607_211522.log","1000","27","2026-06-07T19:16:32.929+00:00","http_post","call_XJukR6C2Wj4FLzVUv00xsekV","http://127.0.1.1:8080/cells/8/6","advisory_prompt","1","0","True","False","True","http://127.0.1.1:8080/cells/8/6",,"prompt-264b57c50e0b40f7ba1da7126a0dee28","selection_event"
"react-ccrs-mazeV1-04-latest","001-ccrs","react_ccrs_mazeV1_04","graph_ccrs","react_ccrs_mazeV1_04_20260607_211522.log","1010","28","2026-06-07T19:16:35.722+00:00","http_get","call_YVwcSfX4GoVHXQIKH6s2dyMQ","http://127.0.1.1:8080/cells/8/6","advisory_prompt","0","0","False","False","False",,,"prompt-946117e19c694932be8704870255d24c","selection_event"
"react-ccrs-mazeV1-04-latest","001-ccrs","react_ccrs_mazeV1_04","graph_ccrs","react_ccrs_mazeV1_04_20260607_211522.log","1075","29","2026-06-07T19:16:37.417+00:00","http_post","call_xwWeoUTZybLtXKuLoCGs7fAM","http://127.0.1.1:8080/cells/9/6","advisory_prompt","1","0","True","False","True","http://127.0.1.1:8080/cells/9/6",,"prompt-1ce39f18dede45d78c2eaa1b29abeb71","selection_event"
"react-ccrs-mazeV1-04-latest","001-ccrs","react_ccrs_mazeV1_04","graph_ccrs","react_ccrs_mazeV1_04_20260607_211522.log","1085","30","2026-06-07T19:16:40.026+00:00","http_get","call_thA3CpcCE2yt1WiyqCDfyDCs","http://127.0.1.1:8080/cells/9/6","advisory_prompt","0","0","False","False","False",,,"prompt-3f69109d55a54774b970b47ed34a3465","selection_event"
"react-ccrs-mazeV1-04-latest","001-ccrs","react_ccrs_mazeV1_04","graph_ccrs","react_ccrs_mazeV1_04_20260607_211522.log","1150","31","2026-06-07T19:16:42.515+00:00","http_post","call_8VrWIwehB3qg0ZJSwdJ6CnkV","http://127.0.1.1:8080/cells/10/6","advisory_prompt","1","0","True","False","True","http://127.0.1.1:8080/cells/10/6",,"prompt-1e4ea1fc8813425399ce29a14597aaa2","selection_event"
"react-ccrs-mazeV1-04-latest","001-ccrs","react_ccrs_mazeV1_04","graph_ccrs","react_ccrs_mazeV1_04_20260607_211522.log","1160","32","2026-06-07T19:16:45.176+00:00","http_get","call_hxNo3BKN3MZhv9Jd8HNowVwl","http://127.0.1.1:8080/cells/10/6","advisory_prompt","0","0","False","False","False",,,"prompt-854d8ef4c5bb466c83645acaf4ed0bcb","selection_event"
"react-ccrs-mazeV1-04-latest","001-ccrs","react_ccrs_mazeV1_04","graph_ccrs","react_ccrs_mazeV1_04_20260607_211522.log","1225","33","2026-06-07T19:16:46.890+00:00","http_post","call_3zNXSBke5en50ioOAs4koKVm","http://127.0.1.1:8080/cells/11/6","advisory_prompt","1","0","True","False","True","http://127.0.1.1:8080/cells/11/6",,"prompt-582ddaf9baad4c1e95666be20eee4dc1","selection_event"
"react-ccrs-mazeV1-04-latest","001-ccrs","react_ccrs_mazeV1_04","graph_ccrs","react_ccrs_mazeV1_04_20260607_211522.log","1235","34","2026-06-07T19:16:52.417+00:00","http_get","call_emroXvKwOcSRZJ7t8dlinwDn","http://127.0.1.1:8080/cells/11/6","advisory_prompt","0","0","False","False","False",,,"prompt-646300feb8ee416ea6ea0bdca57d91bd","selection_event"
"react-ccrs-mazeV1-04-latest","001-ccrs","react_ccrs_mazeV1_04","graph_ccrs","react_ccrs_mazeV1_04_20260607_211522.log","1300","35","2026-06-07T19:16:54.231+00:00","http_get","call_txVjJWHgYnER27AIV8rrDcxh","http://127.0.1.1:8080/cells/11/5","advisory_prompt","1","0","True","False","True","http://127.0.1.1:8080/cells/11/5",,"prompt-005a810b2b3c4b6c88975df1103b040c","selection_event"
"react-ccrs-mazeV1-04-latest","001-ccrs","react_ccrs_mazeV1_04","graph_ccrs","react_ccrs_mazeV1_04_20260607_211522.log","1316","36","2026-06-07T19:16:56.414+00:00","http_get","call_A1O2gXJYKCZ4ZTbo7iOdjCRR","http://127.0.1.1:8080/cells/11/6","advisory_prompt","0","0","False","False","False",,,"prompt-29063d71b6164615a69a40d44e6595a1","selection_event"
"react-ccrs-mazeV1-04-latest","001-ccrs","react_ccrs_mazeV1_04","graph_ccrs","react_ccrs_mazeV1_04_20260607_211522.log","1381","37","2026-06-07T19:16:58.241+00:00","http_get","call_m6Uurl8GukZ2Gu9MWH2nAQOU","http://127.0.1.1:8080/cells/11/6","advisory_prompt","1","0","False","False","False","http://127.0.1.1:8080/cells/11/5",,"prompt-c921c86ff1744a32a9b36dd6ebe0ebd4","selection_event"
"react-ccrs-mazeV1-04-latest","001-ccrs","react_ccrs_mazeV1_04","graph_ccrs","react_ccrs_mazeV1_04_20260607_211522.log","1446","38","2026-06-07T19:17:00.161+00:00","http_post","call_hhQcArZma4XU991AOAmnfFrm","http://127.0.1.1:8080/cells/11/7","advisory_prompt","1","0","False","False","False","http://127.0.1.1:8080/cells/11/5",,"prompt-68a7a48ae4f54c5299b94b7e87ec42a9","selection_event"
"react-ccrs-mazeV1-04-latest","001-ccrs","react_ccrs_mazeV1_04","graph_ccrs","react_ccrs_mazeV1_04_20260607_211522.log","1456","39","2026-06-07T19:17:05.558+00:00","http_get","call_MUi7OVVYDtw9DJXkCTeCVpWT","http://127.0.1.1:8080/cells/11/7","advisory_prompt","0","0","False","False","False",,,"prompt-a26d0759d9454429819a9e95f99d7bf7","selection_event"
"react-ccrs-mazeV1-04-latest","001-ccrs","react_ccrs_mazeV1_04","graph_ccrs","react_ccrs_mazeV1_04_20260607_211522.log","1472","40","2026-06-07T19:17:13.245+00:00","http_get","call_1AvWkFZFgEVPAdqgqUY85RqX","http://127.0.1.1:8080/cells/11/8","advisory_prompt","0","0","False","False","False",,,"prompt-aae9e260c8bd49b68a6bbd93a095dea6","selection_event"
"react-ccrs-mazeV1-04-latest","001-ccrs","react_ccrs_mazeV1_04","graph_ccrs","react_ccrs_mazeV1_04_20260607_211522.log","1488","41","2026-06-07T19:17:15.188+00:00","http_get","call_fENGLk7eAiGcWcPjXz1naVe1","http://127.0.1.1:8080/cells/11/7","advisory_prompt","0","0","False","False","False",,,"prompt-c39bc34dd20245dfb5b6f3b0c801c534","selection_event"
"react-ccrs-mazeV1-04-latest","001-ccrs","react_ccrs_mazeV1_04","graph_ccrs","react_ccrs_mazeV1_04_20260607_211522.log","1504","42","2026-06-07T19:17:17.288+00:00","http_get","call_WW6dtd7Ea5aCS8uiOw9Qbg69","http://127.0.1.1:8080/cells/11/7","advisory_prompt","0","0","False","False","False",,,"prompt-82682f36ea344e859bbac2ad5f0bc814","selection_event"
"react-ccrs-mazeV1-04-latest","001-ccrs","react_ccrs_mazeV1_04","graph_ccrs","react_ccrs_mazeV1_04_20260607_211522.log","1520","43","2026-06-07T19:17:24.751+00:00","http_get","call_Ukovo795SN2aTzLqIW5IBwpA","http://127.0.1.1:8080/cells/11/7","advisory_prompt","0","0","False","False","False",,,"prompt-ecc358af46464a079d2baa07fc67f508","selection_event"
"react-ccrs-mazeV1-04-latest","001-ccrs","react_ccrs_mazeV1_04","graph_ccrs","react_ccrs_mazeV1_04_20260607_211522.log","1536","44","2026-06-07T19:17:26.850+00:00","http_get","call_2gPBK56zHuzPr6JYdbETuHZ4","http://127.0.1.1:8080/cells/11/8","advisory_prompt","0","0","False","False","False",,,"prompt-1b375be408444c14b70f080f792e4943","selection_event"
"react-ccrs-mazeV1-04-latest","001-ccrs","react_ccrs_mazeV1_04","graph_ccrs","react_ccrs_mazeV1_04_20260607_211522.log","1552","45","2026-06-07T19:17:28.994+00:00","http_get","call_f5WOXyVcgsO4QtokEX7JRMVN","http://127.0.1.1:8080/cells/11/7","advisory_prompt","0","0","False","False","False",,,"prompt-6da42b1b4fc1412487dc1d67a05fd70e","selection_event"
"react-ccrs-mazeV1-04-latest","001-ccrs","react_ccrs_mazeV1_04","graph_ccrs","react_ccrs_mazeV1_04_20260607_211522.log","1568","46","2026-06-07T19:17:31.189+00:00","http_get","call_t8diHWHxcsjyjxf6NBTqdqTZ","http://127.0.1.1:8080/cells/11/7","advisory_prompt","0","0","False","False","False",,,"prompt-8b6a60e67641495a91b8b27d2daf92d3","selection_event"
"react-ccrs-mazeV1-04-latest","001-ccrs","react_ccrs_mazeV1_04","graph_ccrs","react_ccrs_mazeV1_04_20260607_211522.log","1584","47","2026-06-07T19:17:33.275+00:00","http_get","call_kMoaB3nFD7hn42WxPuE6FqNq","http://127.0.1.1:8080/cells/11/7","advisory_prompt","0","0","False","False","False",,,"prompt-9b9f4c7deacb42fd9194e4ce2ad45e5e","selection_event"
"react-ccrs-mazeV1-04-latest","001-ccrs","react_ccrs_mazeV1_04","graph_ccrs","react_ccrs_mazeV1_04_20260607_211522.log","1600","48","2026-06-07T19:17:35.373+00:00","http_get","call_npCHz3dXs2x5oFX84LwJEZPI","http://127.0.1.1:8080/cells/11/7","advisory_prompt","0","0","False","False","False",,,"prompt-22b37a39c1fe4cafb3ba414fc9df8e71","selection_event"
"react-ccrs-mazeV1-04-latest","001-ccrs","react_ccrs_mazeV1_04","graph_ccrs","react_ccrs_mazeV1_04_20260607_211522.log","1616","49","2026-06-07T19:17:37.719+00:00","http_get","call_Vz0lA0dZ3XwAUm6mPqKfDUHw","http://127.0.1.1:8080/cells/11/8","advisory_prompt","0","0","False","False","False",,,"prompt-9ac8190b91cc4b02bf011d16e74b3fd8","selection_event"
"react-ccrs-mazeV1-04-latest","001-ccrs","react_ccrs_mazeV1_04","graph_ccrs","react_ccrs_mazeV1_04_20260607_211522.log","1632","50","2026-06-07T19:17:43.761+00:00","http_get","call_EEpJ2XbfwKiLwIZ2aSAxFNKj","http://127.0.1.1:8080/cells/11/7","advisory_prompt","0","0","False","False","False",,,"prompt-726f48de97d247b6ab670ef7d2bad2b4","selection_event"
"react-ccrs-mazeV1-04-latest","001-ccrs","react_ccrs_mazeV1_04","graph_ccrs","react_ccrs_mazeV1_04_20260607_211522.log","1648","51","2026-06-07T19:17:45.847+00:00","http_get","call_pcDb5tepzIqSvtklvSNkgzmz","http://127.0.1.1:8080/cells/11/8","advisory_prompt","0","0","False","False","False",,,"prompt-0c5c1f747c974c7fbd89598fbb71624e","selection_event"
"react-ccrs-mazeV1-04-latest","001-ccrs","react_ccrs_mazeV1_04","graph_ccrs","react_ccrs_mazeV1_04_20260607_211522.log","1664","52","2026-06-07T19:17:48.199+00:00","http_get","call_vjqivagxcamP35UZwUlUn614","http://127.0.1.1:8080/cells/11/7","advisory_prompt","0","0","False","False","False",,,"prompt-c7f858ebb03e49ce95ff19cb17f00e3e","selection_event"
"react-ccrs-mazeV1-04-latest","001-ccrs","react_ccrs_mazeV1_04","graph_ccrs","react_ccrs_mazeV1_04_20260607_211522.log","1680","53","2026-06-07T19:17:50.541+00:00","http_get","call_vfLa47B8uKlV2BqJErTbvvVF","http://127.0.1.1:8080/cells/11/7","advisory_prompt","0","0","False","False","False",,,"prompt-4d50dd75cec0438288149046d684ab65","selection_event"
"react-ccrs-mazeV1-04-latest","001-ccrs","react_ccrs_mazeV1_04","graph_ccrs","react_ccrs_mazeV1_04_20260607_211522.log","1696","54","2026-06-07T19:17:53.486+00:00","http_get","call_IkUYpP1bHRLuNjorpBBvbSQV","http://127.0.1.1:8080/cells/11/7","advisory_prompt","0","0","False","False","False",,,"prompt-b3b693605eec48faa3e8675c8d91e682","selection_event"
"react-ccrs-mazeV1-04-latest","001-ccrs","react_ccrs_mazeV1_04","graph_ccrs","react_ccrs_mazeV1_04_20260607_211522.log","1712","55","2026-06-07T19:17:59.173+00:00","http_get","call_yr5NEU1WeJFuZyQhsBQC5hJL","http://127.0.1.1:8080/cells/11/7","advisory_prompt","0","0","False","False","False",,,"prompt-62013e015e9b4706b89160ce7ad3f15f","selection_event"
"react-ccrs-mazeV1-04-latest","001-ccrs","react_ccrs_mazeV1_04","graph_ccrs","react_ccrs_mazeV1_04_20260607_211522.log","1728","56","2026-06-07T19:18:01.470+00:00","http_get","call_g5OiMsHY16lUoFooyR305WCg","http://127.0.1.1:8080/cells/11/8","advisory_prompt","0","0","False","False","False",,,"prompt-a6ee55915d9642459b3bb92993464ec5","selection_event"
"react-ccrs-mazeV1-04-latest","001-ccrs","react_ccrs_mazeV1_04","graph_ccrs","react_ccrs_mazeV1_04_20260607_211522.log","1744","57","2026-06-07T19:18:03.696+00:00","http_get","call_KsIRoFeqlXA6tLlmgLAEn7Va","http://127.0.1.1:8080/cells/11/7","advisory_prompt","0","0","False","False","False",,,"prompt-6284aeae862843bcb55b2bd7f58ee455","selection_event"
"react-ccrs-mazeV1-04-latest","001-ccrs","react_ccrs_mazeV1_04","graph_ccrs","react_ccrs_mazeV1_04_20260607_211522.log","1760","58","2026-06-07T19:18:06.004+00:00","http_get","call_qB6ZmbGezCBgfWNHNeHYEcjn","http://127.0.1.1:8080/cells/11/8","advisory_prompt","0","0","False","False","False",,,"prompt-b29af0a23d4b44efb988487fb68b45ee","selection_event"
"react-ccrs-mazeV1-04-latest","001-ccrs","react_ccrs_mazeV1_04","graph_ccrs","react_ccrs_mazeV1_04_20260607_211522.log","1776","59","2026-06-07T19:18:08.488+00:00","http_get","call_IlVrEEgH280WaPrJQpQ949gS","http://127.0.1.1:8080/cells/11/7","advisory_prompt","0","0","False","False","False",,,"prompt-d6f6331f80b5433188bab3e9331a9a02","selection_event"
"react-ccrs-mazeV1-04-latest","001-ccrs","react_ccrs_mazeV1_04","graph_ccrs","react_ccrs_mazeV1_04_20260607_211522.log","1792","60","2026-06-07T19:18:11.494+00:00","http_post","call_FR7huzzHq01Dtjba9RqeG6kr","http://127.0.1.1:8080/cells/11/8","advisory_prompt","0","0","False","False","False",,,"prompt-da4862588e254438968e9dc6e8a2b582","selection_event"
"react-ccrs-mazeV1-04-latest","001-ccrs","react_ccrs_mazeV1_04","graph_ccrs","react_ccrs_mazeV1_04_20260607_211522.log","1802","61","2026-06-07T19:18:14.519+00:00","http_get","call_s3hk8yuCVYHLSPDNYnRpYhae","http://127.0.1.1:8080/cells/11/8","advisory_prompt","0","0","False","False","False",,,"prompt-8b61f616e7834c359490769aef9ce225","selection_event"
"react-ccrs-mazeV1-04-latest","001-ccrs","react_ccrs_mazeV1_04","graph_ccrs","react_ccrs_mazeV1_04_20260607_211522.log","1818","62","2026-06-07T19:18:16.459+00:00","http_get","call_QT6nYcCi4MO3wi1ZMFmXBXes","http://127.0.1.1:8080/cells/11/8","advisory_prompt","0","0","False","False","False",,,"prompt-4c911b0b611e451689d7c722dbbc3021","selection_event"
"react-ccrs-mazeV1-04-latest","001-ccrs","react_ccrs_mazeV1_04","graph_ccrs","react_ccrs_mazeV1_04_20260607_211522.log","1834","63","2026-06-07T19:18:18.438+00:00","http_get","call_IkA5vLFkRsEPDATIjNkWxG6o","http://127.0.1.1:8080/cells/11/9","advisory_prompt","0","0","False","False","False",,,"prompt-40b785aeab7c4ada8076debf0395c612","selection_event"
"react-ccrs-mazeV1-04-latest","001-ccrs","react_ccrs_mazeV1_04","graph_ccrs","react_ccrs_mazeV1_04_20260607_211522.log","1850","64","2026-06-07T19:18:24.284+00:00","http_get","call_R4O2S8eTHvqmDpIYOMI1xR7N","http://127.0.1.1:8080/cells/11/9","advisory_prompt","0","0","False","False","False",,,"prompt-aa31c7dc969a46c592ba332c55262935","selection_event"
"react-ccrs-mazeV1-04-latest","001-ccrs","react_ccrs_mazeV1_04","graph_ccrs","react_ccrs_mazeV1_04_20260607_211522.log","1866","65","2026-06-07T19:18:27.960+00:00","http_get","call_GU0Uz1Ybr9wTBVbwlRHIVI0J","http://127.0.1.1:8080/maze","advisory_prompt","0","0","False","False","False",,,"prompt-26de2386d32144aa80b6e70c7ab505b8","selection_event"
"react-ccrs-mazeV1-04-latest","001-ccrs","react_ccrs_mazeV1_04","graph_ccrs","react_ccrs_mazeV1_04_20260607_211522.log","1882","66","2026-06-07T19:18:30.517+00:00","http_get","call_BMADFCNLQnsrepnMO1qACKBQ","http://127.0.1.1:8080/maze","advisory_prompt","0","0","False","False","False",,,"prompt-25c1e6b7246e4015a93743e130d1d90e","selection_event"
"react-ccrs-mazeV1-04-latest","001-ccrs","react_ccrs_mazeV1_04","graph_ccrs","react_ccrs_mazeV1_04_20260607_211522.log","1898","67","2026-06-07T19:18:32.937+00:00","http_get","call_hsDAm3empqK0CKcZGpoFPKbu","http://127.0.1.1:8080/cells/11/9","advisory_prompt","0","0","False","False","False",,,"prompt-41b24cb2e8aa445880ba69160d20fbcd","selection_event"
"react-ccrs-mazeV1-04-latest","001-ccrs","react_ccrs_mazeV1_04","graph_ccrs","react_ccrs_mazeV1_04_20260607_211522.log","1914","68","2026-06-07T19:18:36.381+00:00","http_get","call_WhO286IHbVqwuhR3bqo6UQyd","http://127.0.1.1:8080/cells/11/8","advisory_prompt","0","0","False","False","False",,,"prompt-da33ed267dd14887b08a9b81d24c6b9e","selection_event"
"react-ccrs-mazeV1-04-latest","001-ccrs","react_ccrs_mazeV1_04","graph_ccrs","react_ccrs_mazeV1_04_20260607_211522.log","1930","69","2026-06-07T19:18:38.753+00:00","http_get","call_K61hCMJ94QoaIwErRxmLAGC5","http://127.0.1.1:8080/cells/11/9","advisory_prompt","0","0","False","False","False",,,"prompt-1bc4339a644f45659f0a022b2f6ec991","selection_event"
"react-ccrs-mazeV1-04-latest","001-ccrs","react_ccrs_mazeV1_04","graph_ccrs","react_ccrs_mazeV1_04_20260607_211522.log","1946","70","2026-06-07T19:18:41.001+00:00","http_get","call_YORde4d5VhpcFjVUlUFoiAdW","http://127.0.1.1:8080/cells/11/9","advisory_prompt","0","0","False","False","False",,,"prompt-2e1eb657890044fa92babab15378e743","selection_event"
"react-ccrs-mazeV1-04-latest","001-ccrs","react_ccrs_mazeV1_04","graph_ccrs","react_ccrs_mazeV1_04_20260607_211522.log","1962","71","2026-06-07T19:18:43.722+00:00","http_get","call_JeiWU892mjvCMEvkyIqdxoEy","http://127.0.1.1:8080/cells/11/9","advisory_prompt","0","0","False","False","False",,,"prompt-1caa6eac24824cc8a762983ff5ecdaae","selection_event"
"react-ccrs-mazeV1-04-latest","001-ccrs","react_ccrs_mazeV1_04","graph_ccrs","react_ccrs_mazeV1_04_20260607_211522.log","1978","72","2026-06-07T19:18:45.898+00:00","escalate_to_contingency_ccrs","call_4C8l6Lo2nOngIRaCWrhNmlbq",,"advisory_prompt","0","0","False","False","False",,,"prompt-2e9a16e54b1740baa060cea7e3f09e80","selection_event"
"react-ccrs-mazeV1-04-latest","001-ccrs","react_ccrs_mazeV1_04","graph_ccrs","react_ccrs_mazeV1_04_20260607_211522.log","2188","73","2026-06-07T19:18:53.732+00:00","http_post","call_51o9JgaH7CDlqwZDItASNpnd","http://127.0.1.1:8080/cells/11/9","advisory_prompt","0","0","False","False","False",,,"prompt-892c28410c94463a9b122f5d1f413ef3","selection_event"
"react-ccrs-mazeV1-04-latest","001-ccrs","react_ccrs_mazeV1_04","graph_ccrs","react_ccrs_mazeV1_04_20260607_211522.log","2198","74","2026-06-07T19:19:10.102+00:00","http_get","call_ew0uLMNjlMjPEgpSTLOdWbP3","http://127.0.1.1:8080/cells/11/9","advisory_prompt","0","0","False","False","False",,,"prompt-66acc5c89fd04d6683095a6dd5c4b316","selection_event"
"react-ccrs-mazeV1-04-latest","001-ccrs","react_ccrs_mazeV1_04","graph_ccrs","react_ccrs_mazeV1_04_20260607_211522.log","2214","75","2026-06-07T19:19:12.178+00:00","http_get","call_YmpEalPjKLYFXuKC62dwkX2Y","http://127.0.1.1:8080/cells/11/9","advisory_prompt","0","0","False","False","False",,,"prompt-b834096d983e451789659a7c53f527b5","selection_event"
"react-ccrs-mazeV1-04-latest","001-ccrs","react_ccrs_mazeV1_04","graph_ccrs","react_ccrs_mazeV1_04_20260607_211522.log","2230","76","2026-06-07T19:19:13.962+00:00","http_get","call_11sOhdEohNFdqdZtqCZ7admH","http://127.0.1.1:8080/cells/11/9","advisory_prompt","0","0","False","False","False",,,"prompt-cef885e19d1241a69bce36d9cba6bd53","selection_event"
"react-ccrs-mazeV1-04-latest","001-ccrs","react_ccrs_mazeV1_04","graph_ccrs","react_ccrs_mazeV1_04_20260607_211522.log","2246","77","2026-06-07T19:19:16.000+00:00","http_get","call_MuGNqXf7sPuWtyIY4p5xZ8gk","http://127.0.1.1:8080/cells/11/9","advisory_prompt","0","0","False","False","False",,,"prompt-ab1b8636c65f426d95fb0dfb527045a5","selection_event"
"react-ccrs-mazeV1-04-latest","001-ccrs","react_ccrs_mazeV1_04","graph_ccrs","react_ccrs_mazeV1_04_20260607_211522.log","2262","78","2026-06-07T19:19:18.170+00:00","http_get","call_1QJ0eZTMRCZFvoY9cyIDkhsT","http://127.0.1.1:8080/cells/11/9","advisory_prompt","0","0","False","False","False",,,"prompt-9d6aa81730114c059fec3d334e7276c8","selection_event"
"react-ccrs-mazeV1-04-latest","001-ccrs","react_ccrs_mazeV1_04","graph_ccrs","react_ccrs_mazeV1_04_20260607_211522.log","2278","79","2026-06-07T19:19:20.782+00:00","http_get","call_ZjHUeB1VmRYsKrMNZw28DTPU","http://127.0.1.1:8080/cells/11/9","advisory_prompt","0","0","False","False","False",,,"prompt-f3cf2aeb2a854ed0972b9f32a2e341e4","selection_event"
"react-ccrs-mazeV1-04-latest","001-ccrs","react_ccrs_mazeV1_04","graph_ccrs","react_ccrs_mazeV1_04_20260607_211522.log","2294","80","2026-06-07T19:19:23.258+00:00","http_get","call_PaImRfVS7PmXAq4yHlU6uNxk","http://127.0.1.1:8080/cells/11/9","advisory_prompt","0","0","False","False","False",,,"prompt-1d902b71cd6b488a8dfc5c82532fb96f","selection_event"
"react-ccrs-mazeV1-04-latest","001-ccrs","react_ccrs_mazeV1_04","graph_ccrs","react_ccrs_mazeV1_04_20260607_211522.log","2310","81","2026-06-07T19:19:26.393+00:00","http_get","call_YRByNgwupTfdn6kkaf19nYZd","http://127.0.1.1:8080/cells/11/9","advisory_prompt","0","0","False","False","False",,,"prompt-fe7c61f72ca74a6b81259369f27cb49a","selection_event"
"react-ccrs-mazeV1-04-latest","001-ccrs","react_ccrs_mazeV1_04","graph_ccrs","react_ccrs_mazeV1_04_20260607_211522.log","2326","82","2026-06-07T19:19:28.447+00:00","http_get","call_2KuYmTk7k1E5YMZadRAxu1vE","http://127.0.1.1:8080/cells/11/9","advisory_prompt","0","0","False","False","False",,,"prompt-76c6b1ce184344b1be3839a8bd3b8aa4","selection_event"
"react-ccrs-mazeV1-04-latest","001-ccrs","react_ccrs_mazeV1_04","graph_ccrs","react_ccrs_mazeV1_04_20260607_211522.log","2342","83","2026-06-07T19:19:30.404+00:00","http_get","call_dgNTZGd32m5x4pmNlBgix5Am","http://127.0.1.1:8080/cells/11/9","advisory_prompt","0","0","False","False","False",,,"prompt-7c28b3de4eb04480a9d3b01d14b764a9","selection_event"
"react-ccrs-mazeV1-04-latest","001-ccrs","react_ccrs_mazeV1_04","graph_ccrs","react_ccrs_mazeV1_04_20260607_211522.log","2358","84","2026-06-07T19:19:32.499+00:00","http_get","call_63kqob8pasnqOnMGZRJMtRpu","http://127.0.1.1:8080/cells/11/9","advisory_prompt","0","0","False","False","False",,,"prompt-8a04d845831f409b9ae38921ebc9b181","selection_event"
"react-ccrs-mazeV1-04-latest","001-ccrs","react_ccrs_mazeV1_04","graph_ccrs","react_ccrs_mazeV1_04_20260607_211522.log","2374","85","2026-06-07T19:19:34.559+00:00","http_get","call_dfqyR4tbxCQJbCQbaePJDSaa","http://127.0.1.1:8080/cells/11/9","advisory_prompt","0","0","False","False","False",,,"prompt-329036a1b95e42fa97652f669782ac80","selection_event"
"react-ccrs-mazeV1-04-latest","001-ccrs","react_ccrs_mazeV1_04","graph_ccrs","react_ccrs_mazeV1_04_20260607_211522.log","2390","86","2026-06-07T19:19:36.698+00:00","http_get","call_mhqWTHVxSTMMSgmoh8clDjTP","http://127.0.1.1:8080/cells/11/9","advisory_prompt","0","0","False","False","False",,,"prompt-a7c73ecfdf9e47cfb84265a00395eb22","selection_event"
"react-ccrs-mazeV1-04-latest","001-ccrs","react_ccrs_mazeV1_04","graph_ccrs","react_ccrs_mazeV1_04_20260607_211522.log","2406","87","2026-06-07T19:19:38.886+00:00","http_get","call_Doj7raqbVtZSweulRrrk2XxA","http://127.0.1.1:8080/cells/11/9","advisory_prompt","0","0","False","False","False",,,"prompt-d29b7382d07445008904a47d2fac2b40","selection_event"
"react-ccrs-mazeV1-04-latest","001-ccrs","react_ccrs_mazeV1_04","graph_ccrs","react_ccrs_mazeV1_04_20260607_211522.log","2422","88","2026-06-07T19:19:40.915+00:00","http_get","call_7tFwKckfCohr0bjhwhMY79ol","http://127.0.1.1:8080/cells/11/9","advisory_prompt","0","0","False","False","False",,,"prompt-c4659722fe2c4f8bbf2f1e0c9eeaefce","selection_event"
"react-ccrs-mazeV1-04-latest","001-ccrs","react_ccrs_mazeV1_04","graph_ccrs","react_ccrs_mazeV1_04_20260607_211522.log","2438","89","2026-06-07T19:19:43.149+00:00","http_get","call_3CfAyUYIBXRzOp8bHw6JkKlJ","http://127.0.1.1:8080/cells/11/9","advisory_prompt","0","0","False","False","False",,,"prompt-4fe13ead29b64c62b0b78c507ad5fe73","selection_event"
"react-ccrs-mazeV1-04-latest","001-ccrs","react_ccrs_mazeV1_04","graph_ccrs","react_ccrs_mazeV1_04_20260607_211522.log","2454","90","2026-06-07T19:19:45.308+00:00","http_get","call_9edSUyUY27d3DRLI5BfEMCkM","http://127.0.1.1:8080/cells/11/9","advisory_prompt","0","0","False","False","False",,,"prompt-90877b10bb7444748ac77c90c5d93c29","selection_event"
"react-ccrs-mazeV1-04-latest","001-ccrs","react_ccrs_mazeV1_04","graph_ccrs","react_ccrs_mazeV1_04_20260607_211522.log","2470","91","2026-06-07T19:19:47.673+00:00","http_get","call_hfwcC7mBA7VEpqBzT7IwnxAB","http://127.0.1.1:8080/cells/11/9","advisory_prompt","0","0","False","False","False",,,"prompt-ef0aefaa33a74a64aa133bbc38ed56da","selection_event"
"react-ccrs-mazeV1-04-latest","001-ccrs","react_ccrs_mazeV1_04","graph_ccrs","react_ccrs_mazeV1_04_20260607_211522.log","2486","92","2026-06-07T19:19:49.838+00:00","http_get","call_h7dDmMNHntDsGZ90toKDEfgH","http://127.0.1.1:8080/cells/11/10","advisory_prompt","0","0","False","False","False",,,"prompt-cd3578fe12b947b482d8ae90315710f7","selection_event"
"react-ccrs-mazeV1-04-latest","001-ccrs","react_ccrs_mazeV1_04","graph_ccrs","react_ccrs_mazeV1_04_20260607_211522.log","2502","93","2026-06-07T19:19:52.237+00:00","http_post","call_dTTQzdf0PkmAopTQtpksgsCg","http://127.0.1.1:8080/cells/11/10","advisory_prompt","0","0","False","False","False",,,"prompt-9161e27fce50460bb665826f0b15cae2","selection_event"
"react-ccrs-mazeV1-04-latest","001-ccrs","react_ccrs_mazeV1_04","graph_ccrs","react_ccrs_mazeV1_04_20260607_211522.log","2512","94","2026-06-07T19:19:55.269+00:00","http_get","call_ra6lxkKW3ZOOcjFii7VU0mPa","http://127.0.1.1:8080/cells/11/10","advisory_prompt","0","0","False","False","False",,,"prompt-0528a3f261254fa5b22708bbfde54983","selection_event"
"react-ccrs-mazeV1-04-latest","001-ccrs","react_ccrs_mazeV1_04","graph_ccrs","react_ccrs_mazeV1_04_20260607_211522.log","2528","95","2026-06-07T19:19:58.240+00:00","http_get","call_BuWJTRgSPINv4eQos5JbexWR","http://127.0.1.1:8080/cells/11/10","advisory_prompt","0","0","False","False","False",,,"prompt-2727f46231bf4fbb8739440356f9ae6a","selection_event"
"react-ccrs-mazeV1-04-latest","001-ccrs","react_ccrs_mazeV1_04","graph_ccrs","react_ccrs_mazeV1_04_20260607_211522.log","2544","96","2026-06-07T19:20:00.320+00:00","http_get","call_lqpjLvhusOBknhSPwIjPKrRd","http://127.0.1.1:8080/cells/11/10","advisory_prompt","0","0","False","False","False",,,"prompt-c57e801dd37245208919112661c32e44","selection_event"
"react-ccrs-mazeV1-04-latest","001-ccrs","react_ccrs_mazeV1_04","graph_ccrs","react_ccrs_mazeV1_04_20260607_211522.log","2560","97","2026-06-07T19:20:02.636+00:00","http_get","call_fx9cfCmPJpMXe90SKtx1XBhW","http://127.0.1.1:8080/cells/11/11","advisory_prompt","0","0","False","False","False",,,"prompt-944ea4319b2440368504d4f87505cce1","selection_event"
"react-ccrs-mazeV1-04-latest","001-ccrs","react_ccrs_mazeV1_04","graph_ccrs","react_ccrs_mazeV1_04_20260607_211522.log","2576","98","2026-06-07T19:20:05.556+00:00","http_post","call_xS3XRgQCl6tceixkP8siNlB7","http://127.0.1.1:8080/cells/11/11","advisory_prompt","0","0","False","False","False",,,"prompt-43316a60124c4284bf33dd49bf28a919","selection_event"
"react-ccrs-mazeV1-04-latest","001-ccrs","react_ccrs_mazeV1_04","graph_ccrs","react_ccrs_mazeV1_04_20260607_211522.log","2586","99","2026-06-07T19:20:08.701+00:00","http_get","call_aw8VSkm3T1QpneaEQMruBuPQ","http://127.0.1.1:8080/cells/11/11","advisory_prompt","0","0","False","False","False",,,"prompt-6273b60d75d74a15883d2bf8e72da681","selection_event"
"react-ccrs-mazeV1-04-latest","001-ccrs","react_ccrs_mazeV1_04","graph_ccrs","react_ccrs_mazeV1_04_20260607_211522.log","2602","100","2026-06-07T19:20:10.647+00:00","http_get","call_7KVcJvYW9HG0IOVvRWJujcxK","http://127.0.1.1:8080/cells/11/11","advisory_prompt","0","0","False","False","False",,,"prompt-7a666f9f723e444ba00dc686e2343542","selection_event"
"react-ccrs-mazeV1-04-latest","001-ccrs","react_ccrs_mazeV1_04","graph_ccrs","react_ccrs_mazeV1_04_20260607_211522.log","2618","101","2026-06-07T19:20:12.760+00:00","http_get","call_HKJqUHJc8wFrBzVIi80ZYhtY","http://127.0.1.1:8080/cells/11/11","advisory_prompt","0","0","False","False","False",,,"prompt-1828234bcbb4464a862aa17580596f35","selection_event"
"react-ccrs-mazeV1-04-latest","001-ccrs","react_ccrs_mazeV1_04","graph_ccrs","react_ccrs_mazeV1_04_20260607_211522.log","2634","102","2026-06-07T19:20:14.913+00:00","http_get","call_fki8CDxFCloqJd5bRHHa4Enm","http://127.0.1.1:8080/cells/11/11","advisory_prompt","0","0","False","False","False",,,"prompt-64260a0c0450481095612c68ebb3e87e","selection_event"
"react-ccrs-mazeV1-04-latest","001-ccrs","react_ccrs_mazeV1_04","graph_ccrs","react_ccrs_mazeV1_04_20260607_211522.log","2650","103","2026-06-07T19:20:17.056+00:00","http_get","call_WvLalkeRrw7D61MDYXTRhRtt","http://127.0.1.1:8080/cells/11/11","advisory_prompt","0","0","False","False","False",,,"prompt-0af044490cc24dc39bc2d310e4f1f8f6","selection_event"
"react-ccrs-mazeV1-04-latest","001-ccrs","react_ccrs_mazeV1_04","graph_ccrs","react_ccrs_mazeV1_04_20260607_211522.log","2666","104","2026-06-07T19:20:19.300+00:00","http_get","call_THGngTumWU0RGUWGayIJcQ5b","http://127.0.1.1:8080/cells/11/11","advisory_prompt","0","0","False","False","False",,,"prompt-a433e319edf74b50aca14564e0a5c6b7","selection_event"
"react-ccrs-mazeV1-04-latest","001-ccrs","react_ccrs_mazeV1_04","graph_ccrs","react_ccrs_mazeV1_04_20260607_211522.log","2682","105","2026-06-07T19:20:21.507+00:00","http_get","call_FCckhH5avhSb0WwXZx3Miz0n","http://127.0.1.1:8080/cells/10/11","advisory_prompt","0","0","False","False","False",,,"prompt-5fae70e5adff44f2935b99cccfb701a1","selection_event"
"react-ccrs-mazeV1-04-latest","001-ccrs","react_ccrs_mazeV1_04","graph_ccrs","react_ccrs_mazeV1_04_20260607_211522.log","2698","106","2026-06-07T19:20:23.940+00:00","http_post","call_L4Hcvog0lRGKELjlVL61KPmw","http://127.0.1.1:8080/cells/10/11","advisory_prompt","0","0","False","False","False",,,"prompt-63b5fd7449db4b1ab982a0ed70328e59","selection_event"
"react-ccrs-mazeV1-04-latest","001-ccrs","react_ccrs_mazeV1_04","graph_ccrs","react_ccrs_mazeV1_04_20260607_211522.log","2708","107","2026-06-07T19:20:27.080+00:00","http_get","call_4t6zOBIzYsdDT0CIByxh55nV","http://127.0.1.1:8080/cells/10/11","advisory_prompt","0","0","False","False","False",,,"prompt-8f62736a27c94174b1176842cf7d19ee","selection_event"
"react-ccrs-mazeV1-04-latest","001-ccrs","react_ccrs_mazeV1_04","graph_ccrs","react_ccrs_mazeV1_04_20260607_211522.log","2724","108","2026-06-07T19:20:29.153+00:00","http_get","call_VfRCK14rArAuh4J1IXPSgREo","http://127.0.1.1:8080/cells/10/11","advisory_prompt","0","0","False","False","False",,,"prompt-0c20a3aedba84c17829a4e9736d113fd","selection_event"
"react-ccrs-mazeV1-04-latest","001-ccrs","react_ccrs_mazeV1_04","graph_ccrs","react_ccrs_mazeV1_04_20260607_211522.log","2740","109","2026-06-07T19:20:31.014+00:00","http_get","call_lv0ipzzYWaqmCWomBLja2Wkg","http://127.0.1.1:8080/cells/10/11","advisory_prompt","0","0","False","False","False",,,"prompt-29f8c8e436ef42f4a927fd24579195aa","selection_event"
"react-ccrs-mazeV1-04-latest","001-ccrs","react_ccrs_mazeV1_04","graph_ccrs","react_ccrs_mazeV1_04_20260607_211522.log","2756","110","2026-06-07T19:20:33.023+00:00","http_get","call_xYaSQ20e89Enci0Men26G0mB","http://127.0.1.1:8080/cells/12/11","advisory_prompt","0","0","False","False","False",,,"prompt-00579dbe30544ce08f5d3b1506f00b1e","selection_event"
"react-ccrs-mazeV1-04-latest","001-ccrs","react_ccrs_mazeV1_04","graph_ccrs","react_ccrs_mazeV1_04_20260607_211522.log","2772","111","2026-06-07T19:20:35.327+00:00","http_post","call_ucPb2E50ZbN3CyvMpzpXO22y","http://127.0.1.1:8080/cells/11/11","advisory_prompt","0","0","False","False","False",,,"prompt-a4681b8e96e140c797e354a26ffea6fd","selection_event"
"react-ccrs-mazeV1-04-latest","001-ccrs","react_ccrs_mazeV1_04","graph_ccrs","react_ccrs_mazeV1_04_20260607_211522.log","2788","112","2026-06-07T19:20:38.756+00:00","http_get","call_g3IBq2BPrH6Il4abplfCTMPD","http://127.0.1.1:8080/cells/11/11","advisory_prompt","0","0","False","False","False",,,"prompt-369fdea4e75f433dbed795b7cae1d72d","selection_event"
"react-ccrs-mazeV1-04-latest","001-ccrs","react_ccrs_mazeV1_04","graph_ccrs","react_ccrs_mazeV1_04_20260607_211522.log","2804","113","2026-06-07T19:20:42.537+00:00","http_get","call_dXR8qTAbXK1dl48XPtVrrbGT","http://127.0.1.1:8080/cells/12/11","advisory_prompt","0","0","False","False","False",,,"prompt-5cad6266dfdd4c87a331ff5e62738322","selection_event"
"react-ccrs-mazeV1-04-latest","001-ccrs","react_ccrs_mazeV1_04","graph_ccrs","react_ccrs_mazeV1_04_20260607_211522.log","2820","114","2026-06-07T19:20:44.552+00:00","http_post","call_kMn949KqyEolES5ghl2r91sB","http://127.0.1.1:8080/cells/12/11","advisory_prompt","0","0","False","False","False",,,"prompt-53951159ad854137a4249f1f7c628a81","selection_event"
"react-ccrs-mazeV1-04-latest","001-ccrs","react_ccrs_mazeV1_04","graph_ccrs","react_ccrs_mazeV1_04_20260607_211522.log","2836","115","2026-06-07T19:20:47.605+00:00","http_get","call_6CvEmj9Ewj0IbMe4UhcacA1k","http://127.0.1.1:8080/cells/10/11","advisory_prompt","0","0","False","False","False",,,"prompt-207fab484c324a72995462681cb05fdd","selection_event"
"react-ccrs-mazeV1-04-latest","001-ccrs","react_ccrs_mazeV1_04","graph_ccrs","react_ccrs_mazeV1_04_20260607_211522.log","2974","116","2026-06-07T19:20:50.622+00:00","http_get","call_KZUwUln6VjwAnqos4zD6I1a6","http://127.0.1.1:8080/cells/10/11","advisory_prompt","0","0","False","False","False",,,"prompt-1df2e43705404ee08e04e2ea523471f4","selection_event"
"react-ccrs-mazeV1-04-latest","001-ccrs","react_ccrs_mazeV1_04","graph_ccrs","react_ccrs_mazeV1_04_20260607_211522.log","2990","117","2026-06-07T19:20:54.832+00:00","http_get","call_pNMYAYbu8FECafYeUpk4JfoB","http://127.0.1.1:8080/cells/11/11","advisory_prompt","0","0","False","False","False",,,"prompt-b734527f15e44b4f9f4c5d0670b605a9","selection_event"
"react-ccrs-mazeV1-04-latest","001-ccrs","react_ccrs_mazeV1_04","graph_ccrs","react_ccrs_mazeV1_04_20260607_211522.log","3006","118","2026-06-07T19:20:56.851+00:00","escalate_to_contingency_ccrs","call_vIybUDktCMOY7cp25D1IMHFs",,"advisory_prompt","0","0","False","False","False",,,"prompt-ca8475d52bca4c28a949d348d9bef16b","selection_event"
"react-ccrs-mazeV1-04-latest","001-ccrs","react_ccrs_mazeV1_04","graph_ccrs","react_ccrs_mazeV1_04_20260607_211522.log","3214","119","2026-06-07T19:20:59.492+00:00","http_post","call_c10OWpH1My0Zlt2gSfQ9asIs","http://127.0.1.1:8080/cells/11/11","advisory_prompt","0","0","False","False","False",,,"prompt-a1ebe97fd8c94744b2deb2d889a90f38","selection_event"
"react-ccrs-mazeV1-04-latest","001-ccrs","react_ccrs_mazeV1_04","graph_ccrs","react_ccrs_mazeV1_04_20260607_211522.log","3224","120","2026-06-07T19:21:13.331+00:00","http_get","call_vnsldhW606d0i0WYoHOKsaRL","http://127.0.1.1:8080/cells/11/11","advisory_prompt","0","0","False","False","False",,,"prompt-bc8096748b3144d6b8167c297b31f969","selection_event"
"react-ccrs-mazeV1-04-latest","001-ccrs","react_ccrs_mazeV1_04","graph_ccrs","react_ccrs_mazeV1_04_20260607_211522.log","3240","121","2026-06-07T19:21:15.376+00:00","http_get","call_9P4tPbHAOrIXW9Qfvin38OH9","http://127.0.1.1:8080/cells/12/11","advisory_prompt","0","0","False","False","False",,,"prompt-0d74f35895e84914ab7d2d78e39c1129","selection_event"
"react-ccrs-mazeV1-04-latest","001-ccrs","react_ccrs_mazeV1_04","graph_ccrs","react_ccrs_mazeV1_04_20260607_211522.log","3256","122","2026-06-07T19:21:18.834+00:00","http_post","call_9XHYC4mxdLxa9atSE9TNLlzI","http://127.0.1.1:8080/cells/12/11","advisory_prompt","0","0","False","False","False",,,"prompt-b29249c596204ac5a42ee6386182f593","selection_event"
"react-ccrs-mazeV1-04-latest","001-ccrs","react_ccrs_mazeV1_04","graph_ccrs","react_ccrs_mazeV1_04_20260607_211522.log","3266","123","2026-06-07T19:21:35.007+00:00","http_get","call_uPVN9MK6fxd5wXvsjrwtyt2Z","http://127.0.1.1:8080/cells/12/11","advisory_prompt","0","0","False","False","False",,,"prompt-87bdf3eaf17c4e5f8f33f3588403cf39","selection_event"
"react-ccrs-mazeV1-04-latest","001-ccrs","react_ccrs_mazeV1_04","graph_ccrs","react_ccrs_mazeV1_04_20260607_211522.log","3282","124","2026-06-07T19:21:36.886+00:00","http_get","call_4bo4UIUe2Kz7PgADGDOjvhZc","http://127.0.1.1:8080/cells/12/11","advisory_prompt","0","0","False","False","False",,,"prompt-31c5aa9b7dfe458a99b3166aa5f67bd3","selection_event"
"react-ccrs-mazeV1-04-latest","001-ccrs","react_ccrs_mazeV1_04","graph_ccrs","react_ccrs_mazeV1_04_20260607_211522.log","3298","125","2026-06-07T19:21:38.878+00:00","http_get","call_LUyjoeGUVnJiRBogceQfJ1Fn","http://127.0.1.1:8080/maze","advisory_prompt","0","0","False","False","False",,,"prompt-e4f60d7afeb64a2b8d85501a4ef8f7e4","selection_event"
"react-ccrs-mazeV1-04-latest","001-ccrs","react_ccrs_mazeV1_04","graph_ccrs","react_ccrs_mazeV1_04_20260607_211522.log","3314","126","2026-06-07T19:21:40.789+00:00","http_get","call_VYNKweCSi9ghq6jnVk6GcRbh","http://127.0.1.1:8080/cells/12/11","advisory_prompt","0","0","False","False","False",,,"prompt-d12711d9683e454caca16d6e0b566430","selection_event"
"react-ccrs-mazeV1-04-latest","001-ccrs","react_ccrs_mazeV1_04","graph_ccrs","react_ccrs_mazeV1_04_20260607_211522.log","3330","127","2026-06-07T19:21:42.758+00:00","http_get","call_JkDqHg2d8q6iT25qztAWZmml","http://127.0.1.1:8080/cells/12/11","advisory_prompt","0","0","False","False","False",,,"prompt-fe43fdd0dcb94ffb9618444908428567","selection_event"
"react-ccrs-mazeV1-04-latest","001-ccrs","react_ccrs_mazeV1_04","graph_ccrs","react_ccrs_mazeV1_04_20260607_211522.log","3346","128","2026-06-07T19:21:45.261+00:00","http_get","call_3gxl7NJXLsErSUjAQPzaObOg","http://127.0.1.1:8080/cells/12/11","advisory_prompt","0","0","False","False","False",,,"prompt-fa390d13ca8c4984993be42f1db30c63","selection_event"
"react-ccrs-mazeV1-04-latest","001-ccrs","react_ccrs_mazeV1_04","graph_ccrs","react_ccrs_mazeV1_04_20260607_211522.log","3362","129","2026-06-07T19:21:47.307+00:00","http_get","call_ERhoj5G45Xb34qm7ixUSrXlI","http://127.0.1.1:8080/cells/12/11","advisory_prompt","0","0","False","False","False",,,"prompt-fade30d0890a493caee891e63b136b34","selection_event"
"react-ccrs-mazeV1-04-latest","001-ccrs","react_ccrs_mazeV1_04","graph_ccrs","react_ccrs_mazeV1_04_20260607_211522.log","3378","130","2026-06-07T19:21:49.734+00:00","http_get","call_5m0h6jEsiD3RXRhtTF14BEQM","http://127.0.1.1:8080/cells/12/11","advisory_prompt","0","0","False","False","False",,,"prompt-47beceedce25454d8a1e71ec46d8deb8","selection_event"
"react-ccrs-mazeV1-04-latest","001-ccrs","react_ccrs_mazeV1_04","graph_ccrs","react_ccrs_mazeV1_04_20260607_211522.log","3394","131","2026-06-07T19:21:59.854+00:00","http_get","call_qc9vjDDHuRa5hhzHtqNKLNwD","http://127.0.1.1:8080/cells/12/11","advisory_prompt","0","0","False","False","False",,,"prompt-f2db7e81e4c8422781402ea814164e3b","selection_event"
"react-ccrs-mazeV1-04-latest","001-ccrs","react_ccrs_mazeV1_04","graph_ccrs","react_ccrs_mazeV1_04_20260607_211522.log","3410","132","2026-06-07T19:22:02.047+00:00","http_get","call_NMbyfyMsJNIp0ocZpzACnO4U","http://127.0.1.1:8080/cells/12/11","advisory_prompt","0","0","False","False","False",,,"prompt-3a7f45dd91034df19aa28cc64dd390d1","selection_event"
"react-ccrs-mazeV1-04-latest","001-ccrs","react_ccrs_mazeV1_04","graph_ccrs","react_ccrs_mazeV1_04_20260607_211522.log","3426","133","2026-06-07T19:22:03.973+00:00","http_get","call_60aPjxU0UVJ9adYfPwbsyaap","http://127.0.1.1:8080/cells/12/11","advisory_prompt","0","0","False","False","False",,,"prompt-64df728346dc4719bbbed7188152a4a2","selection_event"
"react-ccrs-mazeV1-04-latest","001-ccrs","react_ccrs_mazeV1_04","graph_ccrs","react_ccrs_mazeV1_04_20260607_211522.log","3442","134","2026-06-07T19:22:06.168+00:00","http_get","call_NMvFFzfJ41h4JEO89TzexmuI","http://127.0.1.1:8080/cells/12/11","advisory_prompt","0","0","False","False","False",,,"prompt-36b9e12be4854fce872a2d2fca938f65","selection_event"
"react-ccrs-mazeV1-04-latest","001-ccrs","react_ccrs_mazeV1_04","graph_ccrs","react_ccrs_mazeV1_04_20260607_211522.log","3458","135","2026-06-07T19:22:09.583+00:00","http_get","call_wRUMTUk27tXl95XBfqy2mluw","http://127.0.1.1:8080/cells/12/11","advisory_prompt","0","0","False","False","False",,,"prompt-540e670bb16e4af09a993e6485adad0c","selection_event"
"react-ccrs-mazeV1-04-latest","001-ccrs","react_ccrs_mazeV1_04","graph_ccrs","react_ccrs_mazeV1_04_20260607_211522.log","3474","136","2026-06-07T19:22:11.650+00:00","http_get","call_lNu0YdwJRVUs5RASUDWbwOc0","http://127.0.1.1:8080/cells/12/11","advisory_prompt","0","0","False","False","False",,,"prompt-c56bc8733275435d8ecf1e5c4139d18b","selection_event"
"react-ccrs-mazeV1-04-latest","001-ccrs","react_ccrs_mazeV1_04","graph_ccrs","react_ccrs_mazeV1_04_20260607_211522.log","3490","137","2026-06-07T19:22:13.715+00:00","http_get","call_hKdRBpGruUf98TiBhiGlqpzb","http://127.0.1.1:8080/cells/12/11","advisory_prompt","0","0","False","False","False",,,"prompt-efdfe802118443c38d2e61fb5f3f74db","selection_event"
"react-ccrs-mazeV1-04-latest","001-ccrs","react_ccrs_mazeV1_04","graph_ccrs","react_ccrs_mazeV1_04_20260607_211522.log","3506","138","2026-06-07T19:22:15.624+00:00","http_get","call_OVCe3jm0vFccDxfjZIjT9BN8","http://127.0.1.1:8080/cells/12/11","advisory_prompt","0","0","False","False","False",,,"prompt-a80ec1a34c664356897cc5bcb0e03657","selection_event"
"react-ccrs-mazeV1-04-latest","001-ccrs","react_ccrs_mazeV1_04","graph_ccrs","react_ccrs_mazeV1_04_20260607_211522.log","3522","139","2026-06-07T19:22:17.588+00:00","http_get","call_H9FpBawC9Ogi462O9DpJtNeK","http://127.0.1.1:8080/cells/12/11","advisory_prompt","0","0","False","False","False",,,"prompt-b07e9ee149644d909cb713c474484868","selection_event"
"react-ccrs-mazeV1-04-latest","001-ccrs","react_ccrs_mazeV1_04","graph_ccrs","react_ccrs_mazeV1_04_20260607_211522.log","3538","140","2026-06-07T19:22:19.646+00:00","http_get","call_L3AXQPT97qmaSxnT3U4KpAcq","http://127.0.1.1:8080/cells/12/11","advisory_prompt","0","0","False","False","False",,,"prompt-272a836adabc4ba696f8195bcc6bfa8d","selection_event"
"react-ccrs-mazeV1-04-latest","001-ccrs","react_ccrs_mazeV1_04","graph_ccrs","react_ccrs_mazeV1_04_20260607_211522.log","3554","141","2026-06-07T19:22:21.629+00:00","http_get","call_twAr9BVxN8sn6nmqq8azu6x9","http://127.0.1.1:8080/cells/12/11","advisory_prompt","0","0","False","False","False",,,"prompt-e53899a9472e4acabeebd9c36926eb70","selection_event"
"react-ccrs-mazeV1-04-latest","001-ccrs","react_ccrs_mazeV1_04","graph_ccrs","react_ccrs_mazeV1_04_20260607_211522.log","3570","142","2026-06-07T19:22:23.633+00:00","http_get","call_tfTtyvFQdLOISxuJeHl3HTFX","http://127.0.1.1:8080/cells/12/11","advisory_prompt","0","0","False","False","False",,,"prompt-f8e91d6385974a54953c1154283d03ee","selection_event"
"react-ccrs-mazeV1-04-latest","001-ccrs","react_ccrs_mazeV1_04","graph_ccrs","react_ccrs_mazeV1_04_20260607_211522.log","3586","143","2026-06-07T19:22:25.526+00:00","http_get","call_8B4cjujWgOYbQYRI3NEwQy6S","http://127.0.1.1:8080/cells/12/11","advisory_prompt","0","0","False","False","False",,,"prompt-5f75c1e5dd774849ab6858ac9c38173a","selection_event"
"react-ccrs-mazeV1-04-latest","001-ccrs","react_ccrs_mazeV1_04","graph_ccrs","react_ccrs_mazeV1_04_20260607_211522.log","3602","144","2026-06-07T19:22:27.395+00:00","http_get","call_fArWszfHOBzPexHAsBS8ovXl","http://127.0.1.1:8080/cells/12/11","advisory_prompt","0","0","False","False","False",,,"prompt-ebfd5c2c79bf4297b9e1dbeb75bf7a9e","selection_event"
"react-ccrs-mazeV1-04-latest","001-ccrs","react_ccrs_mazeV1_04","graph_ccrs","react_ccrs_mazeV1_04_20260607_211522.log","3618","145","2026-06-07T19:22:29.605+00:00","http_get","call_nTRuNf5UYMgONuFZX2tcUQ47","http://127.0.1.1:8080/cells/12/11","advisory_prompt","0","0","False","False","False",,,"prompt-2c5f5d9f745443efbb85f8f66f21d9bb","selection_event"
"react-ccrs-mazeV1-04-latest","001-ccrs","react_ccrs_mazeV1_04","graph_ccrs","react_ccrs_mazeV1_04_20260607_211522.log","3634","146","2026-06-07T19:22:31.668+00:00","http_get","call_wpu1rmGAg1u2mq7ct9hIJq6B","http://127.0.1.1:8080/cells/12/11","advisory_prompt","0","0","False","False","False",,,"prompt-bdf732642e574f698b8de1fa9cbf799d","selection_event"
"react-ccrs-mazeV1-04-latest","001-ccrs","react_ccrs_mazeV1_04","graph_ccrs","react_ccrs_mazeV1_04_20260607_211522.log","3650","147","2026-06-07T19:22:33.689+00:00","http_get","call_szfLyouvm1RjXbvNIPz5sibr","http://127.0.1.1:8080/cells/12/11","advisory_prompt","0","0","False","False","False",,,"prompt-b94913c75c334d0aa09140e75ec0a27d","selection_event"
"react-ccrs-mazeV1-04-latest","001-ccrs","react_ccrs_mazeV1_04","graph_ccrs","react_ccrs_mazeV1_04_20260607_211522.log","3666","148","2026-06-07T19:22:35.826+00:00","http_get","call_bpI0MXLq3bBQ1jYn7MXxjPYA","http://127.0.1.1:8080/cells/12/11","advisory_prompt","0","0","False","False","False",,,"prompt-0fa35f462176451d93c03cab89056a9b","selection_event"
"react-ccrs-mazeV1-04-latest","001-ccrs","react_ccrs_mazeV1_04","graph_ccrs","react_ccrs_mazeV1_04_20260607_211522.log","3682","149","2026-06-07T19:22:38.056+00:00","http_get","call_ZLr4yfgVUedeayLrn9v4Uchc","http://127.0.1.1:8080/cells/12/11","advisory_prompt","0","0","False","False","False",,,"prompt-d3999bf610dd4bf7a7065f2acb085944","selection_event"
"react-ccrs-mazeV1-04-latest","001-ccrs","react_ccrs_mazeV1_04","graph_ccrs","react_ccrs_mazeV1_04_20260607_211522.log","3698","150","2026-06-07T19:22:40.516+00:00","http_get","call_789otu8H2pcIH9NXuMbsDzNA","http://127.0.1.1:8080/cells/11/11","advisory_prompt","0","0","False","False","False",,,"prompt-e1db24ee0a8f41059a36789c04a4f56f","selection_event"
"react-ccrs-mazeV1-04-latest","001-ccrs","react_ccrs_mazeV1_04","graph_ccrs","react_ccrs_mazeV1_04_20260607_211522.log","3714","151","2026-06-07T19:22:42.527+00:00","http_post","call_kUJbpURxZRkXd2WefTlzDDNW","http://127.0.1.1:8080/cells/11/11","advisory_prompt","0","0","False","False","False",,,"prompt-7343355da3b841869a925fde12a8236f","selection_event"
"react-ccrs-mazeV1-04-latest","001-ccrs","react_ccrs_mazeV1_04","graph_ccrs","react_ccrs_mazeV1_04_20260607_211522.log","3724","152","2026-06-07T19:22:45.820+00:00","http_get","call_haGHiKWlaLAc3kN4CFzlWR8S","http://127.0.1.1:8080/cells/11/11","advisory_prompt","0","0","False","False","False",,,"prompt-7c5a6074f26e41a88a86cdeed31b74d5","selection_event"
"react-ccrs-mazeV1-04-latest","001-ccrs","react_ccrs_mazeV1_04","graph_ccrs","react_ccrs_mazeV1_04_20260607_211522.log","3740","153","2026-06-07T19:22:47.798+00:00","http_get","call_6B0ZH4InUJEnqgDfJKLUJ1rw","http://127.0.1.1:8080/cells/11/11","advisory_prompt","0","0","False","False","False",,,"prompt-49f0de4583914e64b88b5dc288fbfa96","selection_event"
"react-ccrs-mazeV1-04-latest","001-ccrs","react_ccrs_mazeV1_04","graph_ccrs","react_ccrs_mazeV1_04_20260607_211522.log","3756","154","2026-06-07T19:22:53.410+00:00","http_post","call_lsdrMBi6uxgVvCAPBwI42dTo","http://127.0.1.1:8080/cells/10/11","advisory_prompt","0","0","False","False","False",,,"prompt-b2a29b12942b46fd8d525eb087439c49","selection_event"
"react-ccrs-mazeV1-04-latest","001-ccrs","react_ccrs_mazeV1_04","graph_ccrs","react_ccrs_mazeV1_04_20260607_211522.log","3766","155","2026-06-07T19:22:56.545+00:00","http_get","call_cieVKWzQbZVjiZCe6FiURVNb","http://127.0.1.1:8080/cells/10/11","advisory_prompt","0","0","False","False","False",,,"prompt-a60284c3ef2443dd85840fa45ef88fc1","selection_event"
"react-ccrs-mazeV1-04-latest","001-ccrs","react_ccrs_mazeV1_04","graph_ccrs","react_ccrs_mazeV1_04_20260607_211522.log","3782","156","2026-06-07T19:22:58.383+00:00","http_post","call_3o1PxK4hiV0hWbSFchiQxsg7","http://127.0.1.1:8080/cells/11/10","advisory_prompt","0","0","False","False","False",,,"prompt-078bea98f60c4d8fa72a3bce83e80477","selection_event"
"react-ccrs-mazeV1-04-latest","001-ccrs","react_ccrs_mazeV1_04","graph_ccrs","react_ccrs_mazeV1_04_20260607_211522.log","3798","157","2026-06-07T19:23:02.086+00:00","http_get","call_AgFdwgQYFYQILqLpF48Ee6JN","http://127.0.1.1:8080/cells/10/11","advisory_prompt","0","0","False","False","False",,,"prompt-de3ace8e005d4181b4b86ca25c48c488","selection_event"
"react-ccrs-mazeV1-04-latest","001-ccrs","react_ccrs_mazeV1_04","graph_ccrs","react_ccrs_mazeV1_04_20260607_211522.log","3814","158","2026-06-07T19:23:04.168+00:00","http_post","call_GfzkWYCi2XQ8ufqSJiaryQbL","http://127.0.1.1:8080/cells/11/10","advisory_prompt","0","0","False","False","False",,,"prompt-dbda6dd8338048488a268b812582e495","selection_event"
"react-ccrs-mazeV1-04-latest","001-ccrs","react_ccrs_mazeV1_04","graph_ccrs","react_ccrs_mazeV1_04_20260607_211522.log","3830","159","2026-06-07T19:23:06.926+00:00","http_get","call_kQFHbCXUZnIai2dCVX7VJugq","http://127.0.1.1:8080/cells/11/11","advisory_prompt","0","0","False","False","False",,,"prompt-40ca5a32c5b44ed881512c0be21a9d1b","selection_event"
"react-ccrs-mazeV1-04-latest","001-ccrs","react_ccrs_mazeV1_04","graph_ccrs","react_ccrs_mazeV1_04_20260607_211522.log","3846","160","2026-06-07T19:23:08.798+00:00","http_get","call_EbfoFGSpjCWhgxQ6xhfjBBrm","http://127.0.1.1:8080/cells/10/11","advisory_prompt","0","0","False","False","False",,,"prompt-697abe630f604058a592bc0ae22ee99a","selection_event"
"react-ccrs-mazeV1-04-latest","001-ccrs","react_ccrs_mazeV1_04","graph_ccrs","react_ccrs_mazeV1_04_20260607_211522.log","3862","161","2026-06-07T19:23:10.851+00:00","http_post","call_8PEA7E2koDTspsPw2ZdncN4y","http://127.0.1.1:8080/cells/11/11","advisory_prompt","0","0","False","False","False",,,"prompt-1308e36bf6f84046ab0ebcb5cbd64372","selection_event"
"react-ccrs-mazeV1-04-latest","001-ccrs","react_ccrs_mazeV1_04","graph_ccrs","react_ccrs_mazeV1_04_20260607_211522.log","3872","162","2026-06-07T19:23:13.736+00:00","http_get","call_yx4BaRkoJsIQpu11nl4Wn7IB","http://127.0.1.1:8080/cells/11/11","advisory_prompt","0","0","False","False","False",,,"prompt-cee56081ac3d4b2baea7f9823f1e97a2","selection_event"
"react-ccrs-mazeV1-04-latest","001-ccrs","react_ccrs_mazeV1_04","graph_ccrs","react_ccrs_mazeV1_04_20260607_211522.log","3888","163","2026-06-07T19:23:15.780+00:00","http_post","call_t2D75JrrszaQRiQqwYHrOpBT","http://127.0.1.1:8080/cells/11/10","advisory_prompt","0","0","False","False","False",,,"prompt-12ae797bb70148f19f1436cf943c61b8","selection_event"
"react-ccrs-mazeV1-04-latest","001-ccrs","react_ccrs_mazeV1_04","graph_ccrs","react_ccrs_mazeV1_04_20260607_211522.log","3898","164","2026-06-07T19:23:18.712+00:00","http_get","call_PylNCWFiHG8x7lFYdgVWFXYr","http://127.0.1.1:8080/cells/11/10","advisory_prompt","0","0","False","False","False",,,"prompt-b8e6c95fa48f4dba88ca643973a7f43f","selection_event"
"react-ccrs-mazeV1-04-latest","001-ccrs","react_ccrs_mazeV1_04","graph_ccrs","react_ccrs_mazeV1_04_20260607_211522.log","3914","165","2026-06-07T19:23:21.040+00:00","http_get","call_fhCGLCtu2VeNbC1kXzrXww0K","http://127.0.1.1:8080/cells/11/10","advisory_prompt","0","0","False","False","False",,,"prompt-ca13991dd86945d8b03ad7601a890ae0","selection_event"
"react-ccrs-mazeV1-04-latest","001-ccrs","react_ccrs_mazeV1_04","graph_ccrs","react_ccrs_mazeV1_04_20260607_211522.log","3930","166","2026-06-07T19:23:22.943+00:00","http_get","call_4FHYuflTFxioNB0pHuXvfC7X","http://127.0.1.1:8080/cells/11/9","advisory_prompt","0","0","False","False","False",,,"prompt-9cac2a7d65f8463497cfee6810e74e21","selection_event"
"react-ccrs-mazeV1-04-latest","001-ccrs","react_ccrs_mazeV1_04","graph_ccrs","react_ccrs_mazeV1_04_20260607_211522.log","3946","167","2026-06-07T19:23:24.791+00:00","http_post","call_MGjOYqOsEg49brBUPQxz6yQc","http://127.0.1.1:8080/cells/11/9","advisory_prompt","0","0","False","False","False",,,"prompt-356a4edfc5594e52bc5549293109accd","selection_event"
"react-ccrs-mazeV1-04-latest","001-ccrs","react_ccrs_mazeV1_04","graph_ccrs","react_ccrs_mazeV1_04_20260607_211522.log","3956","168","2026-06-07T19:23:28.168+00:00","http_get","call_vwj33U7gcuu2U4yIzK9Xfxq1","http://127.0.1.1:8080/cells/11/9","advisory_prompt","0","0","False","False","False",,,"prompt-cba715ee69944c8eba03bca490d12f59","selection_event"
"react-ccrs-mazeV1-04-latest","001-ccrs","react_ccrs_mazeV1_04","graph_ccrs","react_ccrs_mazeV1_04_20260607_211522.log","3972","169","2026-06-07T19:23:29.967+00:00","http_post","call_mhpZSmxNJY5ZQG4sCRppTgeL","http://127.0.1.1:8080/cells/10/9","advisory_prompt","0","0","False","False","False",,,"prompt-105e8ee9c2df470fa945473248635d9e","selection_event"
"react-ccrs-mazeV1-04-latest","001-ccrs","react_ccrs_mazeV1_04","graph_ccrs","react_ccrs_mazeV1_04_20260607_211522.log","3982","170","2026-06-07T19:23:33.090+00:00","http_get","call_X2HuCU7x9qCwLw0XOFiGJwRL","http://127.0.1.1:8080/cells/10/9","advisory_prompt","0","0","False","False","False",,,"prompt-ab7ea83c3a924c518eb8f9baceb91970","selection_event"
"react-ccrs-mazeV1-04-latest","001-ccrs","react_ccrs_mazeV1_04","graph_ccrs","react_ccrs_mazeV1_04_20260607_211522.log","3998","171","2026-06-07T19:23:34.992+00:00","http_post","call_lLtLdtJf149PUXb6NyWqZgIa","http://127.0.1.1:8080/cells/11/9","advisory_prompt","0","0","False","False","False",,,"prompt-98989a41c4f34154a3c398b30fc0643e","selection_event"
"react-ccrs-mazeV1-04-latest","001-ccrs","react_ccrs_mazeV1_04","graph_ccrs","react_ccrs_mazeV1_04_20260607_211522.log","4008","172","2026-06-07T19:23:37.813+00:00","http_get","call_LLyKuf98B3uMyB0elynudCZW","http://127.0.1.1:8080/cells/11/9","advisory_prompt","0","0","False","False","False",,,"prompt-c5e4b18702164576addaa733b1ceb521","selection_event"
"react-ccrs-mazeV1-04-latest","001-ccrs","react_ccrs_mazeV1_04","graph_ccrs","react_ccrs_mazeV1_04_20260607_211522.log","4024","173","2026-06-07T19:23:39.984+00:00","http_post","call_3NDQQDV43pcAilnirshBjamg","http://127.0.1.1:8080/cells/11/8","advisory_prompt","0","0","False","False","False",,,"prompt-3bbbb33799bd4a89a975b39bb459a672","selection_event"
"react-ccrs-mazeV1-04-latest","001-ccrs","react_ccrs_mazeV1_04","graph_ccrs","react_ccrs_mazeV1_04_20260607_211522.log","4034","174","2026-06-07T19:23:42.958+00:00","http_get","call_jsUhOVguzd7yZUmNBDxEpwDX","http://127.0.1.1:8080/cells/11/8","advisory_prompt","0","0","False","False","False",,,"prompt-eec6a4d6b6a64f968fa008fd88c42102","selection_event"
"react-ccrs-mazeV1-04-latest","001-ccrs","react_ccrs_mazeV1_04","graph_ccrs","react_ccrs_mazeV1_04_20260607_211522.log","4050","175","2026-06-07T19:23:44.768+00:00","http_post","call_BZLM9UwxyOk59wgV5OKPif4o","http://127.0.1.1:8080/cells/11/7","advisory_prompt","0","0","False","False","False",,,"prompt-195a31916c084580930ccd7599b136ca","selection_event"
"react-ccrs-mazeV1-04-latest","001-ccrs","react_ccrs_mazeV1_04","graph_ccrs","react_ccrs_mazeV1_04_20260607_211522.log","4060","176","2026-06-07T19:23:47.652+00:00","http_get","call_F8FNTVM2fBcKFeD8fJxxENR7","http://127.0.1.1:8080/cells/11/7","advisory_prompt","0","0","False","False","False",,,"prompt-d40cd4ce571742ffaa2f7b6f1c8a254f","selection_event"
"react-ccrs-mazeV1-04-latest","001-ccrs","react_ccrs_mazeV1_04","graph_ccrs","react_ccrs_mazeV1_04_20260607_211522.log","4076","177","2026-06-07T19:23:49.590+00:00","http_post","call_EzgjYseced18jvNuEBw0QVJ1","http://127.0.1.1:8080/cells/11/6","advisory_prompt","0","0","False","False","False",,,"prompt-9b1e69dcf9d248778eda7d6db3085635","selection_event"
"react-ccrs-mazeV1-04-latest","001-ccrs","react_ccrs_mazeV1_04","graph_ccrs","react_ccrs_mazeV1_04_20260607_211522.log","4086","178","2026-06-07T19:23:52.438+00:00","http_get","call_nKhj301DBodVlkV1xps89iso","http://127.0.1.1:8080/cells/11/6","advisory_prompt","0","0","False","False","False",,,"prompt-be93a6f5decb4eb1a5d0126a4d936612","selection_event"
"react-ccrs-mazeV1-04-latest","001-ccrs","react_ccrs_mazeV1_04","graph_ccrs","react_ccrs_mazeV1_04_20260607_211522.log","4151","179","2026-06-07T19:23:54.507+00:00","http_post","call_lpQT290Piv83bctdJBnDIN2R","http://127.0.1.1:8080/cells/11/5","advisory_prompt","1","0","True","False","True","http://127.0.1.1:8080/cells/11/5",,"prompt-d3ed7c3e64634bdea9d3790b1142ed7b","selection_event"
"react-ccrs-mazeV1-04-latest","001-ccrs","react_ccrs_mazeV1_04","graph_ccrs","react_ccrs_mazeV1_04_20260607_211522.log","4161","180","2026-06-07T19:23:57.516+00:00","http_get","call_7GIa6x2zCfWOh9v2su6HnUen","http://127.0.1.1:8080/cells/11/5","advisory_prompt","0","0","False","False","False",,,"prompt-aed147640ca042a781ebff793dd90c42","selection_event"
"react-ccrs-mazeV1-04-latest","001-ccrs","react_ccrs_mazeV1_04","graph_ccrs","react_ccrs_mazeV1_04_20260607_211522.log","4226","181","2026-06-07T19:24:00.355+00:00","http_post","call_MhyURdVFOxJwrTAm7k9JfDZx","http://127.0.1.1:8080/cells/12/5","advisory_prompt","1","0","True","False","True","http://127.0.1.1:8080/cells/12/5",,"prompt-dd764d59cf3b4a0b9a96b2febdd1cef4","selection_event"
"react-ccrs-mazeV1-04-latest","001-ccrs","react_ccrs_mazeV1_04","graph_ccrs","react_ccrs_mazeV1_04_20260607_211522.log","4236","182","2026-06-07T19:24:03.767+00:00","http_get","call_1Apb6t0Iu7TDWpM1FBOB1Tzi","http://127.0.1.1:8080/cells/12/5","advisory_prompt","0","0","False","False","False",,,"prompt-5ab952319fab496f9e9ee16a02b01855","selection_event"
"react-ccrs-mazeV1-04-latest","001-ccrs","react_ccrs_mazeV1_04","graph_ccrs","react_ccrs_mazeV1_04_20260607_211522.log","4252","183","2026-06-07T19:24:05.804+00:00","http_post","call_aulUIIS5nTrTrH6h2mtFXV8f","http://127.0.1.1:8080/cells/12/5","advisory_prompt","0","0","False","False","False",,,"prompt-645c40a630d949fba63216ece6664ab7","selection_event"
"react-ccrs-mazeV1-04-latest","001-ccrs","react_ccrs_mazeV1_04","graph_ccrs","react_ccrs_mazeV1_04_20260607_211522.log","4268","184","2026-06-07T19:24:09.771+00:00","escalate_to_contingency_ccrs","call_FSz5EZCoS3PErsbi1DOYuKzX",,"advisory_prompt","0","0","False","False","False",,,"prompt-e442a81ffaba4337a230d892229e883c","selection_event"
