"batch_id","run_id","agent_name","graph_name","file","line","timestamp","java_event","prefix","message"
"react-ccrs-mazeV1-04-latest","001-ccrs","react_ccrs_mazeV1_04","graph_ccrs","react_ccrs_mazeV1_04_20260607_211522.java.log","1","2026-06-07 21:15:25,230","","[JAVA-CCRS]","2026-06-07 21:15:25,230 [JAVA-CCRS] ccrs.core.rdf.CcrsVocabularyLoader: Loading CCRS vocabulary from classpath: ccrs-vocabulary.ttl"
"react-ccrs-mazeV1-04-latest","001-ccrs","react_ccrs_mazeV1_04","graph_ccrs","react_ccrs_mazeV1_04_20260607_211522.java.log","2","2026-06-07 21:15:25,303","","[JAVA-CCRS]","2026-06-07 21:15:25,303 [JAVA-CCRS] ccrs.core.rdf.CcrsVocabulary: Detected simple pattern: https://kaefer3000.github.io/2021-02-dagstuhl/vocab#green, type=signifier, position=predicate, priority=0.7"
"react-ccrs-mazeV1-04-latest","001-ccrs","react_ccrs_mazeV1_04","graph_ccrs","react_ccrs_mazeV1_04_20260607_211522.java.log","3","2026-06-07 21:15:25,322","","[JAVA-CCRS]","2026-06-07 21:15:25,322 [JAVA-CCRS] ccrs.core.rdf.CcrsVocabulary: Compiled to FAST PATH: https://example.org/stigmark#stigmergyMarkerPattern"
"react-ccrs-mazeV1-04-latest","001-ccrs","react_ccrs_mazeV1_04","graph_ccrs","react_ccrs_mazeV1_04_20260607_211522.java.log","4","2026-06-07 21:15:25,326","","[JAVA-CCRS]","2026-06-07 21:15:25,326 [JAVA-CCRS] ccrs.core.rdf.CcrsVocabulary: Detected structural pattern: https://example.org/stigmark#stigmergyMarkerPattern, type=stigmergy, target=target, priority=0.8, mode=FAST PATH"
"react-ccrs-mazeV1-04-latest","001-ccrs","react_ccrs_mazeV1_04","graph_ccrs","react_ccrs_mazeV1_04_20260607_211522.java.log","5","2026-06-07 21:18:54,006","","[JAVA-CCRS]","2026-06-07 21:18:54,006 [JAVA-CCRS] ccrs.core.contingency.ContingencyCcrs: Creating ContingencyCcrs with default strategies"
"react-ccrs-mazeV1-04-latest","001-ccrs","react_ccrs_mazeV1_04","graph_ccrs","react_ccrs_mazeV1_04_20260607_211522.java.log","6","2026-06-07 21:18:54,014","","[JAVA-CCRS]","2026-06-07 21:18:54,014 [JAVA-CCRS] ccrs.core.contingency.StrategyRegistry: Registered strategy: retry"
"react-ccrs-mazeV1-04-latest","001-ccrs","react_ccrs_mazeV1_04","graph_ccrs","react_ccrs_mazeV1_04_20260607_211522.java.log","7","2026-06-07 21:18:54,015","","[JAVA-CCRS]","2026-06-07 21:18:54,015 [JAVA-CCRS] ccrs.core.contingency.StrategyRegistry: Registered strategy: backtrack"
"react-ccrs-mazeV1-04-latest","001-ccrs","react_ccrs_mazeV1_04","graph_ccrs","react_ccrs_mazeV1_04_20260607_211522.java.log","8","2026-06-07 21:18:54,024","","[JAVA-CCRS]","2026-06-07 21:18:54,024 [JAVA-CCRS] ccrs.core.contingency.StrategyRegistry: Registered strategy: stop"
"react-ccrs-mazeV1-04-latest","001-ccrs","react_ccrs_mazeV1_04","graph_ccrs","react_ccrs_mazeV1_04_20260607_211522.java.log","9","2026-06-07 21:18:54,078","","[JAVA-CCRS]","2026-06-07 21:18:54,078 [JAVA-CCRS] ccrs.core.contingency.ContingencyCcrsFactory: [ContingencyCcrsFactory] Loading strategy provider: ccrs.capabilities.llm.langchain4j.Langchain4jPredictionStrategyProvider"
"react-ccrs-mazeV1-04-latest","001-ccrs","react_ccrs_mazeV1_04","graph_ccrs","react_ccrs_mazeV1_04_20260607_211522.java.log","10","2026-06-07 21:18:54,449","","[JAVA-CCRS]","2026-06-07 21:18:54,449 [JAVA-CCRS] ccrs.core.contingency.StrategyRegistry: Registered strategy: prediction_llm"
"react-ccrs-mazeV1-04-latest","001-ccrs","react_ccrs_mazeV1_04","graph_ccrs","react_ccrs_mazeV1_04_20260607_211522.java.log","11","2026-06-07 21:18:54,451","","[JAVA-CCRS]","2026-06-07 21:18:54,451 [JAVA-CCRS] ccrs.capabilities.llm.langchain4j.Langchain4jPredictionStrategyProvider: [Langchain4jProvider] Registered PredictionLlmStrategy"
"react-ccrs-mazeV1-04-latest","001-ccrs","react_ccrs_mazeV1_04","graph_ccrs","react_ccrs_mazeV1_04_20260607_211522.java.log","12","2026-06-07 21:18:54,462","","[JAVA-CCRS]","2026-06-07 21:18:54,462 [JAVA-CCRS] ccrs.core.contingency.ContingencyCcrsFactory: [ContingencyCcrsFactory] Loading strategy provider: ccrs.capabilities.a2a.A2aConsultationStrategyProvider"
"react-ccrs-mazeV1-04-latest","001-ccrs","react_ccrs_mazeV1_04","graph_ccrs","react_ccrs_mazeV1_04_20260607_211522.java.log","13","2026-06-07 21:18:54,481","","[JAVA-CCRS]","2026-06-07 21:18:54,481 [JAVA-CCRS] ccrs.core.contingency.StrategyRegistry: Registered strategy: consultation"
"react-ccrs-mazeV1-04-latest","001-ccrs","react_ccrs_mazeV1_04","graph_ccrs","react_ccrs_mazeV1_04_20260607_211522.java.log","14","2026-06-07 21:18:54,505","","[JAVA-CCRS]","2026-06-07 21:18:54,505 [JAVA-CCRS] ccrs.capabilities.a2a.A2aConsultationStrategyProvider: [A2AProvider] Registered A2A ConsultationStrategy"
"react-ccrs-mazeV1-04-latest","001-ccrs","react_ccrs_mazeV1_04","graph_ccrs","react_ccrs_mazeV1_04_20260607_211522.java.log","15","2026-06-07 21:18:54,700","","[JAVA-CCRS]","2026-06-07 21:18:54,700 [JAVA-CCRS] ccrs.core.contingency.StrategyRegistry: Ordered strategies for evaluation: retry, backtrack, consultation, prediction_llm, stop"
"react-ccrs-mazeV1-04-latest","001-ccrs","react_ccrs_mazeV1_04","graph_ccrs","react_ccrs_mazeV1_04_20260607_211522.java.log","16","2026-06-07 21:18:54,705","","[JAVA-CCRS]","2026-06-07 21:18:54,705 [JAVA-CCRS] ccrs.core.contingency.ContingencyCcrs: [StrategySelectionPolicy] Built strategy selection model from 0/25 requested traces, 0 strategy profiles, minimumSamplesPerStrategy=2"
"react-ccrs-mazeV1-04-latest","001-ccrs","react_ccrs_mazeV1_04","graph_ccrs","react_ccrs_mazeV1_04_20260607_211522.java.log","17","2026-06-07 21:18:54,710","","[JAVA-CCRS]","2026-06-07 21:18:54,710 [JAVA-CCRS] ccrs.core.contingency.ContingencyCcrs: [ContingencyCcrs] Strategy evaluation order: retry(default, L1), backtrack(default, L2), consultation(default, L3), prediction_llm(default, L4), stop(default, L0)"
"react-ccrs-mazeV1-04-latest","001-ccrs","react_ccrs_mazeV1_04","graph_ccrs","react_ccrs_mazeV1_04_20260607_211522.java.log","18","2026-06-07 21:18:54,711","","[JAVA-CCRS]","2026-06-07 21:18:54,711 [JAVA-CCRS] ccrs.core.contingency.ContingencyCcrs: [StrategySelectionPolicy] Entering escalation level L1 with policy PARALLEL"
"react-ccrs-mazeV1-04-latest","001-ccrs","react_ccrs_mazeV1_04","graph_ccrs","react_ccrs_mazeV1_04_20260607_211522.java.log","19","2026-06-07 21:18:54,720","","[JAVA-CCRS]","2026-06-07 21:18:54,720 [JAVA-CCRS] ccrs.core.contingency.ContingencyCcrs: [StrategySelectionPolicy] Selection gate ALLOW retry: no current recovery suggestion exists; currentBest=0.000"
"react-ccrs-mazeV1-04-latest","001-ccrs","react_ccrs_mazeV1_04","graph_ccrs","react_ccrs_mazeV1_04_20260607_211522.java.log","20","2026-06-07 21:18:54,721","","[JAVA-CCRS]","2026-06-07 21:18:54,721 [JAVA-CCRS] ccrs.core.contingency.strategies.internal.RetryStrategy: [Retry] Not applicable - situation type is UNCERTAINTY"
"react-ccrs-mazeV1-04-latest","001-ccrs","react_ccrs_mazeV1_04","graph_ccrs","react_ccrs_mazeV1_04_20260607_211522.java.log","21","2026-06-07 21:18:54,722","","[JAVA-CCRS]","2026-06-07 21:18:54,722 [JAVA-CCRS] ccrs.core.contingency.ContingencyCcrs: [ContingencyCcrs] Applicability retry L1 -> NOT_APPLICABLE"
"react-ccrs-mazeV1-04-latest","001-ccrs","react_ccrs_mazeV1_04","graph_ccrs","react_ccrs_mazeV1_04_20260607_211522.java.log","22","2026-06-07 21:18:54,723","ccrs.contingency.strategy.evaluated","[CCRS-EVENT]","2026-06-07 21:18:54,723 [JAVA-CCRS] ccrs.core.contingency.ContingencyCcrs: [CCRS-EVENT] event=ccrs.contingency.strategy.evaluated agent_id=react_ccrs_mazeV1_04 strategy_id=retry result_type=none confidence=null action_type=null action_target=null has_opportunistic_guidance=false no_help_reason=null rationale=null evaluation_time_ms=1"
"react-ccrs-mazeV1-04-latest","001-ccrs","react_ccrs_mazeV1_04","graph_ccrs","react_ccrs_mazeV1_04_20260607_211522.java.log","23","2026-06-07 21:18:54,723","","[JAVA-CCRS]","2026-06-07 21:18:54,723 [JAVA-CCRS] ccrs.core.contingency.ContingencyCcrs: [StrategySelectionPolicy] Entering escalation level L2 with policy PARALLEL"
"react-ccrs-mazeV1-04-latest","001-ccrs","react_ccrs_mazeV1_04","graph_ccrs","react_ccrs_mazeV1_04_20260607_211522.java.log","24","2026-06-07 21:18:54,724","","[JAVA-CCRS]","2026-06-07 21:18:54,724 [JAVA-CCRS] ccrs.core.contingency.ContingencyCcrs: [StrategySelectionPolicy] Selection gate ALLOW backtrack: no current recovery suggestion exists; currentBest=0.000"
"react-ccrs-mazeV1-04-latest","001-ccrs","react_ccrs_mazeV1_04","graph_ccrs","react_ccrs_mazeV1_04_20260607_211522.java.log","25","2026-06-07 21:18:54,724","","[JAVA-CCRS]","2026-06-07 21:18:54,724 [JAVA-CCRS] ccrs.core.contingency.strategies.internal.BacktrackStrategy: [Backtrack] Situation type not applicable: UNCERTAINTY"
"react-ccrs-mazeV1-04-latest","001-ccrs","react_ccrs_mazeV1_04","graph_ccrs","react_ccrs_mazeV1_04_20260607_211522.java.log","26","2026-06-07 21:18:54,725","","[JAVA-CCRS]","2026-06-07 21:18:54,725 [JAVA-CCRS] ccrs.core.contingency.ContingencyCcrs: [ContingencyCcrs] Applicability backtrack L2 -> NOT_APPLICABLE"
"react-ccrs-mazeV1-04-latest","001-ccrs","react_ccrs_mazeV1_04","graph_ccrs","react_ccrs_mazeV1_04_20260607_211522.java.log","27","2026-06-07 21:18:54,725","ccrs.contingency.strategy.evaluated","[CCRS-EVENT]","2026-06-07 21:18:54,725 [JAVA-CCRS] ccrs.core.contingency.ContingencyCcrs: [CCRS-EVENT] event=ccrs.contingency.strategy.evaluated agent_id=react_ccrs_mazeV1_04 strategy_id=backtrack result_type=none confidence=null action_type=null action_target=null has_opportunistic_guidance=false no_help_reason=null rationale=null evaluation_time_ms=1"
"react-ccrs-mazeV1-04-latest","001-ccrs","react_ccrs_mazeV1_04","graph_ccrs","react_ccrs_mazeV1_04_20260607_211522.java.log","28","2026-06-07 21:18:54,725","","[JAVA-CCRS]","2026-06-07 21:18:54,725 [JAVA-CCRS] ccrs.core.contingency.ContingencyCcrs: [StrategySelectionPolicy] Entering escalation level L3 with policy PARALLEL"
"react-ccrs-mazeV1-04-latest","001-ccrs","react_ccrs_mazeV1_04","graph_ccrs","react_ccrs_mazeV1_04_20260607_211522.java.log","29","2026-06-07 21:18:54,726","","[JAVA-CCRS]","2026-06-07 21:18:54,726 [JAVA-CCRS] ccrs.core.contingency.ContingencyCcrs: [StrategySelectionPolicy] Selection gate ALLOW consultation: no current recovery suggestion exists; currentBest=0.000"
"react-ccrs-mazeV1-04-latest","001-ccrs","react_ccrs_mazeV1_04","graph_ccrs","react_ccrs_mazeV1_04_20260607_211522.java.log","30","2026-06-07 21:18:54,732","","[JAVA-CCRS]","2026-06-07 21:18:54,732 [JAVA-CCRS] ccrs.core.contingency.strategies.social.ConsultationStrategy: [Consultation] Inspecting interaction from http://127.0.1.1:8080/cells/11/9 with 3 perceived triples"
"react-ccrs-mazeV1-04-latest","001-ccrs","react_ccrs_mazeV1_04","graph_ccrs","react_ccrs_mazeV1_04_20260607_211522.java.log","31","2026-06-07 21:18:54,732","","[JAVA-CCRS]","2026-06-07 21:18:54,732 [JAVA-CCRS] ccrs.core.contingency.strategies.social.ConsultationStrategy: [Consultation] Inspecting interaction from http://127.0.1.1:8080/cells/11/9 with 3 perceived triples"
"react-ccrs-mazeV1-04-latest","001-ccrs","react_ccrs_mazeV1_04","graph_ccrs","react_ccrs_mazeV1_04_20260607_211522.java.log","32","2026-06-07 21:18:54,733","","[JAVA-CCRS]","2026-06-07 21:18:54,733 [JAVA-CCRS] ccrs.core.contingency.strategies.social.ConsultationStrategy: [Consultation] Inspecting interaction from http://127.0.1.1:8080/cells/11/9 with 3 perceived triples"
"react-ccrs-mazeV1-04-latest","001-ccrs","react_ccrs_mazeV1_04","graph_ccrs","react_ccrs_mazeV1_04_20260607_211522.java.log","33","2026-06-07 21:18:54,733","","[JAVA-CCRS]","2026-06-07 21:18:54,733 [JAVA-CCRS] ccrs.core.contingency.strategies.social.ConsultationStrategy: [Consultation] Inspecting interaction from http://127.0.1.1:8080/cells/11/8 with 9 perceived triples"
"react-ccrs-mazeV1-04-latest","001-ccrs","react_ccrs_mazeV1_04","graph_ccrs","react_ccrs_mazeV1_04_20260607_211522.java.log","34","2026-06-07 21:18:54,733","","[JAVA-CCRS]","2026-06-07 21:18:54,733 [JAVA-CCRS] ccrs.core.contingency.strategies.social.ConsultationStrategy: [Consultation] Encountered peer candidate via maze:contains: http://127.0.1.1:8080/agents/react_ccrs_mazeV1_04"
"react-ccrs-mazeV1-04-latest","001-ccrs","react_ccrs_mazeV1_04","graph_ccrs","react_ccrs_mazeV1_04_20260607_211522.java.log","35","2026-06-07 21:18:54,733","","[JAVA-CCRS]","2026-06-07 21:18:54,733 [JAVA-CCRS] ccrs.core.contingency.strategies.social.ConsultationStrategy: [Consultation] Filtering self candidate http://127.0.1.1:8080/agents/react_ccrs_mazeV1_04 for agentId=react_ccrs_mazeV1_04"
"react-ccrs-mazeV1-04-latest","001-ccrs","react_ccrs_mazeV1_04","graph_ccrs","react_ccrs_mazeV1_04_20260607_211522.java.log","36","2026-06-07 21:18:54,733","","[JAVA-CCRS]","2026-06-07 21:18:54,733 [JAVA-CCRS] ccrs.core.contingency.strategies.social.ConsultationStrategy: [Consultation] Skipping non-consultable candidate: http://127.0.1.1:8080/agents/react_ccrs_mazeV1_04"
"react-ccrs-mazeV1-04-latest","001-ccrs","react_ccrs_mazeV1_04","graph_ccrs","react_ccrs_mazeV1_04_20260607_211522.java.log","37","2026-06-07 21:18:54,734","","[JAVA-CCRS]","2026-06-07 21:18:54,734 [JAVA-CCRS] ccrs.core.contingency.strategies.social.ConsultationStrategy: [Consultation] Inspecting interaction from http://127.0.1.1:8080/cells/11/9 with 3 perceived triples"
"react-ccrs-mazeV1-04-latest","001-ccrs","react_ccrs_mazeV1_04","graph_ccrs","react_ccrs_mazeV1_04_20260607_211522.java.log","38","2026-06-07 21:18:54,734","","[JAVA-CCRS]","2026-06-07 21:18:54,734 [JAVA-CCRS] ccrs.core.contingency.strategies.social.ConsultationStrategy: [Consultation] Inspecting interaction from http://127.0.1.1:8080/maze with 8 perceived triples"
"react-ccrs-mazeV1-04-latest","001-ccrs","react_ccrs_mazeV1_04","graph_ccrs","react_ccrs_mazeV1_04_20260607_211522.java.log","39","2026-06-07 21:18:54,734","","[JAVA-CCRS]","2026-06-07 21:18:54,734 [JAVA-CCRS] ccrs.core.contingency.strategies.social.ConsultationStrategy: [Consultation] Inspecting interaction from http://127.0.1.1:8080/maze with 8 perceived triples"
"react-ccrs-mazeV1-04-latest","001-ccrs","react_ccrs_mazeV1_04","graph_ccrs","react_ccrs_mazeV1_04_20260607_211522.java.log","40","2026-06-07 21:18:54,734","","[JAVA-CCRS]","2026-06-07 21:18:54,734 [JAVA-CCRS] ccrs.core.contingency.strategies.social.ConsultationStrategy: [Consultation] Inspecting interaction from http://127.0.1.1:8080/cells/11/9 with 3 perceived triples"
"react-ccrs-mazeV1-04-latest","001-ccrs","react_ccrs_mazeV1_04","graph_ccrs","react_ccrs_mazeV1_04_20260607_211522.java.log","41","2026-06-07 21:18:54,734","","[JAVA-CCRS]","2026-06-07 21:18:54,734 [JAVA-CCRS] ccrs.core.contingency.strategies.social.ConsultationStrategy: [Consultation] Inspecting interaction from http://127.0.1.1:8080/cells/11/9 with 3 perceived triples"
"react-ccrs-mazeV1-04-latest","001-ccrs","react_ccrs_mazeV1_04","graph_ccrs","react_ccrs_mazeV1_04_20260607_211522.java.log","42","2026-06-07 21:18:54,735","","[JAVA-CCRS]","2026-06-07 21:18:54,735 [JAVA-CCRS] ccrs.core.contingency.strategies.social.ConsultationStrategy: [Consultation] Inspecting interaction from http://127.0.1.1:8080/cells/11/8 with 9 perceived triples"
"react-ccrs-mazeV1-04-latest","001-ccrs","react_ccrs_mazeV1_04","graph_ccrs","react_ccrs_mazeV1_04_20260607_211522.java.log","43","2026-06-07 21:18:54,735","","[JAVA-CCRS]","2026-06-07 21:18:54,735 [JAVA-CCRS] ccrs.core.contingency.strategies.social.ConsultationStrategy: [Consultation] Encountered peer candidate via maze:contains: http://127.0.1.1:8080/agents/react_ccrs_mazeV1_04"
"react-ccrs-mazeV1-04-latest","001-ccrs","react_ccrs_mazeV1_04","graph_ccrs","react_ccrs_mazeV1_04_20260607_211522.java.log","44","2026-06-07 21:18:54,735","","[JAVA-CCRS]","2026-06-07 21:18:54,735 [JAVA-CCRS] ccrs.core.contingency.strategies.social.ConsultationStrategy: [Consultation] Filtering self candidate http://127.0.1.1:8080/agents/react_ccrs_mazeV1_04 for agentId=react_ccrs_mazeV1_04"
"react-ccrs-mazeV1-04-latest","001-ccrs","react_ccrs_mazeV1_04","graph_ccrs","react_ccrs_mazeV1_04_20260607_211522.java.log","45","2026-06-07 21:18:54,735","","[JAVA-CCRS]","2026-06-07 21:18:54,735 [JAVA-CCRS] ccrs.core.contingency.strategies.social.ConsultationStrategy: [Consultation] Skipping non-consultable candidate: http://127.0.1.1:8080/agents/react_ccrs_mazeV1_04"
"react-ccrs-mazeV1-04-latest","001-ccrs","react_ccrs_mazeV1_04","graph_ccrs","react_ccrs_mazeV1_04_20260607_211522.java.log","46","2026-06-07 21:18:54,736","","[JAVA-CCRS]","2026-06-07 21:18:54,736 [JAVA-CCRS] ccrs.core.contingency.strategies.social.ConsultationStrategy: [Consultation] Recent agent candidates: []"
"react-ccrs-mazeV1-04-latest","001-ccrs","react_ccrs_mazeV1_04","graph_ccrs","react_ccrs_mazeV1_04_20260607_211522.java.log","47","2026-06-07 21:18:54,736","","[JAVA-CCRS]","2026-06-07 21:18:54,736 [JAVA-CCRS] ccrs.core.contingency.strategies.social.ConsultationStrategy: [Consultation] Not applicable - no consultation target discovered in context"
"react-ccrs-mazeV1-04-latest","001-ccrs","react_ccrs_mazeV1_04","graph_ccrs","react_ccrs_mazeV1_04_20260607_211522.java.log","48","2026-06-07 21:18:54,737","","[JAVA-CCRS]","2026-06-07 21:18:54,737 [JAVA-CCRS] ccrs.core.contingency.ContingencyCcrs: [ContingencyCcrs] Applicability consultation L3 -> NOT_APPLICABLE"
"react-ccrs-mazeV1-04-latest","001-ccrs","react_ccrs_mazeV1_04","graph_ccrs","react_ccrs_mazeV1_04_20260607_211522.java.log","49","2026-06-07 21:18:54,737","ccrs.contingency.strategy.evaluated","[CCRS-EVENT]","2026-06-07 21:18:54,737 [JAVA-CCRS] ccrs.core.contingency.ContingencyCcrs: [CCRS-EVENT] event=ccrs.contingency.strategy.evaluated agent_id=react_ccrs_mazeV1_04 strategy_id=consultation result_type=none confidence=null action_type=null action_target=null has_opportunistic_guidance=false no_help_reason=null rationale=null evaluation_time_ms=11"
"react-ccrs-mazeV1-04-latest","001-ccrs","react_ccrs_mazeV1_04","graph_ccrs","react_ccrs_mazeV1_04_20260607_211522.java.log","50","2026-06-07 21:18:54,737","","[JAVA-CCRS]","2026-06-07 21:18:54,737 [JAVA-CCRS] ccrs.core.contingency.ContingencyCcrs: [StrategySelectionPolicy] Entering escalation level L4 with policy PARALLEL"
"react-ccrs-mazeV1-04-latest","001-ccrs","react_ccrs_mazeV1_04","graph_ccrs","react_ccrs_mazeV1_04_20260607_211522.java.log","51","2026-06-07 21:18:54,738","","[JAVA-CCRS]","2026-06-07 21:18:54,738 [JAVA-CCRS] ccrs.core.contingency.ContingencyCcrs: [StrategySelectionPolicy] Selection gate ALLOW prediction_llm: no current recovery suggestion exists; currentBest=0.000"
"react-ccrs-mazeV1-04-latest","001-ccrs","react_ccrs_mazeV1_04","graph_ccrs","react_ccrs_mazeV1_04_20260607_211522.java.log","52","2026-06-07 21:18:54,740","","[JAVA-CCRS]","2026-06-07 21:18:54,740 [JAVA-CCRS] ccrs.core.contingency.strategies.internal.prediction.PredictionLlmStrategy: [PredictionLLM] Applicable - LLM available with sufficient context"
"react-ccrs-mazeV1-04-latest","001-ccrs","react_ccrs_mazeV1_04","graph_ccrs","react_ccrs_mazeV1_04_20260607_211522.java.log","53","2026-06-07 21:18:54,740","","[JAVA-CCRS]","2026-06-07 21:18:54,740 [JAVA-CCRS] ccrs.core.contingency.ContingencyCcrs: [ContingencyCcrs] Applicability prediction_llm L4 -> APPLICABLE"
"react-ccrs-mazeV1-04-latest","001-ccrs","react_ccrs_mazeV1_04","graph_ccrs","react_ccrs_mazeV1_04_20260607_211522.java.log","54","2026-06-07 21:18:54,740","","[JAVA-CCRS]","2026-06-07 21:18:54,740 [JAVA-CCRS] ccrs.core.contingency.strategies.internal.prediction.PredictionLlmStrategy: [PredictionLLM] Evaluating LLM prediction strategy"
"react-ccrs-mazeV1-04-latest","001-ccrs","react_ccrs_mazeV1_04","graph_ccrs","react_ccrs_mazeV1_04_20260607_211522.java.log","55","2026-06-07 21:18:54,778","","[JAVA-CCRS]","2026-06-07 21:18:54,778 [JAVA-CCRS] ccrs.core.contingency.strategies.internal.prediction.PredictionLlmStrategy: [PredictionLLM] Prepared context map with 8 entries"
"react-ccrs-mazeV1-04-latest","001-ccrs","react_ccrs_mazeV1_04","graph_ccrs","react_ccrs_mazeV1_04_20260607_211522.java.log","56","2026-06-07 21:18:54,782","","[JAVA-CCRS]","2026-06-07 21:18:54,782 [JAVA-CCRS] ccrs.core.contingency.strategies.internal.prediction.PredictionLlmStrategy: [PredictionLLM] Calling LLM for prediction..."
"react-ccrs-mazeV1-04-latest","001-ccrs","react_ccrs_mazeV1_04","graph_ccrs","react_ccrs_mazeV1_04_20260607_211522.java.log","57","2026-06-07 21:18:54,782","","[JAVA-CCRS]","2026-06-07 21:18:54,782 [JAVA-CCRS] ccrs.core.contingency.strategies.internal.prediction.PredictionLlmStrategy: [PredictionLLM] Full LLM request:"
"react-ccrs-mazeV1-04-latest","001-ccrs","react_ccrs_mazeV1_04","graph_ccrs","react_ccrs_mazeV1_04_20260607_211522.java.log","1218","2026-06-07 21:19:06,947","","[JAVA-CCRS]","2026-06-07 21:19:06,947 [JAVA-CCRS] ccrs.core.contingency.strategies.internal.prediction.PredictionLlmStrategy: [PredictionLLM] Full LLM response:"
"react-ccrs-mazeV1-04-latest","001-ccrs","react_ccrs_mazeV1_04","graph_ccrs","react_ccrs_mazeV1_04_20260607_211522.java.log","1220","2026-06-07 21:19:06,949","","[JAVA-CCRS]","2026-06-07 21:19:06,949 [JAVA-CCRS] ccrs.core.contingency.strategies.internal.prediction.PredictionLlmStrategy: [PredictionLLM] LLM suggests action 'post' to 'http://127.0.1.1:8080/cells/11/9' (confidence=0.95)"
"react-ccrs-mazeV1-04-latest","001-ccrs","react_ccrs_mazeV1_04","graph_ccrs","react_ccrs_mazeV1_04_20260607_211522.java.log","1221","2026-06-07 21:19:06,949","","[JAVA-CCRS]","2026-06-07 21:19:06,949 [JAVA-CCRS] ccrs.core.contingency.strategies.internal.prediction.PredictionLlmStrategy: [PredictionLLM] Returning suggestion: post to 'http://127.0.1.1:8080/cells/11/9' (confidence=0.95)"
"react-ccrs-mazeV1-04-latest","001-ccrs","react_ccrs_mazeV1_04","graph_ccrs","react_ccrs_mazeV1_04_20260607_211522.java.log","1222","2026-06-07 21:19:06,949","","[JAVA-CCRS]","2026-06-07 21:19:06,949 [JAVA-CCRS] ccrs.core.contingency.ContingencyCcrs: [ContingencyCcrs] prediction_llm produced suggestion with confidence 0.950"
"react-ccrs-mazeV1-04-latest","001-ccrs","react_ccrs_mazeV1_04","graph_ccrs","react_ccrs_mazeV1_04_20260607_211522.java.log","1223","2026-06-07 21:19:06,950","ccrs.contingency.strategy.evaluated","[CCRS-EVENT]","2026-06-07 21:19:06,950 [JAVA-CCRS] ccrs.core.contingency.ContingencyCcrs: [CCRS-EVENT] event=ccrs.contingency.strategy.evaluated agent_id=react_ccrs_mazeV1_04 strategy_id=prediction_llm result_type=suggestion confidence=0.95 action_type=post action_target=http://127.0.1.1:8080/cells/11/9 has_opportunistic_guidance=false no_help_reason=null rationale=""LLM suggests: post to http://127.0.1.1:8080/cells/11/9. Reasoning: Direct GET of the adjacent east cell is denied because movement requires first POSTing an entersFrom triple to the destination cell, as shown by prior successful moves."" evaluation_time_ms=12211"
"react-ccrs-mazeV1-04-latest","001-ccrs","react_ccrs_mazeV1_04","graph_ccrs","react_ccrs_mazeV1_04_20260607_211522.java.log","1224","2026-06-07 21:19:06,950","","[JAVA-CCRS]","2026-06-07 21:19:06,950 [JAVA-CCRS] ccrs.core.contingency.ContingencyCcrs: [StrategySelectionPolicy] Entering escalation level L0 with policy PARALLEL"
"react-ccrs-mazeV1-04-latest","001-ccrs","react_ccrs_mazeV1_04","graph_ccrs","react_ccrs_mazeV1_04_20260607_211522.java.log","1225","2026-06-07 21:19:06,950","","[JAVA-CCRS]","2026-06-07 21:19:06,950 [JAVA-CCRS] ccrs.core.contingency.ContingencyCcrs: [StrategySelectionPolicy] Skipping L0 (STOP) fallback because recovery suggestions already exist"
"react-ccrs-mazeV1-04-latest","001-ccrs","react_ccrs_mazeV1_04","graph_ccrs","react_ccrs_mazeV1_04_20260607_211522.java.log","1226","2026-06-07 21:20:50,787","","[JAVA-CCRS]","2026-06-07 21:20:50,787 [JAVA-CCRS] ccrs.core.contingency.StrategyRegistry: Ordered strategies for evaluation: retry, backtrack, consultation, prediction_llm, stop"
"react-ccrs-mazeV1-04-latest","001-ccrs","react_ccrs_mazeV1_04","graph_ccrs","react_ccrs_mazeV1_04_20260607_211522.java.log","1227","2026-06-07 21:20:50,788","","[JAVA-CCRS]","2026-06-07 21:20:50,788 [JAVA-CCRS] ccrs.core.contingency.ContingencyCcrs: [StrategySelectionPolicy] Built strategy selection model from 1/25 requested traces, 1 strategy profiles, minimumSamplesPerStrategy=2"
"react-ccrs-mazeV1-04-latest","001-ccrs","react_ccrs_mazeV1_04","graph_ccrs","react_ccrs_mazeV1_04_20260607_211522.java.log","1228","2026-06-07 21:20:50,789","","[JAVA-CCRS]","2026-06-07 21:20:50,789 [JAVA-CCRS] ccrs.core.contingency.ContingencyCcrs: [ContingencyCcrs] Strategy evaluation order: retry(default, L1), backtrack(default, L2), consultation(default, L3), prediction_llm(default, L4), stop(default, L0)"
"react-ccrs-mazeV1-04-latest","001-ccrs","react_ccrs_mazeV1_04","graph_ccrs","react_ccrs_mazeV1_04_20260607_211522.java.log","1229","2026-06-07 21:20:50,789","","[JAVA-CCRS]","2026-06-07 21:20:50,789 [JAVA-CCRS] ccrs.core.contingency.ContingencyCcrs: [StrategySelectionPolicy] Entering escalation level L1 with policy PARALLEL"
"react-ccrs-mazeV1-04-latest","001-ccrs","react_ccrs_mazeV1_04","graph_ccrs","react_ccrs_mazeV1_04_20260607_211522.java.log","1230","2026-06-07 21:20:50,789","","[JAVA-CCRS]","2026-06-07 21:20:50,789 [JAVA-CCRS] ccrs.core.contingency.ContingencyCcrs: [StrategySelectionPolicy] Selection gate ALLOW retry: no current recovery suggestion exists; currentBest=0.000"
"react-ccrs-mazeV1-04-latest","001-ccrs","react_ccrs_mazeV1_04","graph_ccrs","react_ccrs_mazeV1_04_20260607_211522.java.log","1231","2026-06-07 21:20:50,789","","[JAVA-CCRS]","2026-06-07 21:20:50,789 [JAVA-CCRS] ccrs.core.contingency.strategies.internal.RetryStrategy: [Retry] Not applicable - error not retriable (status=null, type=null)"
"react-ccrs-mazeV1-04-latest","001-ccrs","react_ccrs_mazeV1_04","graph_ccrs","react_ccrs_mazeV1_04_20260607_211522.java.log","1232","2026-06-07 21:20:50,789","","[JAVA-CCRS]","2026-06-07 21:20:50,789 [JAVA-CCRS] ccrs.core.contingency.ContingencyCcrs: [ContingencyCcrs] Applicability retry L1 -> NOT_APPLICABLE"
"react-ccrs-mazeV1-04-latest","001-ccrs","react_ccrs_mazeV1_04","graph_ccrs","react_ccrs_mazeV1_04_20260607_211522.java.log","1233","2026-06-07 21:20:50,789","ccrs.contingency.strategy.evaluated","[CCRS-EVENT]","2026-06-07 21:20:50,789 [JAVA-CCRS] ccrs.core.contingency.ContingencyCcrs: [CCRS-EVENT] event=ccrs.contingency.strategy.evaluated agent_id=react_ccrs_mazeV1_04 strategy_id=retry result_type=none confidence=null action_type=null action_target=null has_opportunistic_guidance=false no_help_reason=null rationale=null evaluation_time_ms=0"
"react-ccrs-mazeV1-04-latest","001-ccrs","react_ccrs_mazeV1_04","graph_ccrs","react_ccrs_mazeV1_04_20260607_211522.java.log","1234","2026-06-07 21:20:50,789","","[JAVA-CCRS]","2026-06-07 21:20:50,789 [JAVA-CCRS] ccrs.core.contingency.ContingencyCcrs: [StrategySelectionPolicy] Entering escalation level L2 with policy PARALLEL"
"react-ccrs-mazeV1-04-latest","001-ccrs","react_ccrs_mazeV1_04","graph_ccrs","react_ccrs_mazeV1_04_20260607_211522.java.log","1235","2026-06-07 21:20:50,789","","[JAVA-CCRS]","2026-06-07 21:20:50,789 [JAVA-CCRS] ccrs.core.contingency.ContingencyCcrs: [StrategySelectionPolicy] Selection gate ALLOW backtrack: no current recovery suggestion exists; currentBest=0.000"
"react-ccrs-mazeV1-04-latest","001-ccrs","react_ccrs_mazeV1_04","graph_ccrs","react_ccrs_mazeV1_04_20260607_211522.java.log","1236","2026-06-07 21:20:50,790","","[JAVA-CCRS]","2026-06-07 21:20:50,790 [JAVA-CCRS] ccrs.core.contingency.strategies.internal.BacktrackStrategy: [Backtrack] Cannot determine current resource"
"react-ccrs-mazeV1-04-latest","001-ccrs","react_ccrs_mazeV1_04","graph_ccrs","react_ccrs_mazeV1_04_20260607_211522.java.log","1237","2026-06-07 21:20:50,790","","[JAVA-CCRS]","2026-06-07 21:20:50,790 [JAVA-CCRS] ccrs.core.contingency.ContingencyCcrs: [ContingencyCcrs] Applicability backtrack L2 -> NOT_APPLICABLE"
"react-ccrs-mazeV1-04-latest","001-ccrs","react_ccrs_mazeV1_04","graph_ccrs","react_ccrs_mazeV1_04_20260607_211522.java.log","1238","2026-06-07 21:20:50,790","ccrs.contingency.strategy.evaluated","[CCRS-EVENT]","2026-06-07 21:20:50,790 [JAVA-CCRS] ccrs.core.contingency.ContingencyCcrs: [CCRS-EVENT] event=ccrs.contingency.strategy.evaluated agent_id=react_ccrs_mazeV1_04 strategy_id=backtrack result_type=none confidence=null action_type=null action_target=null has_opportunistic_guidance=false no_help_reason=null rationale=null evaluation_time_ms=0"
"react-ccrs-mazeV1-04-latest","001-ccrs","react_ccrs_mazeV1_04","graph_ccrs","react_ccrs_mazeV1_04_20260607_211522.java.log","1239","2026-06-07 21:20:50,790","","[JAVA-CCRS]","2026-06-07 21:20:50,790 [JAVA-CCRS] ccrs.core.contingency.ContingencyCcrs: [StrategySelectionPolicy] Entering escalation level L3 with policy PARALLEL"
"react-ccrs-mazeV1-04-latest","001-ccrs","react_ccrs_mazeV1_04","graph_ccrs","react_ccrs_mazeV1_04_20260607_211522.java.log","1240","2026-06-07 21:20:50,790","","[JAVA-CCRS]","2026-06-07 21:20:50,790 [JAVA-CCRS] ccrs.core.contingency.ContingencyCcrs: [StrategySelectionPolicy] Selection gate ALLOW consultation: no current recovery suggestion exists; currentBest=0.000"
"react-ccrs-mazeV1-04-latest","001-ccrs","react_ccrs_mazeV1_04","graph_ccrs","react_ccrs_mazeV1_04_20260607_211522.java.log","1241","2026-06-07 21:20:50,790","","[JAVA-CCRS]","2026-06-07 21:20:50,790 [JAVA-CCRS] ccrs.core.contingency.strategies.social.ConsultationStrategy: [Consultation] Inspecting interaction from http://127.0.1.1:8080/cells/12/11 with 3 perceived triples"
"react-ccrs-mazeV1-04-latest","001-ccrs","react_ccrs_mazeV1_04","graph_ccrs","react_ccrs_mazeV1_04_20260607_211522.java.log","1242","2026-06-07 21:20:50,790","","[JAVA-CCRS]","2026-06-07 21:20:50,790 [JAVA-CCRS] ccrs.core.contingency.strategies.social.ConsultationStrategy: [Consultation] Inspecting interaction from http://127.0.1.1:8080/cells/12/11 with 3 perceived triples"
"react-ccrs-mazeV1-04-latest","001-ccrs","react_ccrs_mazeV1_04","graph_ccrs","react_ccrs_mazeV1_04_20260607_211522.java.log","1243","2026-06-07 21:20:50,790","","[JAVA-CCRS]","2026-06-07 21:20:50,790 [JAVA-CCRS] ccrs.core.contingency.strategies.social.ConsultationStrategy: [Consultation] Inspecting interaction from http://127.0.1.1:8080/cells/11/11 with 3 perceived triples"
"react-ccrs-mazeV1-04-latest","001-ccrs","react_ccrs_mazeV1_04","graph_ccrs","react_ccrs_mazeV1_04_20260607_211522.java.log","1244","2026-06-07 21:20:50,791","","[JAVA-CCRS]","2026-06-07 21:20:50,791 [JAVA-CCRS] ccrs.core.contingency.strategies.social.ConsultationStrategy: [Consultation] Inspecting interaction from http://127.0.1.1:8080/cells/11/11 with 3 perceived triples"
"react-ccrs-mazeV1-04-latest","001-ccrs","react_ccrs_mazeV1_04","graph_ccrs","react_ccrs_mazeV1_04_20260607_211522.java.log","1245","2026-06-07 21:20:50,791","","[JAVA-CCRS]","2026-06-07 21:20:50,791 [JAVA-CCRS] ccrs.core.contingency.strategies.social.ConsultationStrategy: [Consultation] Inspecting interaction from http://127.0.1.1:8080/cells/12/11 with 3 perceived triples"
"react-ccrs-mazeV1-04-latest","001-ccrs","react_ccrs_mazeV1_04","graph_ccrs","react_ccrs_mazeV1_04_20260607_211522.java.log","1246","2026-06-07 21:20:50,791","","[JAVA-CCRS]","2026-06-07 21:20:50,791 [JAVA-CCRS] ccrs.core.contingency.strategies.social.ConsultationStrategy: [Consultation] Inspecting interaction from http://127.0.1.1:8080/cells/10/11 with 9 perceived triples"
"react-ccrs-mazeV1-04-latest","001-ccrs","react_ccrs_mazeV1_04","graph_ccrs","react_ccrs_mazeV1_04_20260607_211522.java.log","1247","2026-06-07 21:20:50,791","","[JAVA-CCRS]","2026-06-07 21:20:50,791 [JAVA-CCRS] ccrs.core.contingency.strategies.social.ConsultationStrategy: [Consultation] Encountered peer candidate via maze:contains: http://127.0.1.1:8080/agents/react_ccrs_mazeV1_04"
"react-ccrs-mazeV1-04-latest","001-ccrs","react_ccrs_mazeV1_04","graph_ccrs","react_ccrs_mazeV1_04_20260607_211522.java.log","1248","2026-06-07 21:20:50,792","","[JAVA-CCRS]","2026-06-07 21:20:50,792 [JAVA-CCRS] ccrs.core.contingency.strategies.social.ConsultationStrategy: [Consultation] Filtering self candidate http://127.0.1.1:8080/agents/react_ccrs_mazeV1_04 for agentId=react_ccrs_mazeV1_04"
"react-ccrs-mazeV1-04-latest","001-ccrs","react_ccrs_mazeV1_04","graph_ccrs","react_ccrs_mazeV1_04_20260607_211522.java.log","1249","2026-06-07 21:20:50,792","","[JAVA-CCRS]","2026-06-07 21:20:50,792 [JAVA-CCRS] ccrs.core.contingency.strategies.social.ConsultationStrategy: [Consultation] Skipping non-consultable candidate: http://127.0.1.1:8080/agents/react_ccrs_mazeV1_04"
"react-ccrs-mazeV1-04-latest","001-ccrs","react_ccrs_mazeV1_04","graph_ccrs","react_ccrs_mazeV1_04_20260607_211522.java.log","1250","2026-06-07 21:20:50,792","","[JAVA-CCRS]","2026-06-07 21:20:50,792 [JAVA-CCRS] ccrs.core.contingency.strategies.social.ConsultationStrategy: [Consultation] Inspecting interaction from http://127.0.1.1:8080/cells/10/11 with 9 perceived triples"
"react-ccrs-mazeV1-04-latest","001-ccrs","react_ccrs_mazeV1_04","graph_ccrs","react_ccrs_mazeV1_04_20260607_211522.java.log","1251","2026-06-07 21:20:50,792","","[JAVA-CCRS]","2026-06-07 21:20:50,792 [JAVA-CCRS] ccrs.core.contingency.strategies.social.ConsultationStrategy: [Consultation] Encountered peer candidate via maze:contains: http://127.0.1.1:8080/agents/react_ccrs_mazeV1_04"
"react-ccrs-mazeV1-04-latest","001-ccrs","react_ccrs_mazeV1_04","graph_ccrs","react_ccrs_mazeV1_04_20260607_211522.java.log","1252","2026-06-07 21:20:50,792","","[JAVA-CCRS]","2026-06-07 21:20:50,792 [JAVA-CCRS] ccrs.core.contingency.strategies.social.ConsultationStrategy: [Consultation] Filtering self candidate http://127.0.1.1:8080/agents/react_ccrs_mazeV1_04 for agentId=react_ccrs_mazeV1_04"
"react-ccrs-mazeV1-04-latest","001-ccrs","react_ccrs_mazeV1_04","graph_ccrs","react_ccrs_mazeV1_04_20260607_211522.java.log","1253","2026-06-07 21:20:50,792","","[JAVA-CCRS]","2026-06-07 21:20:50,792 [JAVA-CCRS] ccrs.core.contingency.strategies.social.ConsultationStrategy: [Consultation] Skipping non-consultable candidate: http://127.0.1.1:8080/agents/react_ccrs_mazeV1_04"
"react-ccrs-mazeV1-04-latest","001-ccrs","react_ccrs_mazeV1_04","graph_ccrs","react_ccrs_mazeV1_04_20260607_211522.java.log","1254","2026-06-07 21:20:50,792","","[JAVA-CCRS]","2026-06-07 21:20:50,792 [JAVA-CCRS] ccrs.core.contingency.strategies.social.ConsultationStrategy: [Consultation] Inspecting interaction from http://127.0.1.1:8080/cells/10/11 with 9 perceived triples"
"react-ccrs-mazeV1-04-latest","001-ccrs","react_ccrs_mazeV1_04","graph_ccrs","react_ccrs_mazeV1_04_20260607_211522.java.log","1255","2026-06-07 21:20:50,792","","[JAVA-CCRS]","2026-06-07 21:20:50,792 [JAVA-CCRS] ccrs.core.contingency.strategies.social.ConsultationStrategy: [Consultation] Encountered peer candidate via maze:contains: http://127.0.1.1:8080/agents/react_ccrs_mazeV1_04"
"react-ccrs-mazeV1-04-latest","001-ccrs","react_ccrs_mazeV1_04","graph_ccrs","react_ccrs_mazeV1_04_20260607_211522.java.log","1256","2026-06-07 21:20:50,792","","[JAVA-CCRS]","2026-06-07 21:20:50,792 [JAVA-CCRS] ccrs.core.contingency.strategies.social.ConsultationStrategy: [Consultation] Filtering self candidate http://127.0.1.1:8080/agents/react_ccrs_mazeV1_04 for agentId=react_ccrs_mazeV1_04"
"react-ccrs-mazeV1-04-latest","001-ccrs","react_ccrs_mazeV1_04","graph_ccrs","react_ccrs_mazeV1_04_20260607_211522.java.log","1257","2026-06-07 21:20:50,793","","[JAVA-CCRS]","2026-06-07 21:20:50,793 [JAVA-CCRS] ccrs.core.contingency.strategies.social.ConsultationStrategy: [Consultation] Skipping non-consultable candidate: http://127.0.1.1:8080/agents/react_ccrs_mazeV1_04"
"react-ccrs-mazeV1-04-latest","001-ccrs","react_ccrs_mazeV1_04","graph_ccrs","react_ccrs_mazeV1_04_20260607_211522.java.log","1258","2026-06-07 21:20:50,793","","[JAVA-CCRS]","2026-06-07 21:20:50,793 [JAVA-CCRS] ccrs.core.contingency.strategies.social.ConsultationStrategy: [Consultation] Inspecting interaction from http://127.0.1.1:8080/cells/10/11 with 1 perceived triples"
"react-ccrs-mazeV1-04-latest","001-ccrs","react_ccrs_mazeV1_04","graph_ccrs","react_ccrs_mazeV1_04_20260607_211522.java.log","1259","2026-06-07 21:20:50,793","","[JAVA-CCRS]","2026-06-07 21:20:50,793 [JAVA-CCRS] ccrs.core.contingency.strategies.social.ConsultationStrategy: [Consultation] Inspecting interaction from http://127.0.1.1:8080/cells/10/11 with 3 perceived triples"
"react-ccrs-mazeV1-04-latest","001-ccrs","react_ccrs_mazeV1_04","graph_ccrs","react_ccrs_mazeV1_04_20260607_211522.java.log","1260","2026-06-07 21:20:50,793","","[JAVA-CCRS]","2026-06-07 21:20:50,793 [JAVA-CCRS] ccrs.core.contingency.strategies.social.ConsultationStrategy: [Consultation] Recent agent candidates: []"
"react-ccrs-mazeV1-04-latest","001-ccrs","react_ccrs_mazeV1_04","graph_ccrs","react_ccrs_mazeV1_04_20260607_211522.java.log","1261","2026-06-07 21:20:50,793","","[JAVA-CCRS]","2026-06-07 21:20:50,793 [JAVA-CCRS] ccrs.core.contingency.strategies.social.ConsultationStrategy: [Consultation] Not applicable - no consultation target discovered in context"
"react-ccrs-mazeV1-04-latest","001-ccrs","react_ccrs_mazeV1_04","graph_ccrs","react_ccrs_mazeV1_04_20260607_211522.java.log","1262","2026-06-07 21:20:50,793","","[JAVA-CCRS]","2026-06-07 21:20:50,793 [JAVA-CCRS] ccrs.core.contingency.ContingencyCcrs: [ContingencyCcrs] Applicability consultation L3 -> NOT_APPLICABLE"
"react-ccrs-mazeV1-04-latest","001-ccrs","react_ccrs_mazeV1_04","graph_ccrs","react_ccrs_mazeV1_04_20260607_211522.java.log","1263","2026-06-07 21:20:50,793","ccrs.contingency.strategy.evaluated","[CCRS-EVENT]","2026-06-07 21:20:50,793 [JAVA-CCRS] ccrs.core.contingency.ContingencyCcrs: [CCRS-EVENT] event=ccrs.contingency.strategy.evaluated agent_id=react_ccrs_mazeV1_04 strategy_id=consultation result_type=none confidence=null action_type=null action_target=null has_opportunistic_guidance=false no_help_reason=null rationale=null evaluation_time_ms=3"
"react-ccrs-mazeV1-04-latest","001-ccrs","react_ccrs_mazeV1_04","graph_ccrs","react_ccrs_mazeV1_04_20260607_211522.java.log","1264","2026-06-07 21:20:50,793","","[JAVA-CCRS]","2026-06-07 21:20:50,793 [JAVA-CCRS] ccrs.core.contingency.ContingencyCcrs: [StrategySelectionPolicy] Entering escalation level L4 with policy PARALLEL"
"react-ccrs-mazeV1-04-latest","001-ccrs","react_ccrs_mazeV1_04","graph_ccrs","react_ccrs_mazeV1_04_20260607_211522.java.log","1265","2026-06-07 21:20:50,794","","[JAVA-CCRS]","2026-06-07 21:20:50,794 [JAVA-CCRS] ccrs.core.contingency.ContingencyCcrs: [StrategySelectionPolicy] Selection gate ALLOW prediction_llm: no current recovery suggestion exists; currentBest=0.000, expectedConfidence=0.950, suggestionRate=1.000, avgConfidence=0.950, avgTime=12211ms, n=1"
"react-ccrs-mazeV1-04-latest","001-ccrs","react_ccrs_mazeV1_04","graph_ccrs","react_ccrs_mazeV1_04_20260607_211522.java.log","1266","2026-06-07 21:20:50,794","","[JAVA-CCRS]","2026-06-07 21:20:50,794 [JAVA-CCRS] ccrs.core.contingency.strategies.internal.prediction.PredictionLlmStrategy: [PredictionLLM] Not applicable - insufficient context (no current resource)"
"react-ccrs-mazeV1-04-latest","001-ccrs","react_ccrs_mazeV1_04","graph_ccrs","react_ccrs_mazeV1_04_20260607_211522.java.log","1267","2026-06-07 21:20:50,794","","[JAVA-CCRS]","2026-06-07 21:20:50,794 [JAVA-CCRS] ccrs.core.contingency.ContingencyCcrs: [ContingencyCcrs] Applicability prediction_llm L4 -> NOT_APPLICABLE"
"react-ccrs-mazeV1-04-latest","001-ccrs","react_ccrs_mazeV1_04","graph_ccrs","react_ccrs_mazeV1_04_20260607_211522.java.log","1268","2026-06-07 21:20:50,795","ccrs.contingency.strategy.evaluated","[CCRS-EVENT]","2026-06-07 21:20:50,795 [JAVA-CCRS] ccrs.core.contingency.ContingencyCcrs: [CCRS-EVENT] event=ccrs.contingency.strategy.evaluated agent_id=react_ccrs_mazeV1_04 strategy_id=prediction_llm result_type=none confidence=null action_type=null action_target=null has_opportunistic_guidance=false no_help_reason=null rationale=null evaluation_time_ms=0"
"react-ccrs-mazeV1-04-latest","001-ccrs","react_ccrs_mazeV1_04","graph_ccrs","react_ccrs_mazeV1_04_20260607_211522.java.log","1269","2026-06-07 21:20:50,795","","[JAVA-CCRS]","2026-06-07 21:20:50,795 [JAVA-CCRS] ccrs.core.contingency.ContingencyCcrs: [StrategySelectionPolicy] Entering escalation level L0 with policy PARALLEL"
"react-ccrs-mazeV1-04-latest","001-ccrs","react_ccrs_mazeV1_04","graph_ccrs","react_ccrs_mazeV1_04_20260607_211522.java.log","1270","2026-06-07 21:20:50,795","","[JAVA-CCRS]","2026-06-07 21:20:50,795 [JAVA-CCRS] ccrs.core.contingency.ContingencyCcrs: [StrategySelectionPolicy] Selection gate ALLOW stop: no current recovery suggestion exists; currentBest=0.000"
"react-ccrs-mazeV1-04-latest","001-ccrs","react_ccrs_mazeV1_04","graph_ccrs","react_ccrs_mazeV1_04_20260607_211522.java.log","1271","2026-06-07 21:20:50,796","","[JAVA-CCRS]","2026-06-07 21:20:50,796 [JAVA-CCRS] ccrs.core.contingency.strategies.internal.StopStrategy: [Stop] Not applicable - exhaustion threshold not met (0/2 strategies tried)"
"react-ccrs-mazeV1-04-latest","001-ccrs","react_ccrs_mazeV1_04","graph_ccrs","react_ccrs_mazeV1_04_20260607_211522.java.log","1272","2026-06-07 21:20:50,796","","[JAVA-CCRS]","2026-06-07 21:20:50,796 [JAVA-CCRS] ccrs.core.contingency.ContingencyCcrs: [ContingencyCcrs] Applicability stop L0 -> NOT_APPLICABLE"
"react-ccrs-mazeV1-04-latest","001-ccrs","react_ccrs_mazeV1_04","graph_ccrs","react_ccrs_mazeV1_04_20260607_211522.java.log","1273","2026-06-07 21:20:50,796","ccrs.contingency.strategy.evaluated","[CCRS-EVENT]","2026-06-07 21:20:50,796 [JAVA-CCRS] ccrs.core.contingency.ContingencyCcrs: [CCRS-EVENT] event=ccrs.contingency.strategy.evaluated agent_id=react_ccrs_mazeV1_04 strategy_id=stop result_type=none confidence=null action_type=null action_target=null has_opportunistic_guidance=false no_help_reason=null rationale=null evaluation_time_ms=1"
"react-ccrs-mazeV1-04-latest","001-ccrs","react_ccrs_mazeV1_04","graph_ccrs","react_ccrs_mazeV1_04_20260607_211522.java.log","1274","2026-06-07 21:20:59,646","","[JAVA-CCRS]","2026-06-07 21:20:59,646 [JAVA-CCRS] ccrs.core.contingency.StrategyRegistry: Ordered strategies for evaluation: retry, backtrack, consultation, prediction_llm, stop"
"react-ccrs-mazeV1-04-latest","001-ccrs","react_ccrs_mazeV1_04","graph_ccrs","react_ccrs_mazeV1_04_20260607_211522.java.log","1275","2026-06-07 21:20:59,646","","[JAVA-CCRS]","2026-06-07 21:20:59,646 [JAVA-CCRS] ccrs.core.contingency.ContingencyCcrs: [StrategySelectionPolicy] Built strategy selection model from 2/25 requested traces, 1 strategy profiles, minimumSamplesPerStrategy=2"
"react-ccrs-mazeV1-04-latest","001-ccrs","react_ccrs_mazeV1_04","graph_ccrs","react_ccrs_mazeV1_04_20260607_211522.java.log","1276","2026-06-07 21:20:59,647","","[JAVA-CCRS]","2026-06-07 21:20:59,647 [JAVA-CCRS] ccrs.core.contingency.ContingencyCcrs: [ContingencyCcrs] Strategy evaluation order: retry(default, L1), backtrack(default, L2), consultation(default, L3), prediction_llm(default, L4), stop(default, L0)"
"react-ccrs-mazeV1-04-latest","001-ccrs","react_ccrs_mazeV1_04","graph_ccrs","react_ccrs_mazeV1_04_20260607_211522.java.log","1277","2026-06-07 21:20:59,647","","[JAVA-CCRS]","2026-06-07 21:20:59,647 [JAVA-CCRS] ccrs.core.contingency.ContingencyCcrs: [StrategySelectionPolicy] Entering escalation level L1 with policy PARALLEL"
"react-ccrs-mazeV1-04-latest","001-ccrs","react_ccrs_mazeV1_04","graph_ccrs","react_ccrs_mazeV1_04_20260607_211522.java.log","1278","2026-06-07 21:20:59,647","","[JAVA-CCRS]","2026-06-07 21:20:59,647 [JAVA-CCRS] ccrs.core.contingency.ContingencyCcrs: [StrategySelectionPolicy] Selection gate ALLOW retry: no current recovery suggestion exists; currentBest=0.000"
"react-ccrs-mazeV1-04-latest","001-ccrs","react_ccrs_mazeV1_04","graph_ccrs","react_ccrs_mazeV1_04_20260607_211522.java.log","1279","2026-06-07 21:20:59,647","","[JAVA-CCRS]","2026-06-07 21:20:59,647 [JAVA-CCRS] ccrs.core.contingency.strategies.internal.RetryStrategy: [Retry] Not applicable - situation type is UNCERTAINTY"
"react-ccrs-mazeV1-04-latest","001-ccrs","react_ccrs_mazeV1_04","graph_ccrs","react_ccrs_mazeV1_04_20260607_211522.java.log","1280","2026-06-07 21:20:59,647","","[JAVA-CCRS]","2026-06-07 21:20:59,647 [JAVA-CCRS] ccrs.core.contingency.ContingencyCcrs: [ContingencyCcrs] Applicability retry L1 -> NOT_APPLICABLE"
"react-ccrs-mazeV1-04-latest","001-ccrs","react_ccrs_mazeV1_04","graph_ccrs","react_ccrs_mazeV1_04_20260607_211522.java.log","1281","2026-06-07 21:20:59,647","ccrs.contingency.strategy.evaluated","[CCRS-EVENT]","2026-06-07 21:20:59,647 [JAVA-CCRS] ccrs.core.contingency.ContingencyCcrs: [CCRS-EVENT] event=ccrs.contingency.strategy.evaluated agent_id=react_ccrs_mazeV1_04 strategy_id=retry result_type=none confidence=null action_type=null action_target=null has_opportunistic_guidance=false no_help_reason=null rationale=null evaluation_time_ms=0"
"react-ccrs-mazeV1-04-latest","001-ccrs","react_ccrs_mazeV1_04","graph_ccrs","react_ccrs_mazeV1_04_20260607_211522.java.log","1282","2026-06-07 21:20:59,647","","[JAVA-CCRS]","2026-06-07 21:20:59,647 [JAVA-CCRS] ccrs.core.contingency.ContingencyCcrs: [StrategySelectionPolicy] Entering escalation level L2 with policy PARALLEL"
"react-ccrs-mazeV1-04-latest","001-ccrs","react_ccrs_mazeV1_04","graph_ccrs","react_ccrs_mazeV1_04_20260607_211522.java.log","1283","2026-06-07 21:20:59,647","","[JAVA-CCRS]","2026-06-07 21:20:59,647 [JAVA-CCRS] ccrs.core.contingency.ContingencyCcrs: [StrategySelectionPolicy] Selection gate ALLOW backtrack: no current recovery suggestion exists; currentBest=0.000"
"react-ccrs-mazeV1-04-latest","001-ccrs","react_ccrs_mazeV1_04","graph_ccrs","react_ccrs_mazeV1_04_20260607_211522.java.log","1284","2026-06-07 21:20:59,647","","[JAVA-CCRS]","2026-06-07 21:20:59,647 [JAVA-CCRS] ccrs.core.contingency.strategies.internal.BacktrackStrategy: [Backtrack] Situation type not applicable: UNCERTAINTY"
"react-ccrs-mazeV1-04-latest","001-ccrs","react_ccrs_mazeV1_04","graph_ccrs","react_ccrs_mazeV1_04_20260607_211522.java.log","1285","2026-06-07 21:20:59,647","","[JAVA-CCRS]","2026-06-07 21:20:59,647 [JAVA-CCRS] ccrs.core.contingency.ContingencyCcrs: [ContingencyCcrs] Applicability backtrack L2 -> NOT_APPLICABLE"
"react-ccrs-mazeV1-04-latest","001-ccrs","react_ccrs_mazeV1_04","graph_ccrs","react_ccrs_mazeV1_04_20260607_211522.java.log","1286","2026-06-07 21:20:59,647","ccrs.contingency.strategy.evaluated","[CCRS-EVENT]","2026-06-07 21:20:59,647 [JAVA-CCRS] ccrs.core.contingency.ContingencyCcrs: [CCRS-EVENT] event=ccrs.contingency.strategy.evaluated agent_id=react_ccrs_mazeV1_04 strategy_id=backtrack result_type=none confidence=null action_type=null action_target=null has_opportunistic_guidance=false no_help_reason=null rationale=null evaluation_time_ms=0"
"react-ccrs-mazeV1-04-latest","001-ccrs","react_ccrs_mazeV1_04","graph_ccrs","react_ccrs_mazeV1_04_20260607_211522.java.log","1287","2026-06-07 21:20:59,647","","[JAVA-CCRS]","2026-06-07 21:20:59,647 [JAVA-CCRS] ccrs.core.contingency.ContingencyCcrs: [StrategySelectionPolicy] Entering escalation level L3 with policy PARALLEL"
"react-ccrs-mazeV1-04-latest","001-ccrs","react_ccrs_mazeV1_04","graph_ccrs","react_ccrs_mazeV1_04_20260607_211522.java.log","1288","2026-06-07 21:20:59,647","","[JAVA-CCRS]","2026-06-07 21:20:59,647 [JAVA-CCRS] ccrs.core.contingency.ContingencyCcrs: [StrategySelectionPolicy] Selection gate ALLOW consultation: no current recovery suggestion exists; currentBest=0.000"
"react-ccrs-mazeV1-04-latest","001-ccrs","react_ccrs_mazeV1_04","graph_ccrs","react_ccrs_mazeV1_04_20260607_211522.java.log","1289","2026-06-07 21:20:59,648","","[JAVA-CCRS]","2026-06-07 21:20:59,648 [JAVA-CCRS] ccrs.core.contingency.strategies.social.ConsultationStrategy: [Consultation] Inspecting interaction from http://127.0.1.1:8080/cells/11/11 with 3 perceived triples"
"react-ccrs-mazeV1-04-latest","001-ccrs","react_ccrs_mazeV1_04","graph_ccrs","react_ccrs_mazeV1_04_20260607_211522.java.log","1290","2026-06-07 21:20:59,648","","[JAVA-CCRS]","2026-06-07 21:20:59,648 [JAVA-CCRS] ccrs.core.contingency.strategies.social.ConsultationStrategy: [Consultation] Inspecting interaction from http://127.0.1.1:8080/cells/10/11 with 9 perceived triples"
"react-ccrs-mazeV1-04-latest","001-ccrs","react_ccrs_mazeV1_04","graph_ccrs","react_ccrs_mazeV1_04_20260607_211522.java.log","1291","2026-06-07 21:20:59,648","","[JAVA-CCRS]","2026-06-07 21:20:59,648 [JAVA-CCRS] ccrs.core.contingency.strategies.social.ConsultationStrategy: [Consultation] Encountered peer candidate via maze:contains: http://127.0.1.1:8080/agents/react_ccrs_mazeV1_04"
"react-ccrs-mazeV1-04-latest","001-ccrs","react_ccrs_mazeV1_04","graph_ccrs","react_ccrs_mazeV1_04_20260607_211522.java.log","1292","2026-06-07 21:20:59,648","","[JAVA-CCRS]","2026-06-07 21:20:59,648 [JAVA-CCRS] ccrs.core.contingency.strategies.social.ConsultationStrategy: [Consultation] Filtering self candidate http://127.0.1.1:8080/agents/react_ccrs_mazeV1_04 for agentId=react_ccrs_mazeV1_04"
"react-ccrs-mazeV1-04-latest","001-ccrs","react_ccrs_mazeV1_04","graph_ccrs","react_ccrs_mazeV1_04_20260607_211522.java.log","1293","2026-06-07 21:20:59,648","","[JAVA-CCRS]","2026-06-07 21:20:59,648 [JAVA-CCRS] ccrs.core.contingency.strategies.social.ConsultationStrategy: [Consultation] Skipping non-consultable candidate: http://127.0.1.1:8080/agents/react_ccrs_mazeV1_04"
"react-ccrs-mazeV1-04-latest","001-ccrs","react_ccrs_mazeV1_04","graph_ccrs","react_ccrs_mazeV1_04_20260607_211522.java.log","1294","2026-06-07 21:20:59,648","","[JAVA-CCRS]","2026-06-07 21:20:59,648 [JAVA-CCRS] ccrs.core.contingency.strategies.social.ConsultationStrategy: [Consultation] Inspecting interaction from http://127.0.1.1:8080/cells/10/11 with 1 perceived triples"
"react-ccrs-mazeV1-04-latest","001-ccrs","react_ccrs_mazeV1_04","graph_ccrs","react_ccrs_mazeV1_04_20260607_211522.java.log","1295","2026-06-07 21:20:59,648","","[JAVA-CCRS]","2026-06-07 21:20:59,648 [JAVA-CCRS] ccrs.core.contingency.strategies.social.ConsultationStrategy: [Consultation] Inspecting interaction from http://127.0.1.1:8080/cells/12/11 with 3 perceived triples"
"react-ccrs-mazeV1-04-latest","001-ccrs","react_ccrs_mazeV1_04","graph_ccrs","react_ccrs_mazeV1_04_20260607_211522.java.log","1296","2026-06-07 21:20:59,649","","[JAVA-CCRS]","2026-06-07 21:20:59,649 [JAVA-CCRS] ccrs.core.contingency.strategies.social.ConsultationStrategy: [Consultation] Inspecting interaction from http://127.0.1.1:8080/cells/12/11 with 3 perceived triples"
"react-ccrs-mazeV1-04-latest","001-ccrs","react_ccrs_mazeV1_04","graph_ccrs","react_ccrs_mazeV1_04_20260607_211522.java.log","1297","2026-06-07 21:20:59,649","","[JAVA-CCRS]","2026-06-07 21:20:59,649 [JAVA-CCRS] ccrs.core.contingency.strategies.social.ConsultationStrategy: [Consultation] Inspecting interaction from http://127.0.1.1:8080/cells/11/11 with 3 perceived triples"
"react-ccrs-mazeV1-04-latest","001-ccrs","react_ccrs_mazeV1_04","graph_ccrs","react_ccrs_mazeV1_04_20260607_211522.java.log","1298","2026-06-07 21:20:59,649","","[JAVA-CCRS]","2026-06-07 21:20:59,649 [JAVA-CCRS] ccrs.core.contingency.strategies.social.ConsultationStrategy: [Consultation] Inspecting interaction from http://127.0.1.1:8080/cells/11/11 with 3 perceived triples"
"react-ccrs-mazeV1-04-latest","001-ccrs","react_ccrs_mazeV1_04","graph_ccrs","react_ccrs_mazeV1_04_20260607_211522.java.log","1299","2026-06-07 21:20:59,649","","[JAVA-CCRS]","2026-06-07 21:20:59,649 [JAVA-CCRS] ccrs.core.contingency.strategies.social.ConsultationStrategy: [Consultation] Inspecting interaction from http://127.0.1.1:8080/cells/12/11 with 3 perceived triples"
"react-ccrs-mazeV1-04-latest","001-ccrs","react_ccrs_mazeV1_04","graph_ccrs","react_ccrs_mazeV1_04_20260607_211522.java.log","1300","2026-06-07 21:20:59,649","","[JAVA-CCRS]","2026-06-07 21:20:59,649 [JAVA-CCRS] ccrs.core.contingency.strategies.social.ConsultationStrategy: [Consultation] Inspecting interaction from http://127.0.1.1:8080/cells/10/11 with 9 perceived triples"
"react-ccrs-mazeV1-04-latest","001-ccrs","react_ccrs_mazeV1_04","graph_ccrs","react_ccrs_mazeV1_04_20260607_211522.java.log","1301","2026-06-07 21:20:59,649","","[JAVA-CCRS]","2026-06-07 21:20:59,649 [JAVA-CCRS] ccrs.core.contingency.strategies.social.ConsultationStrategy: [Consultation] Encountered peer candidate via maze:contains: http://127.0.1.1:8080/agents/react_ccrs_mazeV1_04"
"react-ccrs-mazeV1-04-latest","001-ccrs","react_ccrs_mazeV1_04","graph_ccrs","react_ccrs_mazeV1_04_20260607_211522.java.log","1302","2026-06-07 21:20:59,649","","[JAVA-CCRS]","2026-06-07 21:20:59,649 [JAVA-CCRS] ccrs.core.contingency.strategies.social.ConsultationStrategy: [Consultation] Filtering self candidate http://127.0.1.1:8080/agents/react_ccrs_mazeV1_04 for agentId=react_ccrs_mazeV1_04"
"react-ccrs-mazeV1-04-latest","001-ccrs","react_ccrs_mazeV1_04","graph_ccrs","react_ccrs_mazeV1_04_20260607_211522.java.log","1303","2026-06-07 21:20:59,650","","[JAVA-CCRS]","2026-06-07 21:20:59,650 [JAVA-CCRS] ccrs.core.contingency.strategies.social.ConsultationStrategy: [Consultation] Skipping non-consultable candidate: http://127.0.1.1:8080/agents/react_ccrs_mazeV1_04"
"react-ccrs-mazeV1-04-latest","001-ccrs","react_ccrs_mazeV1_04","graph_ccrs","react_ccrs_mazeV1_04_20260607_211522.java.log","1304","2026-06-07 21:20:59,650","","[JAVA-CCRS]","2026-06-07 21:20:59,650 [JAVA-CCRS] ccrs.core.contingency.strategies.social.ConsultationStrategy: [Consultation] Inspecting interaction from http://127.0.1.1:8080/cells/10/11 with 9 perceived triples"
"react-ccrs-mazeV1-04-latest","001-ccrs","react_ccrs_mazeV1_04","graph_ccrs","react_ccrs_mazeV1_04_20260607_211522.java.log","1305","2026-06-07 21:20:59,650","","[JAVA-CCRS]","2026-06-07 21:20:59,650 [JAVA-CCRS] ccrs.core.contingency.strategies.social.ConsultationStrategy: [Consultation] Encountered peer candidate via maze:contains: http://127.0.1.1:8080/agents/react_ccrs_mazeV1_04"
"react-ccrs-mazeV1-04-latest","001-ccrs","react_ccrs_mazeV1_04","graph_ccrs","react_ccrs_mazeV1_04_20260607_211522.java.log","1306","2026-06-07 21:20:59,650","","[JAVA-CCRS]","2026-06-07 21:20:59,650 [JAVA-CCRS] ccrs.core.contingency.strategies.social.ConsultationStrategy: [Consultation] Filtering self candidate http://127.0.1.1:8080/agents/react_ccrs_mazeV1_04 for agentId=react_ccrs_mazeV1_04"
"react-ccrs-mazeV1-04-latest","001-ccrs","react_ccrs_mazeV1_04","graph_ccrs","react_ccrs_mazeV1_04_20260607_211522.java.log","1307","2026-06-07 21:20:59,650","","[JAVA-CCRS]","2026-06-07 21:20:59,650 [JAVA-CCRS] ccrs.core.contingency.strategies.social.ConsultationStrategy: [Consultation] Skipping non-consultable candidate: http://127.0.1.1:8080/agents/react_ccrs_mazeV1_04"
"react-ccrs-mazeV1-04-latest","001-ccrs","react_ccrs_mazeV1_04","graph_ccrs","react_ccrs_mazeV1_04_20260607_211522.java.log","1308","2026-06-07 21:20:59,650","","[JAVA-CCRS]","2026-06-07 21:20:59,650 [JAVA-CCRS] ccrs.core.contingency.strategies.social.ConsultationStrategy: [Consultation] Recent agent candidates: []"
"react-ccrs-mazeV1-04-latest","001-ccrs","react_ccrs_mazeV1_04","graph_ccrs","react_ccrs_mazeV1_04_20260607_211522.java.log","1309","2026-06-07 21:20:59,650","","[JAVA-CCRS]","2026-06-07 21:20:59,650 [JAVA-CCRS] ccrs.core.contingency.strategies.social.ConsultationStrategy: [Consultation] Not applicable - no consultation target discovered in context"
"react-ccrs-mazeV1-04-latest","001-ccrs","react_ccrs_mazeV1_04","graph_ccrs","react_ccrs_mazeV1_04_20260607_211522.java.log","1310","2026-06-07 21:20:59,650","","[JAVA-CCRS]","2026-06-07 21:20:59,650 [JAVA-CCRS] ccrs.core.contingency.ContingencyCcrs: [ContingencyCcrs] Applicability consultation L3 -> NOT_APPLICABLE"
"react-ccrs-mazeV1-04-latest","001-ccrs","react_ccrs_mazeV1_04","graph_ccrs","react_ccrs_mazeV1_04_20260607_211522.java.log","1311","2026-06-07 21:20:59,650","ccrs.contingency.strategy.evaluated","[CCRS-EVENT]","2026-06-07 21:20:59,650 [JAVA-CCRS] ccrs.core.contingency.ContingencyCcrs: [CCRS-EVENT] event=ccrs.contingency.strategy.evaluated agent_id=react_ccrs_mazeV1_04 strategy_id=consultation result_type=none confidence=null action_type=null action_target=null has_opportunistic_guidance=false no_help_reason=null rationale=null evaluation_time_ms=3"
"react-ccrs-mazeV1-04-latest","001-ccrs","react_ccrs_mazeV1_04","graph_ccrs","react_ccrs_mazeV1_04_20260607_211522.java.log","1312","2026-06-07 21:20:59,650","","[JAVA-CCRS]","2026-06-07 21:20:59,650 [JAVA-CCRS] ccrs.core.contingency.ContingencyCcrs: [StrategySelectionPolicy] Entering escalation level L4 with policy PARALLEL"
"react-ccrs-mazeV1-04-latest","001-ccrs","react_ccrs_mazeV1_04","graph_ccrs","react_ccrs_mazeV1_04_20260607_211522.java.log","1313","2026-06-07 21:20:59,650","","[JAVA-CCRS]","2026-06-07 21:20:59,650 [JAVA-CCRS] ccrs.core.contingency.ContingencyCcrs: [StrategySelectionPolicy] Selection gate ALLOW prediction_llm: no current recovery suggestion exists; currentBest=0.000, expectedConfidence=0.950, suggestionRate=1.000, avgConfidence=0.950, avgTime=12211ms, n=1"
"react-ccrs-mazeV1-04-latest","001-ccrs","react_ccrs_mazeV1_04","graph_ccrs","react_ccrs_mazeV1_04_20260607_211522.java.log","1314","2026-06-07 21:20:59,650","","[JAVA-CCRS]","2026-06-07 21:20:59,650 [JAVA-CCRS] ccrs.core.contingency.strategies.internal.prediction.PredictionLlmStrategy: [PredictionLLM] Applicable - LLM available with sufficient context"
"react-ccrs-mazeV1-04-latest","001-ccrs","react_ccrs_mazeV1_04","graph_ccrs","react_ccrs_mazeV1_04_20260607_211522.java.log","1315","2026-06-07 21:20:59,650","","[JAVA-CCRS]","2026-06-07 21:20:59,650 [JAVA-CCRS] ccrs.core.contingency.ContingencyCcrs: [ContingencyCcrs] Applicability prediction_llm L4 -> APPLICABLE"
"react-ccrs-mazeV1-04-latest","001-ccrs","react_ccrs_mazeV1_04","graph_ccrs","react_ccrs_mazeV1_04_20260607_211522.java.log","1316","2026-06-07 21:20:59,650","","[JAVA-CCRS]","2026-06-07 21:20:59,650 [JAVA-CCRS] ccrs.core.contingency.strategies.internal.prediction.PredictionLlmStrategy: [PredictionLLM] Evaluating LLM prediction strategy"
"react-ccrs-mazeV1-04-latest","001-ccrs","react_ccrs_mazeV1_04","graph_ccrs","react_ccrs_mazeV1_04_20260607_211522.java.log","1317","2026-06-07 21:20:59,658","","[JAVA-CCRS]","2026-06-07 21:20:59,658 [JAVA-CCRS] ccrs.core.contingency.strategies.internal.prediction.PredictionLlmStrategy: [PredictionLLM] Prepared context map with 8 entries"
"react-ccrs-mazeV1-04-latest","001-ccrs","react_ccrs_mazeV1_04","graph_ccrs","react_ccrs_mazeV1_04_20260607_211522.java.log","1318","2026-06-07 21:20:59,659","","[JAVA-CCRS]","2026-06-07 21:20:59,659 [JAVA-CCRS] ccrs.core.contingency.strategies.internal.prediction.PredictionLlmStrategy: [PredictionLLM] Calling LLM for prediction..."
"react-ccrs-mazeV1-04-latest","001-ccrs","react_ccrs_mazeV1_04","graph_ccrs","react_ccrs_mazeV1_04_20260607_211522.java.log","1319","2026-06-07 21:20:59,659","","[JAVA-CCRS]","2026-06-07 21:20:59,659 [JAVA-CCRS] ccrs.core.contingency.strategies.internal.prediction.PredictionLlmStrategy: [PredictionLLM] Full LLM request:"
"react-ccrs-mazeV1-04-latest","001-ccrs","react_ccrs_mazeV1_04","graph_ccrs","react_ccrs_mazeV1_04_20260607_211522.java.log","2917","2026-06-07 21:21:10,366","","[JAVA-CCRS]","2026-06-07 21:21:10,366 [JAVA-CCRS] ccrs.core.contingency.strategies.internal.prediction.PredictionLlmStrategy: [PredictionLLM] Full LLM response:"
"react-ccrs-mazeV1-04-latest","001-ccrs","react_ccrs_mazeV1_04","graph_ccrs","react_ccrs_mazeV1_04_20260607_211522.java.log","2919","2026-06-07 21:21:10,366","","[JAVA-CCRS]","2026-06-07 21:21:10,366 [JAVA-CCRS] ccrs.core.contingency.strategies.internal.prediction.PredictionLlmStrategy: [PredictionLLM] LLM suggests action 'post' to 'http://127.0.1.1:8080/cells/11/11' (confidence=0.95)"
"react-ccrs-mazeV1-04-latest","001-ccrs","react_ccrs_mazeV1_04","graph_ccrs","react_ccrs_mazeV1_04_20260607_211522.java.log","2920","2026-06-07 21:21:10,366","","[JAVA-CCRS]","2026-06-07 21:21:10,366 [JAVA-CCRS] ccrs.core.contingency.strategies.internal.prediction.PredictionLlmStrategy: [PredictionLLM] Returning suggestion: post to 'http://127.0.1.1:8080/cells/11/11' (confidence=0.95)"
"react-ccrs-mazeV1-04-latest","001-ccrs","react_ccrs_mazeV1_04","graph_ccrs","react_ccrs_mazeV1_04_20260607_211522.java.log","2921","2026-06-07 21:21:10,367","","[JAVA-CCRS]","2026-06-07 21:21:10,367 [JAVA-CCRS] ccrs.core.contingency.ContingencyCcrs: [ContingencyCcrs] prediction_llm produced suggestion with confidence 0.950"
"react-ccrs-mazeV1-04-latest","001-ccrs","react_ccrs_mazeV1_04","graph_ccrs","react_ccrs_mazeV1_04_20260607_211522.java.log","2922","2026-06-07 21:21:10,367","ccrs.contingency.strategy.evaluated","[CCRS-EVENT]","2026-06-07 21:21:10,367 [JAVA-CCRS] ccrs.core.contingency.ContingencyCcrs: [CCRS-EVENT] event=ccrs.contingency.strategy.evaluated agent_id=react_ccrs_mazeV1_04 strategy_id=prediction_llm result_type=suggestion confidence=0.95 action_type=post action_target=http://127.0.1.1:8080/cells/11/11 has_opportunistic_guidance=false no_help_reason=null rationale=""LLM suggests: post to http://127.0.1.1:8080/cells/11/11. Reasoning: The current cell 10/11 is a dead end with only a south link to 11/11, and prior successful moves show that navigation requires POSTing an entersFrom triple to the destination using the current cell..."" evaluation_time_ms=10717"
"react-ccrs-mazeV1-04-latest","001-ccrs","react_ccrs_mazeV1_04","graph_ccrs","react_ccrs_mazeV1_04_20260607_211522.java.log","2923","2026-06-07 21:21:10,368","","[JAVA-CCRS]","2026-06-07 21:21:10,368 [JAVA-CCRS] ccrs.core.contingency.ContingencyCcrs: [StrategySelectionPolicy] Entering escalation level L0 with policy PARALLEL"
"react-ccrs-mazeV1-04-latest","001-ccrs","react_ccrs_mazeV1_04","graph_ccrs","react_ccrs_mazeV1_04_20260607_211522.java.log","2924","2026-06-07 21:21:10,368","","[JAVA-CCRS]","2026-06-07 21:21:10,368 [JAVA-CCRS] ccrs.core.contingency.ContingencyCcrs: [StrategySelectionPolicy] Skipping L0 (STOP) fallback because recovery suggestions already exist"
"react-ccrs-mazeV1-04-latest","001-ccrs","react_ccrs_mazeV1_04","graph_ccrs","react_ccrs_mazeV1_04_20260607_211522.java.log","2925","2026-06-07 21:24:12,973","","[JAVA-CCRS]","2026-06-07 21:24:12,973 [JAVA-CCRS] ccrs.core.contingency.StrategyRegistry: Ordered strategies for evaluation: retry, backtrack, consultation, prediction_llm, stop"
"react-ccrs-mazeV1-04-latest","001-ccrs","react_ccrs_mazeV1_04","graph_ccrs","react_ccrs_mazeV1_04_20260607_211522.java.log","2926","2026-06-07 21:24:12,974","","[JAVA-CCRS]","2026-06-07 21:24:12,974 [JAVA-CCRS] ccrs.core.contingency.ContingencyCcrs: [StrategySelectionPolicy] Built strategy selection model from 3/25 requested traces, 1 strategy profiles, minimumSamplesPerStrategy=2"
"react-ccrs-mazeV1-04-latest","001-ccrs","react_ccrs_mazeV1_04","graph_ccrs","react_ccrs_mazeV1_04_20260607_211522.java.log","2927","2026-06-07 21:24:12,974","","[JAVA-CCRS]","2026-06-07 21:24:12,974 [JAVA-CCRS] ccrs.core.contingency.ContingencyCcrs: [ContingencyCcrs] Strategy evaluation order: retry(default, L1), backtrack(default, L2), consultation(default, L3), prediction_llm(expectedConfidence=0.95, suggestionRate=1.00, avgConfidence=0.95, avgTime=11344ms, n=2), stop(default, L0)"
"react-ccrs-mazeV1-04-latest","001-ccrs","react_ccrs_mazeV1_04","graph_ccrs","react_ccrs_mazeV1_04_20260607_211522.java.log","2928","2026-06-07 21:24:12,974","","[JAVA-CCRS]","2026-06-07 21:24:12,974 [JAVA-CCRS] ccrs.core.contingency.ContingencyCcrs: [StrategySelectionPolicy] Entering escalation level L1 with policy PARALLEL"
"react-ccrs-mazeV1-04-latest","001-ccrs","react_ccrs_mazeV1_04","graph_ccrs","react_ccrs_mazeV1_04_20260607_211522.java.log","2929","2026-06-07 21:24:12,974","","[JAVA-CCRS]","2026-06-07 21:24:12,974 [JAVA-CCRS] ccrs.core.contingency.ContingencyCcrs: [StrategySelectionPolicy] Selection gate ALLOW retry: no current recovery suggestion exists; currentBest=0.000"
"react-ccrs-mazeV1-04-latest","001-ccrs","react_ccrs_mazeV1_04","graph_ccrs","react_ccrs_mazeV1_04_20260607_211522.java.log","2930","2026-06-07 21:24:12,974","","[JAVA-CCRS]","2026-06-07 21:24:12,974 [JAVA-CCRS] ccrs.core.contingency.strategies.internal.RetryStrategy: [Retry] Not applicable - situation type is UNCERTAINTY"
"react-ccrs-mazeV1-04-latest","001-ccrs","react_ccrs_mazeV1_04","graph_ccrs","react_ccrs_mazeV1_04_20260607_211522.java.log","2931","2026-06-07 21:24:12,974","","[JAVA-CCRS]","2026-06-07 21:24:12,974 [JAVA-CCRS] ccrs.core.contingency.ContingencyCcrs: [ContingencyCcrs] Applicability retry L1 -> NOT_APPLICABLE"
"react-ccrs-mazeV1-04-latest","001-ccrs","react_ccrs_mazeV1_04","graph_ccrs","react_ccrs_mazeV1_04_20260607_211522.java.log","2932","2026-06-07 21:24:12,975","ccrs.contingency.strategy.evaluated","[CCRS-EVENT]","2026-06-07 21:24:12,975 [JAVA-CCRS] ccrs.core.contingency.ContingencyCcrs: [CCRS-EVENT] event=ccrs.contingency.strategy.evaluated agent_id=react_ccrs_mazeV1_04 strategy_id=retry result_type=none confidence=null action_type=null action_target=null has_opportunistic_guidance=false no_help_reason=null rationale=null evaluation_time_ms=0"
"react-ccrs-mazeV1-04-latest","001-ccrs","react_ccrs_mazeV1_04","graph_ccrs","react_ccrs_mazeV1_04_20260607_211522.java.log","2933","2026-06-07 21:24:12,975","","[JAVA-CCRS]","2026-06-07 21:24:12,975 [JAVA-CCRS] ccrs.core.contingency.ContingencyCcrs: [StrategySelectionPolicy] Entering escalation level L2 with policy PARALLEL"
"react-ccrs-mazeV1-04-latest","001-ccrs","react_ccrs_mazeV1_04","graph_ccrs","react_ccrs_mazeV1_04_20260607_211522.java.log","2934","2026-06-07 21:24:12,975","","[JAVA-CCRS]","2026-06-07 21:24:12,975 [JAVA-CCRS] ccrs.core.contingency.ContingencyCcrs: [StrategySelectionPolicy] Selection gate ALLOW backtrack: no current recovery suggestion exists; currentBest=0.000"
"react-ccrs-mazeV1-04-latest","001-ccrs","react_ccrs_mazeV1_04","graph_ccrs","react_ccrs_mazeV1_04_20260607_211522.java.log","2935","2026-06-07 21:24:12,975","","[JAVA-CCRS]","2026-06-07 21:24:12,975 [JAVA-CCRS] ccrs.core.contingency.strategies.internal.BacktrackStrategy: [Backtrack] Situation type not applicable: UNCERTAINTY"
"react-ccrs-mazeV1-04-latest","001-ccrs","react_ccrs_mazeV1_04","graph_ccrs","react_ccrs_mazeV1_04_20260607_211522.java.log","2936","2026-06-07 21:24:12,975","","[JAVA-CCRS]","2026-06-07 21:24:12,975 [JAVA-CCRS] ccrs.core.contingency.ContingencyCcrs: [ContingencyCcrs] Applicability backtrack L2 -> NOT_APPLICABLE"
"react-ccrs-mazeV1-04-latest","001-ccrs","react_ccrs_mazeV1_04","graph_ccrs","react_ccrs_mazeV1_04_20260607_211522.java.log","2937","2026-06-07 21:24:12,975","ccrs.contingency.strategy.evaluated","[CCRS-EVENT]","2026-06-07 21:24:12,975 [JAVA-CCRS] ccrs.core.contingency.ContingencyCcrs: [CCRS-EVENT] event=ccrs.contingency.strategy.evaluated agent_id=react_ccrs_mazeV1_04 strategy_id=backtrack result_type=none confidence=null action_type=null action_target=null has_opportunistic_guidance=false no_help_reason=null rationale=null evaluation_time_ms=0"
"react-ccrs-mazeV1-04-latest","001-ccrs","react_ccrs_mazeV1_04","graph_ccrs","react_ccrs_mazeV1_04_20260607_211522.java.log","2938","2026-06-07 21:24:12,975","","[JAVA-CCRS]","2026-06-07 21:24:12,975 [JAVA-CCRS] ccrs.core.contingency.ContingencyCcrs: [StrategySelectionPolicy] Entering escalation level L3 with policy PARALLEL"
"react-ccrs-mazeV1-04-latest","001-ccrs","react_ccrs_mazeV1_04","graph_ccrs","react_ccrs_mazeV1_04_20260607_211522.java.log","2939","2026-06-07 21:24:12,975","","[JAVA-CCRS]","2026-06-07 21:24:12,975 [JAVA-CCRS] ccrs.core.contingency.ContingencyCcrs: [StrategySelectionPolicy] Selection gate ALLOW consultation: no current recovery suggestion exists; currentBest=0.000"
"react-ccrs-mazeV1-04-latest","001-ccrs","react_ccrs_mazeV1_04","graph_ccrs","react_ccrs_mazeV1_04_20260607_211522.java.log","2940","2026-06-07 21:24:12,975","","[JAVA-CCRS]","2026-06-07 21:24:12,975 [JAVA-CCRS] ccrs.core.contingency.strategies.social.ConsultationStrategy: [Consultation] Inspecting interaction from http://127.0.1.1:8080/cells/12/5 with 3 perceived triples"
"react-ccrs-mazeV1-04-latest","001-ccrs","react_ccrs_mazeV1_04","graph_ccrs","react_ccrs_mazeV1_04_20260607_211522.java.log","2941","2026-06-07 21:24:12,975","","[JAVA-CCRS]","2026-06-07 21:24:12,975 [JAVA-CCRS] ccrs.core.contingency.strategies.social.ConsultationStrategy: [Consultation] Inspecting interaction from http://127.0.1.1:8080/cells/12/5 with 35 perceived triples"
"react-ccrs-mazeV1-04-latest","001-ccrs","react_ccrs_mazeV1_04","graph_ccrs","react_ccrs_mazeV1_04_20260607_211522.java.log","2942","2026-06-07 21:24:12,975","","[JAVA-CCRS]","2026-06-07 21:24:12,975 [JAVA-CCRS] ccrs.core.contingency.strategies.social.ConsultationStrategy: [Consultation] Encountered peer candidate via maze:contains: http://127.0.1.1:8080/agents/react_ccrs_mazeV1_04"
"react-ccrs-mazeV1-04-latest","001-ccrs","react_ccrs_mazeV1_04","graph_ccrs","react_ccrs_mazeV1_04_20260607_211522.java.log","2943","2026-06-07 21:24:12,975","","[JAVA-CCRS]","2026-06-07 21:24:12,975 [JAVA-CCRS] ccrs.core.contingency.strategies.social.ConsultationStrategy: [Consultation] Filtering self candidate http://127.0.1.1:8080/agents/react_ccrs_mazeV1_04 for agentId=react_ccrs_mazeV1_04"
"react-ccrs-mazeV1-04-latest","001-ccrs","react_ccrs_mazeV1_04","graph_ccrs","react_ccrs_mazeV1_04_20260607_211522.java.log","2944","2026-06-07 21:24:12,976","","[JAVA-CCRS]","2026-06-07 21:24:12,976 [JAVA-CCRS] ccrs.core.contingency.strategies.social.ConsultationStrategy: [Consultation] Skipping non-consultable candidate: http://127.0.1.1:8080/agents/react_ccrs_mazeV1_04"
"react-ccrs-mazeV1-04-latest","001-ccrs","react_ccrs_mazeV1_04","graph_ccrs","react_ccrs_mazeV1_04_20260607_211522.java.log","2945","2026-06-07 21:24:12,976","","[JAVA-CCRS]","2026-06-07 21:24:12,976 [JAVA-CCRS] ccrs.core.contingency.strategies.social.ConsultationStrategy: [Consultation] Inspecting interaction from http://127.0.1.1:8080/cells/12/5 with 1 perceived triples"
"react-ccrs-mazeV1-04-latest","001-ccrs","react_ccrs_mazeV1_04","graph_ccrs","react_ccrs_mazeV1_04_20260607_211522.java.log","2946","2026-06-07 21:24:12,976","","[JAVA-CCRS]","2026-06-07 21:24:12,976 [JAVA-CCRS] ccrs.core.contingency.strategies.social.ConsultationStrategy: [Consultation] Inspecting interaction from http://127.0.1.1:8080/cells/11/5 with 21 perceived triples"
"react-ccrs-mazeV1-04-latest","001-ccrs","react_ccrs_mazeV1_04","graph_ccrs","react_ccrs_mazeV1_04_20260607_211522.java.log","2947","2026-06-07 21:24:12,976","","[JAVA-CCRS]","2026-06-07 21:24:12,976 [JAVA-CCRS] ccrs.core.contingency.strategies.social.ConsultationStrategy: [Consultation] Encountered peer candidate via maze:contains: http://127.0.1.1:8080/agents/react_ccrs_mazeV1_04"
"react-ccrs-mazeV1-04-latest","001-ccrs","react_ccrs_mazeV1_04","graph_ccrs","react_ccrs_mazeV1_04_20260607_211522.java.log","2948","2026-06-07 21:24:12,976","","[JAVA-CCRS]","2026-06-07 21:24:12,976 [JAVA-CCRS] ccrs.core.contingency.strategies.social.ConsultationStrategy: [Consultation] Filtering self candidate http://127.0.1.1:8080/agents/react_ccrs_mazeV1_04 for agentId=react_ccrs_mazeV1_04"
"react-ccrs-mazeV1-04-latest","001-ccrs","react_ccrs_mazeV1_04","graph_ccrs","react_ccrs_mazeV1_04_20260607_211522.java.log","2949","2026-06-07 21:24:12,976","","[JAVA-CCRS]","2026-06-07 21:24:12,976 [JAVA-CCRS] ccrs.core.contingency.strategies.social.ConsultationStrategy: [Consultation] Skipping non-consultable candidate: http://127.0.1.1:8080/agents/react_ccrs_mazeV1_04"
"react-ccrs-mazeV1-04-latest","001-ccrs","react_ccrs_mazeV1_04","graph_ccrs","react_ccrs_mazeV1_04_20260607_211522.java.log","2950","2026-06-07 21:24:12,976","","[JAVA-CCRS]","2026-06-07 21:24:12,976 [JAVA-CCRS] ccrs.core.contingency.strategies.social.ConsultationStrategy: [Consultation] Inspecting interaction from http://127.0.1.1:8080/cells/11/5 with 1 perceived triples"
"react-ccrs-mazeV1-04-latest","001-ccrs","react_ccrs_mazeV1_04","graph_ccrs","react_ccrs_mazeV1_04_20260607_211522.java.log","2951","2026-06-07 21:24:12,976","","[JAVA-CCRS]","2026-06-07 21:24:12,976 [JAVA-CCRS] ccrs.core.contingency.strategies.social.ConsultationStrategy: [Consultation] Inspecting interaction from http://127.0.1.1:8080/cells/11/6 with 21 perceived triples"
"react-ccrs-mazeV1-04-latest","001-ccrs","react_ccrs_mazeV1_04","graph_ccrs","react_ccrs_mazeV1_04_20260607_211522.java.log","2952","2026-06-07 21:24:12,976","","[JAVA-CCRS]","2026-06-07 21:24:12,976 [JAVA-CCRS] ccrs.core.contingency.strategies.social.ConsultationStrategy: [Consultation] Encountered peer candidate via maze:contains: http://127.0.1.1:8080/agents/react_ccrs_mazeV1_04"
"react-ccrs-mazeV1-04-latest","001-ccrs","react_ccrs_mazeV1_04","graph_ccrs","react_ccrs_mazeV1_04_20260607_211522.java.log","2953","2026-06-07 21:24:12,976","","[JAVA-CCRS]","2026-06-07 21:24:12,976 [JAVA-CCRS] ccrs.core.contingency.strategies.social.ConsultationStrategy: [Consultation] Filtering self candidate http://127.0.1.1:8080/agents/react_ccrs_mazeV1_04 for agentId=react_ccrs_mazeV1_04"
"react-ccrs-mazeV1-04-latest","001-ccrs","react_ccrs_mazeV1_04","graph_ccrs","react_ccrs_mazeV1_04_20260607_211522.java.log","2954","2026-06-07 21:24:12,976","","[JAVA-CCRS]","2026-06-07 21:24:12,976 [JAVA-CCRS] ccrs.core.contingency.strategies.social.ConsultationStrategy: [Consultation] Skipping non-consultable candidate: http://127.0.1.1:8080/agents/react_ccrs_mazeV1_04"
"react-ccrs-mazeV1-04-latest","001-ccrs","react_ccrs_mazeV1_04","graph_ccrs","react_ccrs_mazeV1_04_20260607_211522.java.log","2955","2026-06-07 21:24:12,976","","[JAVA-CCRS]","2026-06-07 21:24:12,976 [JAVA-CCRS] ccrs.core.contingency.strategies.social.ConsultationStrategy: [Consultation] Inspecting interaction from http://127.0.1.1:8080/cells/11/6 with 1 perceived triples"
"react-ccrs-mazeV1-04-latest","001-ccrs","react_ccrs_mazeV1_04","graph_ccrs","react_ccrs_mazeV1_04_20260607_211522.java.log","2956","2026-06-07 21:24:12,976","","[JAVA-CCRS]","2026-06-07 21:24:12,976 [JAVA-CCRS] ccrs.core.contingency.strategies.social.ConsultationStrategy: [Consultation] Inspecting interaction from http://127.0.1.1:8080/cells/11/7 with 9 perceived triples"
"react-ccrs-mazeV1-04-latest","001-ccrs","react_ccrs_mazeV1_04","graph_ccrs","react_ccrs_mazeV1_04_20260607_211522.java.log","2957","2026-06-07 21:24:12,976","","[JAVA-CCRS]","2026-06-07 21:24:12,976 [JAVA-CCRS] ccrs.core.contingency.strategies.social.ConsultationStrategy: [Consultation] Encountered peer candidate via maze:contains: http://127.0.1.1:8080/agents/react_ccrs_mazeV1_04"
"react-ccrs-mazeV1-04-latest","001-ccrs","react_ccrs_mazeV1_04","graph_ccrs","react_ccrs_mazeV1_04_20260607_211522.java.log","2958","2026-06-07 21:24:12,976","","[JAVA-CCRS]","2026-06-07 21:24:12,976 [JAVA-CCRS] ccrs.core.contingency.strategies.social.ConsultationStrategy: [Consultation] Filtering self candidate http://127.0.1.1:8080/agents/react_ccrs_mazeV1_04 for agentId=react_ccrs_mazeV1_04"
"react-ccrs-mazeV1-04-latest","001-ccrs","react_ccrs_mazeV1_04","graph_ccrs","react_ccrs_mazeV1_04_20260607_211522.java.log","2959","2026-06-07 21:24:12,976","","[JAVA-CCRS]","2026-06-07 21:24:12,976 [JAVA-CCRS] ccrs.core.contingency.strategies.social.ConsultationStrategy: [Consultation] Skipping non-consultable candidate: http://127.0.1.1:8080/agents/react_ccrs_mazeV1_04"
"react-ccrs-mazeV1-04-latest","001-ccrs","react_ccrs_mazeV1_04","graph_ccrs","react_ccrs_mazeV1_04_20260607_211522.java.log","2960","2026-06-07 21:24:12,976","","[JAVA-CCRS]","2026-06-07 21:24:12,976 [JAVA-CCRS] ccrs.core.contingency.strategies.social.ConsultationStrategy: [Consultation] Inspecting interaction from http://127.0.1.1:8080/cells/11/7 with 1 perceived triples"
"react-ccrs-mazeV1-04-latest","001-ccrs","react_ccrs_mazeV1_04","graph_ccrs","react_ccrs_mazeV1_04_20260607_211522.java.log","2961","2026-06-07 21:24:12,976","","[JAVA-CCRS]","2026-06-07 21:24:12,976 [JAVA-CCRS] ccrs.core.contingency.strategies.social.ConsultationStrategy: [Consultation] Inspecting interaction from http://127.0.1.1:8080/cells/11/8 with 9 perceived triples"
"react-ccrs-mazeV1-04-latest","001-ccrs","react_ccrs_mazeV1_04","graph_ccrs","react_ccrs_mazeV1_04_20260607_211522.java.log","2962","2026-06-07 21:24:12,976","","[JAVA-CCRS]","2026-06-07 21:24:12,976 [JAVA-CCRS] ccrs.core.contingency.strategies.social.ConsultationStrategy: [Consultation] Encountered peer candidate via maze:contains: http://127.0.1.1:8080/agents/react_ccrs_mazeV1_04"
"react-ccrs-mazeV1-04-latest","001-ccrs","react_ccrs_mazeV1_04","graph_ccrs","react_ccrs_mazeV1_04_20260607_211522.java.log","2963","2026-06-07 21:24:12,976","","[JAVA-CCRS]","2026-06-07 21:24:12,976 [JAVA-CCRS] ccrs.core.contingency.strategies.social.ConsultationStrategy: [Consultation] Filtering self candidate http://127.0.1.1:8080/agents/react_ccrs_mazeV1_04 for agentId=react_ccrs_mazeV1_04"
"react-ccrs-mazeV1-04-latest","001-ccrs","react_ccrs_mazeV1_04","graph_ccrs","react_ccrs_mazeV1_04_20260607_211522.java.log","2964","2026-06-07 21:24:12,976","","[JAVA-CCRS]","2026-06-07 21:24:12,976 [JAVA-CCRS] ccrs.core.contingency.strategies.social.ConsultationStrategy: [Consultation] Skipping non-consultable candidate: http://127.0.1.1:8080/agents/react_ccrs_mazeV1_04"
"react-ccrs-mazeV1-04-latest","001-ccrs","react_ccrs_mazeV1_04","graph_ccrs","react_ccrs_mazeV1_04_20260607_211522.java.log","2965","2026-06-07 21:24:12,976","","[JAVA-CCRS]","2026-06-07 21:24:12,976 [JAVA-CCRS] ccrs.core.contingency.strategies.social.ConsultationStrategy: [Consultation] Recent agent candidates: []"
"react-ccrs-mazeV1-04-latest","001-ccrs","react_ccrs_mazeV1_04","graph_ccrs","react_ccrs_mazeV1_04_20260607_211522.java.log","2966","2026-06-07 21:24:12,976","","[JAVA-CCRS]","2026-06-07 21:24:12,976 [JAVA-CCRS] ccrs.core.contingency.strategies.social.ConsultationStrategy: [Consultation] Not applicable - no consultation target discovered in context"
"react-ccrs-mazeV1-04-latest","001-ccrs","react_ccrs_mazeV1_04","graph_ccrs","react_ccrs_mazeV1_04_20260607_211522.java.log","2967","2026-06-07 21:24:12,976","","[JAVA-CCRS]","2026-06-07 21:24:12,976 [JAVA-CCRS] ccrs.core.contingency.ContingencyCcrs: [ContingencyCcrs] Applicability consultation L3 -> NOT_APPLICABLE"
"react-ccrs-mazeV1-04-latest","001-ccrs","react_ccrs_mazeV1_04","graph_ccrs","react_ccrs_mazeV1_04_20260607_211522.java.log","2968","2026-06-07 21:24:12,976","ccrs.contingency.strategy.evaluated","[CCRS-EVENT]","2026-06-07 21:24:12,976 [JAVA-CCRS] ccrs.core.contingency.ContingencyCcrs: [CCRS-EVENT] event=ccrs.contingency.strategy.evaluated agent_id=react_ccrs_mazeV1_04 strategy_id=consultation result_type=none confidence=null action_type=null action_target=null has_opportunistic_guidance=false no_help_reason=null rationale=null evaluation_time_ms=1"
"react-ccrs-mazeV1-04-latest","001-ccrs","react_ccrs_mazeV1_04","graph_ccrs","react_ccrs_mazeV1_04_20260607_211522.java.log","2969","2026-06-07 21:24:12,976","","[JAVA-CCRS]","2026-06-07 21:24:12,976 [JAVA-CCRS] ccrs.core.contingency.ContingencyCcrs: [StrategySelectionPolicy] Entering escalation level L4 with policy PARALLEL"
"react-ccrs-mazeV1-04-latest","001-ccrs","react_ccrs_mazeV1_04","graph_ccrs","react_ccrs_mazeV1_04_20260607_211522.java.log","2970","2026-06-07 21:24:12,977","","[JAVA-CCRS]","2026-06-07 21:24:12,977 [JAVA-CCRS] ccrs.core.contingency.ContingencyCcrs: [StrategySelectionPolicy] Selection gate ALLOW prediction_llm: no current recovery suggestion exists; currentBest=0.000, expectedConfidence=0.950, suggestionRate=1.000, avgConfidence=0.950, avgTime=11344ms, n=2"
"react-ccrs-mazeV1-04-latest","001-ccrs","react_ccrs_mazeV1_04","graph_ccrs","react_ccrs_mazeV1_04_20260607_211522.java.log","2971","2026-06-07 21:24:12,977","","[JAVA-CCRS]","2026-06-07 21:24:12,977 [JAVA-CCRS] ccrs.core.contingency.strategies.internal.prediction.PredictionLlmStrategy: [PredictionLLM] Applicable - LLM available with sufficient context"
"react-ccrs-mazeV1-04-latest","001-ccrs","react_ccrs_mazeV1_04","graph_ccrs","react_ccrs_mazeV1_04_20260607_211522.java.log","2972","2026-06-07 21:24:12,977","","[JAVA-CCRS]","2026-06-07 21:24:12,977 [JAVA-CCRS] ccrs.core.contingency.ContingencyCcrs: [ContingencyCcrs] Applicability prediction_llm L4 -> APPLICABLE"
"react-ccrs-mazeV1-04-latest","001-ccrs","react_ccrs_mazeV1_04","graph_ccrs","react_ccrs_mazeV1_04_20260607_211522.java.log","2973","2026-06-07 21:24:12,977","","[JAVA-CCRS]","2026-06-07 21:24:12,977 [JAVA-CCRS] ccrs.core.contingency.strategies.internal.prediction.PredictionLlmStrategy: [PredictionLLM] Evaluating LLM prediction strategy"
"react-ccrs-mazeV1-04-latest","001-ccrs","react_ccrs_mazeV1_04","graph_ccrs","react_ccrs_mazeV1_04_20260607_211522.java.log","2974","2026-06-07 21:24:12,986","","[JAVA-CCRS]","2026-06-07 21:24:12,986 [JAVA-CCRS] ccrs.core.contingency.strategies.internal.prediction.PredictionLlmStrategy: [PredictionLLM] Prepared context map with 8 entries"
"react-ccrs-mazeV1-04-latest","001-ccrs","react_ccrs_mazeV1_04","graph_ccrs","react_ccrs_mazeV1_04_20260607_211522.java.log","2975","2026-06-07 21:24:12,989","","[JAVA-CCRS]","2026-06-07 21:24:12,989 [JAVA-CCRS] ccrs.core.contingency.strategies.internal.prediction.PredictionLlmStrategy: [PredictionLLM] Calling LLM for prediction..."
"react-ccrs-mazeV1-04-latest","001-ccrs","react_ccrs_mazeV1_04","graph_ccrs","react_ccrs_mazeV1_04_20260607_211522.java.log","2976","2026-06-07 21:24:12,990","","[JAVA-CCRS]","2026-06-07 21:24:12,990 [JAVA-CCRS] ccrs.core.contingency.strategies.internal.prediction.PredictionLlmStrategy: [PredictionLLM] Full LLM request:"
"react-ccrs-mazeV1-04-latest","001-ccrs","react_ccrs_mazeV1_04","graph_ccrs","react_ccrs_mazeV1_04_20260607_211522.java.log","4590","2026-06-07 21:24:37,352","","[JAVA-CCRS]","2026-06-07 21:24:37,352 [JAVA-CCRS] ccrs.core.contingency.strategies.internal.prediction.PredictionLlmStrategy: [PredictionLLM] Full LLM response:"
"react-ccrs-mazeV1-04-latest","001-ccrs","react_ccrs_mazeV1_04","graph_ccrs","react_ccrs_mazeV1_04_20260607_211522.java.log","4592","2026-06-07 21:24:37,353","","[JAVA-CCRS]","2026-06-07 21:24:37,353 [JAVA-CCRS] ccrs.core.contingency.strategies.internal.prediction.PredictionLlmStrategy: [PredictionLLM] Returning noHelp from explicit LLM null response: INSUFFICIENT_CONTEXT"
"react-ccrs-mazeV1-04-latest","001-ccrs","react_ccrs_mazeV1_04","graph_ccrs","react_ccrs_mazeV1_04_20260607_211522.java.log","4593","2026-06-07 21:24:37,353","ccrs.contingency.strategy.evaluated","[CCRS-EVENT]","2026-06-07 21:24:37,353 [JAVA-CCRS] ccrs.core.contingency.ContingencyCcrs: [CCRS-EVENT] event=ccrs.contingency.strategy.evaluated agent_id=react_ccrs_mazeV1_04 strategy_id=prediction_llm result_type=no_help confidence=null action_type=null action_target=null has_opportunistic_guidance=false no_help_reason=INSUFFICIENT_CONTEXT rationale=""The advertised unlock operation requires a dyn:keyValue string, but the available RDF only identifies a fitting key resource at cells/8/4#key and provides no observed literal key value, so posting an invented value would be unsafe."" evaluation_time_ms=24376"
"react-ccrs-mazeV1-04-latest","001-ccrs","react_ccrs_mazeV1_04","graph_ccrs","react_ccrs_mazeV1_04_20260607_211522.java.log","4594","2026-06-07 21:24:37,355","","[JAVA-CCRS]","2026-06-07 21:24:37,355 [JAVA-CCRS] ccrs.core.contingency.ContingencyCcrs: [StrategySelectionPolicy] Entering escalation level L0 with policy PARALLEL"
"react-ccrs-mazeV1-04-latest","001-ccrs","react_ccrs_mazeV1_04","graph_ccrs","react_ccrs_mazeV1_04_20260607_211522.java.log","4595","2026-06-07 21:24:37,355","","[JAVA-CCRS]","2026-06-07 21:24:37,355 [JAVA-CCRS] ccrs.core.contingency.ContingencyCcrs: [StrategySelectionPolicy] Selection gate ALLOW stop: no current recovery suggestion exists; currentBest=0.000"
"react-ccrs-mazeV1-04-latest","001-ccrs","react_ccrs_mazeV1_04","graph_ccrs","react_ccrs_mazeV1_04_20260607_211522.java.log","4596","2026-06-07 21:24:37,355","","[JAVA-CCRS]","2026-06-07 21:24:37,355 [JAVA-CCRS] ccrs.core.contingency.strategies.internal.StopStrategy: [Stop] Applicable - exhaustion threshold met (2 strategies tried)"
"react-ccrs-mazeV1-04-latest","001-ccrs","react_ccrs_mazeV1_04","graph_ccrs","react_ccrs_mazeV1_04_20260607_211522.java.log","4597","2026-06-07 21:24:37,355","","[JAVA-CCRS]","2026-06-07 21:24:37,355 [JAVA-CCRS] ccrs.core.contingency.ContingencyCcrs: [ContingencyCcrs] Applicability stop L0 -> APPLICABLE"
"react-ccrs-mazeV1-04-latest","001-ccrs","react_ccrs_mazeV1_04","graph_ccrs","react_ccrs_mazeV1_04_20260607_211522.java.log","4598","2026-06-07 21:24:37,355","","[JAVA-CCRS]","2026-06-07 21:24:37,355 [JAVA-CCRS] ccrs.core.contingency.strategies.internal.StopStrategy: [Stop] Evaluating stop strategy - last resort activated"
"react-ccrs-mazeV1-04-latest","001-ccrs","react_ccrs_mazeV1_04","graph_ccrs","react_ccrs_mazeV1_04_20260607_211522.java.log","4599","2026-06-07 21:24:37,355","","[JAVA-CCRS]","2026-06-07 21:24:37,355 [JAVA-CCRS] ccrs.core.contingency.strategies.internal.StopStrategy: [Stop] Recommending graceful failure after 2 recovery strategies"
"react-ccrs-mazeV1-04-latest","001-ccrs","react_ccrs_mazeV1_04","graph_ccrs","react_ccrs_mazeV1_04_20260607_211522.java.log","4600","2026-06-07 21:24:37,355","","[JAVA-CCRS]","2026-06-07 21:24:37,355 [JAVA-CCRS] ccrs.core.contingency.strategies.internal.StopStrategy: [Stop] Returning suggestion: stop with reason 'exhausted' (confidence=1.00)"
"react-ccrs-mazeV1-04-latest","001-ccrs","react_ccrs_mazeV1_04","graph_ccrs","react_ccrs_mazeV1_04_20260607_211522.java.log","4601","2026-06-07 21:24:37,355","","[JAVA-CCRS]","2026-06-07 21:24:37,355 [JAVA-CCRS] ccrs.core.contingency.ContingencyCcrs: [ContingencyCcrs] stop produced suggestion with confidence 1.000"
"react-ccrs-mazeV1-04-latest","001-ccrs","react_ccrs_mazeV1_04","graph_ccrs","react_ccrs_mazeV1_04_20260607_211522.java.log","4602","2026-06-07 21:24:37,355","ccrs.contingency.strategy.evaluated","[CCRS-EVENT]","2026-06-07 21:24:37,355 [JAVA-CCRS] ccrs.core.contingency.ContingencyCcrs: [CCRS-EVENT] event=ccrs.contingency.strategy.evaluated agent_id=react_ccrs_mazeV1_04 strategy_id=stop result_type=suggestion confidence=1.0 action_type=stop action_target=null has_opportunistic_guidance=false no_help_reason=null rationale=""All 2 recovery strategies exhausted. Trigger: next_step_unclear Recommend graceful failure."" evaluation_time_ms=0"
